{"BatchObjs":[{"JsonData":{"ObjectTag":"BowlingPins","Prototype_GameObject":"Prototype_SpawnTrigger\u0000","RigidBody":{"ColliderType":5,"Density":10.0,"OriginTransform":[3.0,0.0,0.0,0.0,0.0,6.0,0.0,0.0,0.0,0.0,3.0,0.0,0.0,0.0,0.0,1.0],"ShapeType":0,"bKinematic":false,"bTrigger":true},"SpawnEnemies":[[{"EnemyStat":{"AtkDamage":50,"HasCrushGage":false,"Level":2,"MaxCrushGage":100,"MaxHP":600},"EnemyTag":"Monster_em400\u0000","WorldMatrix":[0.07742197066545486,7.614586650106503e-08,-0.9969807267189026,0.0,-6.936620611242006e-09,0.9999862313270569,7.583673777844524e-08,0.0,0.9969147443771362,1.0442398057364244e-09,0.07741684466600418,0.0,-86.64798736572266,0.07289598137140274,-38.17236328125,1.0]},{"EnemyStat":{"AtkDamage":50,"HasCrushGage":false,"Level":2,"MaxCrushGage":100,"MaxHP":600},"EnemyTag":"Monster_em400\u0000","WorldMatrix":[-0.0042489636689424515,7.732798401605123e-09,-0.9999731183052063,0.0,1.637067911786083e-11,0.9999862313270569,7.732830376028232e-09,0.0,0.9999070167541504,1.636952899619626e-11,-0.004248682875186205,0.0,-83.49046325683594,0.33685293793678284,-39.10707092285156,1.0]},{"EnemyStat":{"AtkDamage":50,"HasCrushGage":false,"Level":2,"MaxCrushGage":100,"MaxHP":600},"EnemyTag":"Monster_em400\u0000","WorldMatrix":[0.18070827424526215,0.0,-0.9835191965103149,0.0,0.0,0.9999862313270569,0.0,0.0,0.9834539294242859,0.0,0.1806962937116623,0.0,-88.33694458007813,0.29627615213394165,-36.9735107421875,1.0]},{"EnemyStat":{"AtkDamage":50,"HasCrushGage":false,"Level":2,"MaxCrushGage":100,"MaxHP":600},"EnemyTag":"Monster_em400\u0000","WorldMatrix":[-0.3888910412788391,-7.077529176058306e-07,-0.9212650060653687,0.0,-1.4326094799343991e-07,0.9999862313270569,-7.077554187162605e-07,0.0,0.9212040305137634,-1.4325097197342984e-07,-0.38886532187461853,0.0,-89.48686981201172,0.13986286520957947,-39.93943405151367,1.0]}]],"Transform":{"WorldMatrix":[1.0,0.0,0.0,0.0,0.0,1.0,0.0,0.0,0.0,0.0,1.0,0.0,-45.264122009277344,1.1399964094161987,-22.438018798828125,1.0]}},"Preset":{"JsonPath":"","Layer":"Layer_Trigger","ProtoTag":"Prototype_SpawnTrigger"},"WorldMatrix":[1.0,0.0,0.0,0.0,0.0,1.0,0.0,0.0,0.0,0.0,1.0,0.0,-45.264122009277344,1.1399964094161987,-22.438018798828125,1.0]}]}