{"BatchObjs":[{"JsonData":{"InvisibleWall":{"ObjectTag":"","Points":[[-145.0374755859375,-3.0975866317749023,35.819122314453125,1.0],[-132.7191619873047,-3.097569465637207,35.84370422363281,1.0],[-115.83670806884766,-8.660016059875488,30.369897842407227,1.0],[-95.12355041503906,-8.660025596618652,30.01186752319336,1.0],[-86.42291259765625,-8.660019874572754,38.02225112915039,1.0],[-86.79364013671875,-8.660017013549805,54.67400360107422,1.0],[-95.855712890625,-8.660011291503906,58.90727996826172,1.0],[-106.49736022949219,-8.699999809265137,56.0984001159668,1.0],[-108.92618560791016,-7.911749362945557,55.13526153564453,1.0],[-113.89326477050781,-7.911749839782715,55.295528411865234,1.0],[-117.76084899902344,-8.699999809265137,57.982418060302734,1.0],[-176.39561462402344,-8.660021781921387,61.021488189697266,1.0],[-183.87606811523438,-8.660000801086426,46.32914733886719,1.0],[-179.0026397705078,-8.660014152526855,30.25955581665039,1.0]],"Prototype_GameObject":"Prototype_InvisibleWall\u0000","SegmentSize":0.5,"Transform":{"WorldMatrix":[1.0,0.0,0.0,0.0,0.0,1.0,0.0,0.0,0.0,0.0,1.0,0.0,0.0,0.0,0.0,1.0]},"Visible":true},"ObjectTag":"Invisible","Prototype_GameObject":"Prototype_SpawnTrigger\u0000","RigidBody":{"ColliderType":5,"Density":10.0,"OriginTransform":[10.0,0.0,0.0,0.0,0.0,12.0,0.0,0.0,0.0,0.0,7.0,0.0,0.0,0.0,0.0,1.0],"ShapeType":0,"bKinematic":false,"bTrigger":true},"SpawnEnemies":[[{"EnemyStat":{"AtkDamage":50,"HasCrushGage":true,"Level":2,"MaxCrushGage":2500,"MaxHP":3000},"EnemyTag":"Monster_em700\u0000","WorldMatrix":[-0.5875378251075745,-2.470074605298578e-06,-0.809195339679718,0.0,9.341865734313615e-07,1.0,-3.730798198375851e-06,0.0,0.8091897964477539,-2.9479037948476616e-06,-0.5875337719917297,0.0,-157.82383728027344,-7.6600236892700195,47.204872131347656,1.0]},{"EnemyStat":{"AtkDamage":50,"HasCrushGage":true,"Level":2,"MaxCrushGage":2500,"MaxHP":3000},"EnemyTag":"Monster_em700\u0000","WorldMatrix":[-0.9562778472900391,-1.7403547190042445e-06,-0.2924564778804779,0.0,-1.2876762411906384e-06,1.0,-1.7403564243068104e-06,0.0,0.29245442152023315,-1.2876660093752434e-06,-0.9562711715698242,0.0,-133.69552612304688,-7.660123825073242,52.163021087646484,1.0]},{"EnemyStat":{"AtkDamage":50,"HasCrushGage":true,"Level":2,"MaxCrushGage":2500,"MaxHP":3000},"EnemyTag":"Monster_em700\u0000","WorldMatrix":[-0.7808593511581421,-1.4211061625246657e-06,0.6247046589851379,0.0,-2.9568436730187386e-06,1.0,-1.421108095200907e-06,0.0,-0.6247003078460693,-2.9568188892881153e-06,-0.7808539271354675,0.0,-127.81507110595703,-7.6601057052612305,47.944618225097656,1.0]}],[{"EnemyStat":{"AtkDamage":50,"HasCrushGage":true,"Level":2,"MaxCrushGage":990,"MaxHP":1100},"EnemyTag":"Monster_em210\u0000","WorldMatrix":[-0.1396792232990265,-2.5420581550861243e-07,0.9901963472366333,0.0,-3.62201058123901e-06,1.0,-2.5420592919545015e-07,0.0,-0.9901963472366333,-3.6220087622496067e-06,-0.1396792232990265,0.0,-127.49586486816406,-8.660062789916992,47.272159576416016,1.0]},{"EnemyStat":{"AtkDamage":50,"HasCrushGage":true,"Level":2,"MaxCrushGage":990,"MaxHP":1100},"EnemyTag":"Monster_em210\u0000","WorldMatrix":[-0.7814391255378723,1.4221611763787223e-06,-0.6239804029464722,0.0,6.843270057288464e-07,1.0,1.4221621995602618e-06,0.0,0.6239804029464722,6.843264941380767e-07,-0.7814391255378723,0.0,-152.4051513671875,-8.660138130187988,51.83021926879883,1.0]},{"EnemyStat":{"AtkDamage":50,"HasCrushGage":false,"Level":2,"MaxCrushGage":100,"MaxHP":3000},"EnemyTag":"Monster_em650\u0000","WorldMatrix":[0.6809235215187073,0.0,0.7323541641235352,0.0,0.0033209396060556173,0.9999897480010986,-0.0030877215322107077,0.0,-0.73233562707901,0.004534537438303232,0.6809062361717224,0.0,-121.45577239990234,-8.660128593444824,40.60015869140625,1.0]},{"EnemyStat":{"AtkDamage":50,"HasCrushGage":false,"Level":2,"MaxCrushGage":100,"MaxHP":3000},"EnemyTag":"Monster_em650\u0000","WorldMatrix":[-0.7374054193496704,1.3420230970950797e-06,0.6754491925239563,0.0,0.003065527183935046,0.9999881386756897,0.003344728844240308,0.0,-0.6754317879676819,0.004536965861916542,-0.7373864054679871,0.0,-125.21666717529297,-8.660101890563965,52.668209075927734,1.0]}]],"Transform":{"WorldMatrix":[1.0,0.0,0.0,0.0,0.0,1.0,0.0,0.0,0.0,0.0,1.0,0.0,-138.718505859375,-1.676438808441162,41.10299301147461,1.0]}},"Preset":{"JsonPath":"","Layer":"Layer_Trigger","ProtoTag":"Prototype_SpawnTrigger"},"WorldMatrix":[1.0,0.0,0.0,0.0,0.0,1.0,0.0,0.0,0.0,0.0,1.0,0.0,-138.718505859375,-1.676438808441162,41.10299301147461,1.0]}]}