{"BatchObjs":[{"JsonData":{"InvisibleWall":{"ObjectTag":"","Points":[],"Prototype_GameObject":"Prototype_InvisibleWall\u0000","SegmentSize":0.5,"Transform":{"WorldMatrix":[1.0,0.0,0.0,0.0,0.0,1.0,0.0,0.0,0.0,0.0,1.0,0.0,0.0,0.0,0.0,1.0]},"Visible":true},"ObjectTag":"FirstWave","Prototype_GameObject":"Prototype_SpawnTrigger\u0000","RigidBody":{"ColliderType":5,"Density":10.0,"OriginTransform":[4.0,0.0,0.0,0.0,0.0,10.0,0.0,0.0,0.0,0.0,5.0,0.0,0.0,0.0,0.0,1.0],"ShapeType":0,"bKinematic":false,"bTrigger":true},"SpawnEnemies":[[{"EnemyStat":{"AtkDamage":128,"HasCrushGage":false,"Level":16,"MaxCrushGage":788,"MaxHP":1127},"EnemyTag":"Monster_em400\u0000","WorldMatrix":[-0.688690185546875,-1.2533650988189038e-06,-0.7250311374664307,0.0,-5.040886208007578e-06,0.9999862313270569,3.059539267269429e-06,0.0,0.7249829173088074,5.761570264439797e-06,-0.6886443495750427,0.0,-89.48664093017578,0.2863011360168457,-38.741844177246094,1.0]},{"EnemyStat":{"AtkDamage":104,"HasCrushGage":false,"Level":13,"MaxCrushGage":644,"MaxHP":920},"EnemyTag":"Monster_em400\u0000","WorldMatrix":[-0.91317218542099,3.839077635348076e-06,-0.4075305461883545,0.0,7.763464964227751e-06,0.9999862313270569,-7.975736480148043e-06,0.0,0.4075039029121399,-1.0446531632624101e-05,-0.913112461566925,0.0,-93.16230010986328,0.3368239402770996,-39.05119705200195,1.0]},{"EnemyStat":{"AtkDamage":130,"HasCrushGage":false,"Level":13,"MaxCrushGage":644,"MaxHP":920},"EnemyTag":"Monster_em400\u0000","WorldMatrix":[0.7859184741973877,0.0,-0.618302047252655,0.0,0.0,0.9999862313270569,0.0,0.0,0.6182613372802734,0.0,0.7858667969703674,0.0,-90.65238952636719,0.13986220955848694,-36.51123046875,1.0]},{"EnemyStat":{"AtkDamage":176,"HasCrushGage":false,"Level":16,"MaxCrushGage":644,"MaxHP":920},"EnemyTag":"Monster_em400\u0000","WorldMatrix":[0.5932132005691528,0.0,-0.8050236105918884,0.0,0.0,0.9999862313270569,0.0,0.0,0.8049702644348145,0.0,0.5931739211082458,0.0,-95.47586059570313,0.33078086376190186,-37.57524490356445,1.0]}]],"Transform":{"WorldMatrix":[1.0,0.0,0.0,0.0,0.0,1.0,0.0,0.0,0.0,0.0,1.0,0.0,-45.49314498901367,1.246776819229126,-22.236621856689453,1.0]}},"Preset":{"JsonPath":"","Layer":"Layer_Trigger","ProtoTag":"Prototype_SpawnTrigger"},"WorldMatrix":[1.0,0.0,0.0,0.0,0.0,1.0,0.0,0.0,0.0,0.0,1.0,0.0,-45.49314498901367,1.246776819229126,-22.236621856689453,1.0]}]}