{"BatchObjs":[{"JsonData":{"InvisibleWall":{"ObjectTag":"","Points":[[-92.15505981445313,0.0729825496673584,-29.161684036254883,1.0],[-92.21160888671875,0.082893967628479,-39.65249252319336,1.0],[-91.48147583007813,0.13998591899871826,-58.20358657836914,1.0],[-133.0608367919922,0.13994324207305908,-59.59282684326172,1.0],[-162.24148559570313,0.13997697830200195,-60.067298889160156,1.0],[-174.0671844482422,0.14998674392700195,-23.04734230041504,1.0],[-174.1374969482422,0.13998663425445557,-6.38631534576416,1.0],[-174.20376586914063,0.139989972114563,13.582192420959473,1.0],[-144.237060546875,0.13990271091461182,13.719075202941895,1.0],[-129.51278686523438,0.1399000883102417,14.049844741821289,1.0],[-119.71282958984375,0.13996946811676025,28.417856216430664,1.0],[-92.26122283935547,0.13995110988616943,30.453598022460938,1.0],[-91.94979095458984,0.13986992835998535,8.967494010925293,1.0],[-91.86595153808594,0.13985657691955566,-3.873816967010498,1.0],[-87.48371124267578,0.13999032974243164,-11.537500381469727,1.0],[-88.93026733398438,0.139959454536438,-24.896930694580078,1.0],[-91.5999984741211,0.14908917248249054,-26.36864471435547,1.0]],"Prototype_GameObject":"Prototype_InvisibleWall\u0000","SegmentSize":0.5,"Transform":{"WorldMatrix":[1.0,0.0,0.0,0.0,0.0,1.0,0.0,0.0,0.0,0.0,1.0,0.0,0.0,0.0,0.0,1.0]},"Visible":true},"ObjectTag":"Invisible","Prototype_GameObject":"Prototype_SpawnTrigger\u0000","RigidBody":{"ColliderType":5,"Density":10.0,"OriginTransform":[5.0,0.0,0.0,0.0,0.0,10.0,0.0,0.0,0.0,0.0,16.0,0.0,0.0,0.0,0.0,1.0],"ShapeType":0,"bKinematic":false,"bTrigger":true},"SpawnEnemies":[[{"EnemyStat":{"AtkDamage":50,"HasCrushGage":false,"Level":2,"MaxCrushGage":400,"MaxHP":3000},"EnemyTag":"Monster_em200\u0000","WorldMatrix":[0.4275076985359192,2.2814592739450745e-05,-0.9040106534957886,0.0,-0.004097414668649435,0.9999728202819824,-0.0019124358659610152,0.0,0.9040018916130066,0.004521767143160105,0.42750367522239685,0.0,-118.50630950927734,0.1499956250190735,-23.65105438232422,1.0]},{"EnemyStat":{"AtkDamage":50,"HasCrushGage":false,"Level":2,"MaxCrushGage":400,"MaxHP":3000},"EnemyTag":"Monster_em200\u0000","WorldMatrix":[-0.983676552772522,2.4304787075379863e-05,-0.17993544042110443,0.0,-0.00079101457959041,0.9999858736991882,0.004459416028112173,0.0,0.17993390560150146,0.0045289769768714905,-0.9836674928665161,0.0,-110.41679382324219,0.1399969905614853,-11.481668472290039,1.0]},{"EnemyStat":{"AtkDamage":50,"HasCrushGage":false,"Level":2,"MaxCrushGage":100,"MaxHP":10000},"EnemyTag":"Monster_em400\u0000","WorldMatrix":[-0.9954912662506104,-1.8117202671419363e-06,-0.09467285126447678,0.0,-1.4218842352420324e-06,0.9999862313270569,-4.185170382697834e-06,0.0,0.09466654807329178,-4.031473508803174e-06,-0.9954249858856201,0.0,-99.83406829833984,0.14999866485595703,-13.577316284179688,1.0]},{"EnemyStat":{"AtkDamage":50,"HasCrushGage":false,"Level":2,"MaxCrushGage":100,"MaxHP":10000},"EnemyTag":"Monster_em400\u0000","WorldMatrix":[0.06069638580083847,-2.673041763046058e-06,-0.9981380105018616,0.0,5.1640868150570896e-06,0.9999861717224121,-2.3639649953111075e-06,0.0,0.9980720281600952,-5.010725999454735e-06,0.06069237366318703,0.0,-107.64157104492188,0.14999745786190033,-22.967857360839844,1.0]},{"EnemyStat":{"AtkDamage":50,"HasCrushGage":false,"Level":2,"MaxCrushGage":100,"MaxHP":3000},"EnemyTag":"Monster_em650\u0000","WorldMatrix":[0.31991228461265564,2.359401150897611e-06,-0.9474437236785889,0.0,-0.004296209197491407,0.999974250793457,-0.0014481605030596256,0.0,0.947419285774231,0.004533700179308653,0.31990402936935425,0.0,-118.46656799316406,0.13999566435813904,-10.125144958496094,1.0]}],[{"EnemyStat":{"AtkDamage":50,"HasCrushGage":true,"Level":2,"MaxCrushGage":2500,"MaxHP":3000},"EnemyTag":"Monster_em700\u0000","WorldMatrix":[-0.4317494034767151,-2.741556272667367e-06,-0.9019922018051147,0.0,1.5281898413377348e-06,1.0,-3.770931925828336e-06,0.0,0.901985764503479,-3.0064913971727947e-06,-0.43174630403518677,0.0,-119.29767608642578,1.4677796363830566,-24.411758422851563,1.0]},{"EnemyStat":{"AtkDamage":50,"HasCrushGage":true,"Level":2,"MaxCrushGage":2500,"MaxHP":3000},"EnemyTag":"Monster_em700\u0000","WorldMatrix":[-0.5086251497268677,-2.1383166313171387e-06,0.8609862923622131,0.0,-5.7710449254955165e-06,1.0,-9.256614816877118e-07,0.0,-0.8609802722930908,-5.439567303255899e-06,-0.5086215734481812,0.0,-97.70100402832031,1.1499991416931152,-15.951026916503906,1.0]},{"EnemyStat":{"AtkDamage":50,"HasCrushGage":true,"Level":2,"MaxCrushGage":2500,"MaxHP":3000},"EnemyTag":"Monster_em700\u0000","WorldMatrix":[-0.9562778472900391,-1.7403547190042445e-06,-0.2924564778804779,0.0,-1.2876762411906384e-06,1.0,-1.7403564243068104e-06,0.0,0.29245442152023315,-1.2876660093752434e-06,-0.9562711715698242,0.0,-111.1644058227539,1.139960765838623,-4.535082817077637,1.0]},{"EnemyStat":{"AtkDamage":50,"HasCrushGage":true,"Level":2,"MaxCrushGage":2500,"MaxHP":3000},"EnemyTag":"Monster_em700\u0000","WorldMatrix":[0.7264376878738403,-2.1636742530972697e-06,-0.6872298717498779,0.0,2.634821385072428e-06,1.0,-3.6325621977084666e-07,0.0,0.6872252225875854,-1.5468345964109176e-06,0.7264328002929688,0.0,-111.06934356689453,1.1399030685424805,-32.93567657470703,1.0]}],[{"EnemyStat":{"AtkDamage":50,"HasCrushGage":true,"Level":2,"MaxCrushGage":990,"MaxHP":1100},"EnemyTag":"Monster_em210\u0000","WorldMatrix":[-0.5710697174072266,1.0393044931333861e-06,-0.8209013342857361,0.0,3.259460754634347e-07,1.0,1.0393047205070616e-06,0.0,0.8209013342857361,3.259460186200158e-07,-0.5710697174072266,0.0,-115.37684631347656,0.13994616270065308,-26.94948959350586,1.0]},{"EnemyStat":{"AtkDamage":50,"HasCrushGage":true,"Level":2,"MaxCrushGage":990,"MaxHP":1100},"EnemyTag":"Monster_em210\u0000","WorldMatrix":[0.5574209690093994,7.295822115338524e-07,0.8302292227745056,0.0,-4.2707387137852493e-07,1.0,-5.920319949836994e-07,0.0,-0.8302292227745056,-2.4558159950061054e-08,0.5574209690093994,0.0,-104.43191528320313,0.14999783039093018,-15.311936378479004,1.0]},{"EnemyStat":{"AtkDamage":50,"HasCrushGage":true,"Level":2,"MaxCrushGage":990,"MaxHP":1100},"EnemyTag":"Monster_em210\u0000","WorldMatrix":[-0.7709604501724243,-1.4030907777851098e-06,-0.6368818879127502,0.0,-6.608471494473633e-07,1.0,-1.4030918009666493e-06,0.0,0.6368818879127502,-6.608466947000124e-07,-0.7709604501724243,0.0,-121.78912353515625,0.13996967673301697,-4.773093223571777,1.0]}],[{"EnemyStat":{"AtkDamage":50,"HasCrushGage":true,"Level":2,"MaxCrushGage":38500,"MaxHP":55000},"EnemyTag":"Monster_em800\u0000","WorldMatrix":[-0.4290948808193207,-1.8039627320831642e-06,-0.9032570123672485,0.0,-4.067101144755725e-07,1.0,-1.8039667111224844e-06,0.0,0.9032570123672485,-4.067092049808707e-07,-0.4290948808193207,0.0,-139.33444213867188,0.1499922126531601,-15.19402027130127,1.0]}]],"Transform":{"WorldMatrix":[1.0,0.0,0.0,0.0,0.0,1.0,0.0,0.0,0.0,0.0,1.0,0.0,-96.11177062988281,1.1399277448654175,-34.33887481689453,1.0]}},"Preset":{"JsonPath":"","Layer":"Layer_Trigger","ProtoTag":"Prototype_SpawnTrigger"},"WorldMatrix":[1.0,0.0,0.0,0.0,0.0,1.0,0.0,0.0,0.0,0.0,1.0,0.0,-96.11177062988281,1.1399277448654175,-34.33887481689453,1.0]}]}