{
    "ControlledRigidBody": {
        "ColliderType": 1,
        "contactOffset": 0.10000000149011612,
        "density": 50.0,
        "height": 0.10000000149011612,
        "maxJumpHeight": 3.0,
        "pushPower": 300.0,
        "radius": 2.5,
        "slopeLimitDegree": 45.0,
        "stepOffset": 0.10000000149011612
    },
    "ObjectTag": "",
    "Prototype_GameObject": "Prototype_MonsterBoss1\u0000",
    "Transform": {
        "WorldMatrix": [
            0.45134058594703674,
            0.0,
            -0.8923341035842896,
            0.0,
            0.0019339792197570205,
            0.9999911189079285,
            0.0009782023262232542,
            0.0,
            0.8923231363296509,
            -0.002167250495404005,
            0.45133501291275024,
            0.0,
            -3.988838195800781,
            -0.4371374249458313,
            -5.241304874420166,
            1.0
        ]
    }
}