{
    "RigidBody": {
        "ColliderType": 8,
        "Density": 10.0,
        "OriginTransform": [
            3.200000047683716,
            0.0,
            0.0,
            0.0,
            0.0,
            3.200000047683716,
            0.0,
            0.0,
            0.0,
            0.0,
            3.200000047683716,
            0.0,
            0.0,
            0.0,
            0.0,
            1.0
        ],
        "ShapeType": 1,
        "bKinematic": true,
        "bTrigger": false
    }
}