{
    "ControlledRigidBody": {
        "ColliderType": 1,
        "contactOffset": 0.10000000149011612,
        "density": 50.0,
        "height": 0.20000000298023224,
        "maxJumpHeight": 3.0,
        "pushPower": 300.0,
        "radius": 3.0,
        "slopeLimitDegree": 10.0,
        "stepOffset": 0.10000000149011612
    },
    "ObjectTag": "",
    "Prototype_GameObject": "Prototype_MonsterBoss1\u0000",
    "RigidBody": {
        "ColliderType": 8,
        "Density": 10.0,
        "OriginTransform": [
            3.0,
            0.0,
            0.0,
            0.0,
            0.0,
            3.0,
            0.0,
            0.0,
            0.0,
            0.0,
            1.0,
            0.0,
            0.0,
            0.0,
            0.0,
            1.0
        ],
        "ShapeType": 1,
        "bKinematic": true,
        "bTrigger": false
    },
    "Transform": {
        "WorldMatrix": [
            -0.05223511904478073,
            -8.298396210193459e-07,
            0.998634397983551,
            0.0,
            -2.6407124096294865e-06,
            1.0,
            6.928478342160815e-07,
            0.0,
            -0.998634397983551,
            -2.600915422590333e-06,
            -0.05223511904478073,
            0.0,
            2.9797234535217285,
            45.0880012512207,
            -55.64004898071289,
            1.0
        ]
    }
}