{"RigidBody":{"ColliderType":9,"Density":10.0,"OriginTransform":[-1.9670125084303436e-07,4.5,0.0,0.0,-6.0,-2.6226831550957286e-07,0.0,0.0,0.0,0.0,0.9997881650924683,0.0,0.0,6.775053977966309,0.0,1.0],"ShapeType":2,"bKinematic":true,"bTrigger":false}}