{"BilboardType":0,"BufferType":0,"BurstCnt":3,"ConeDirDegree":15.0,"ConeOriginRadius":0.20000000298023224,"Duration":10.0,"FromOrigin":false,"GravityPowerMinMax":[-0.5,0.5],"IncreaseMaxSize":1.0,"Life":0.5,"LifeMinMax":[1.0,1.2999999523162842],"LifeRand":false,"Loop":true,"MeshBufferProtoTag":"","MeshSize":[1.0,1.0,1.0],"ModelProtoTag":"","ObjectTag":"","Prototype_GameObject":"ProtoVFX_ParticleSystem\u0000","RandDirMax":[1.0,1.0,1.0],"RandDirMin":[0.0,0.0,0.0],"RotationToTimeMax":[0.0,0.0,0.0],"RotationToTimeMin":[0.0,0.0,0.0],"ScaleVariation":[1.0,1.0,1.0],"ShaderParams":{"Float2s":[],"Float4s":[[0.13826331496238708,0.08334308117628098,0.24732232093811035,0.0]],"Float4x4s":[],"Floats":[5.0],"Ints":[],"Pass":11,"Textures":["..\\Bin\\Resources\\Texture\\VFX\\T_White_01.png\u0000","..\\Bin\\Resources\\Texture\\VFX\\Cir_001.dds\u0000"]},"ShaderProtoTag":"Prototype_Component_Shader_VtxPointInstance_Particle","Shape":0,"SpawnTickTime":0.10000000149011612,"Speed":0.10000000149011612,"SpeedMinMax":[1.0,2.0],"SpeedRand":false,"SphereDetail":false,"SphereRadius":0.30000001192092896,"Transform":{"WorldMatrix":[0.9986204504966736,1.8164101902584662e-06,0.0,0.0,7.950735745774692e-14,-4.3711313679750674e-08,-0.9999983310699463,0.0,-1.8189194861406577e-06,1.0,-4.371138828673793e-08,0.0,0.0,0.0,0.0,1.0]},"UseMeshData":false,"bGravity":true,"bLocal":false,"bMeshCurve":false,"bNonAlpha":false,"bPhysX":false,"bRotate":false,"bSizeDecreaseByLife":false,"bSizeIncreaseByLife":false,"pSize":[0.10000000149011612,0.10000000149011612]}