{
    "RigidBody": {
        "ColliderType": 9,
        "Density": 10.0,
        "OriginTransform": [
            1.7999999523162842,
            0.0,
            0.0,
            0.0,
            0.0,
            8.0,
            0.0,
            0.0,
            0.0,
            0.0,
            3.0,
            0.0,
            0.0,
            4.0251336097717285,
            0.0,
            1.0
        ],
        "ShapeType": 0,
        "bKinematic": true,
        "bTrigger": false
    }
}