{"RigidBody":{"ColliderType":8,"Density":10.0,"OriginTransform":[2.0,0.0,0.0,0.0,0.0,2.0,0.0,0.0,0.0,0.0,2.0,0.0,-0.051561176776885986,0.05633735656738281,-0.09977990388870239,1.0],"ShapeType":1,"bKinematic":true,"bTrigger":false}}