{"FOV":30.100000381469727,"Far":1000.0,"Height":720.0,"Near":0.009999999776482582,"ObjectTag":"ch1000_cam","Prototype_GameObject":"Prototype_GameObject_Camera_Dynamic\u0000","Transform":{"WorldMatrix":[-0.9624745845794678,-1.1059455573558807e-09,0.27129825949668884,0.0,0.0029912369791418314,0.9999268054962158,0.010613733902573586,0.0,-0.2712784707546234,0.011026492342352867,-0.9624039530754089,0.0,0.19364573061466217,0.002366012195125222,0.7194177508354187,1.0]},"UseViewPortSize":true,"Width":1280.0}