{"FOV":10.0,"Far":1000.0,"Height":793.0,"Near":0.009999999776482582,"ObjectTag":"","Prototype_GameObject":"Prototype_GameObject_Camera_Dynamic\u0000","Transform":{"WorldMatrix":[-0.9995675086975098,-1.8191387880506227e-06,0.0,0.0,-1.8196137716586236e-06,0.9998285174369812,1.8196137716586236e-06,0.0,-3.3115621789897576e-12,1.8196137716586236e-06,-0.9998285174369812,0.0,-5.379629146773368e-05,0.019993487745523453,0.75,1.0]},"UseViewPortSize":true,"Width":1536.0}