{"FOV":31.0,"Far":1000.0,"Height":720.0,"Near":0.009999999776482582,"ObjectTag":"ch300_cam","Prototype_GameObject":"Prototype_GameObject_Camera_Dynamic\u0000","Transform":{"WorldMatrix":[-0.9993346929550171,-1.0850271792151034e-09,0.03596221283078194,0.0,-5.908668026677333e-05,0.9999862909317017,-0.0016279397532343864,0.0,-0.03596232086420059,-0.001629478414542973,-0.999320387840271,0.0,-0.017826223745942116,0.0024196666199713945,0.8147187232971191,1.0]},"UseViewPortSize":true,"Width":1280.0}