{"FOV":60.0,"Far":1000.0,"Height":720.0,"Near":0.009999999776482582,"ObjectTag":"","Prototype_GameObject":"Prototype_GameObject_Camera_Dynamic\u0000","Transform":{"WorldMatrix":[-0.9395197033882141,-1.1059455573558807e-09,0.34243953227996826,0.0,0.002939034951850772,0.999950647354126,0.008065026253461838,0.0,-0.34242314100265503,0.0085831917822361,-0.9394729137420654,0.0,4.0438841097056866e-05,0.0031736521050333977,0.6716448068618774,1.0]},"UseViewPortSize":true,"Width":1280.0}