{"FOV":30.799999237060547,"Far":1000.0,"Height":720.0,"Near":0.009999999776482582,"ObjectTag":"ch400_cam","Prototype_GameObject":"Prototype_GameObject_Camera_Dynamic\u0000","Transform":{"WorldMatrix":[-0.993638813495636,-1.0477378964424133e-09,-0.11243993788957596,0.0,0.0014347820542752743,0.9999077320098877,-0.012683688662946224,0.0,0.11242888122797012,-0.012764732353389263,-0.9935452938079834,0.0,-0.005266770254820585,0.0053205955773591995,0.7767139673233032,1.0]},"UseViewPortSize":true,"Width":1280.0}