{"FOV":42.400001525878906,"Far":1000.0,"Height":720.0,"Near":0.0010000000474974513,"ObjectTag":"","Prototype_GameObject":"Prototype_GameObject_Camera_Dynamic\u0000","Transform":{"WorldMatrix":[-0.9964322447776794,-8.003553375601768e-10,0.08413911610841751,0.0,0.00026115437503904104,0.9999822378158569,0.003098635235801339,0.0,-0.08413775265216827,0.0031089363619685173,-0.9964130520820618,0.0,0.0017517019296064973,0.009127450175583363,0.6875610947608948,1.0]},"UseViewPortSize":true,"Width":1280.0}