{"FOV":31.5,"Far":1000.0,"Height":720.0,"Near":0.0010000000474974513,"ObjectTag":"ch500_cam","Prototype_GameObject":"Prototype_GameObject_Camera_Dynamic\u0000","Transform":{"WorldMatrix":[-0.999886155128479,-7.876224117353559e-10,0.013592759147286415,0.0,2.601576625238522e-06,0.9999865889549255,0.00022769294446334243,0.0,-0.013592804782092571,0.00022708953474648297,-0.9998712539672852,0.0,-0.012905830517411232,0.008801816962659359,0.7571262121200562,1.0]},"UseViewPortSize":true,"Width":1280.0}