{"FOV":29.299999237060547,"Far":1000.0,"Height":720.0,"Near":0.009999999776482582,"ObjectTag":"ch600_cam","Prototype_GameObject":"Prototype_GameObject_Camera_Dynamic\u0000","Transform":{"WorldMatrix":[-0.9991310834884644,-1.1059455573558807e-09,0.04121512919664383,0.0,-0.0005031403270550072,0.9999125003814697,-0.012185326777398586,0.0,-0.04121198505163193,-0.012196008116006851,-0.9990426301956177,0.0,0.023667864501476288,0.005021161399781704,0.7003265619277954,1.0]},"UseViewPortSize":true,"Width":1280.0}