{"FOV":30.399999618530273,"Far":1000.0,"Height":720.0,"Near":0.009999999776482582,"ObjectTag":"ch800_cam","Prototype_GameObject":"Prototype_GameObject_Camera_Dynamic\u0000","Transform":{"WorldMatrix":[-0.9995779395103455,-9.949872037395835e-10,0.02834821306169033,0.0,-0.00021955935517325997,0.9999577403068542,-0.007724161259829998,0.0,-0.0283475574105978,-0.007727609481662512,-0.9995347857475281,0.0,0.02960544265806675,-0.0005096446257084608,0.7327275276184082,1.0]},"UseViewPortSize":true,"Width":1280.0}