{"FOV":60.0,"Far":1000.0,"Height":720.0,"Near":0.10000000149011612,"ObjectTag":"","Prototype_GameObject":"Prototype_GameObject_Camera_Dynamic\u0000","Transform":{"WorldMatrix":[-0.9601945877075195,-1.7384008970111609e-06,-0.27932384610176086,0.0,-0.021909933537244797,0.9969184994697571,0.075310617685318,0.0,0.2784630060195923,0.07843286544084549,-0.9572348594665527,0.0,0.5096941590309143,1.177753210067749,4.283894062042236,1.0]},"UseViewPortSize":true,"Width":1280.0}