{"ControlledRigidBody":{"ColliderType":1,"contactOffset":0.10000000149011612,"density":10.0,"height":1.0,"maxJumpHeight":3.0,"pushPower":100.0,"radius":1.0,"slopeLimitDegree":45.0,"stepOffset":0.10000000149011612},"ObjectTag":"Buddy_Lumi","Prototype_GameObject":"BuddyLumi\u0000","RigidBody":{"ColliderType":5,"Density":10.0,"OriginTransform":[0.46928223967552185,0.05762061849236488,0.3693968653678894,0.0,-0.07921507209539413,0.6451549530029297,0.0,0.0,-0.3055361807346344,-0.03751512989401817,0.3940053880214691,0.0,0.0,0.0,0.0,1.0],"ShapeType":2,"bKinematic":false,"bTrigger":true},"Transform":{"WorldMatrix":[0.5467073917388916,-0.0,0.8373034000396729,0.0,0.0,0.9999862313270569,0.0,0.0,-0.8372477889060974,0.0,0.5466710925102234,0.0,1.2045501470565796,-0.1956890970468521,114.67727661132813,1.0]}}