{
    "ControlledRigidBody": {
        "ColliderType": 1,
        "contactOffset": 0.10000000149011612,
        "density": 10.0,
        "height": 1.0,
        "maxJumpHeight": 3.0,
        "pushPower": 100.0,
        "radius": 0.8500000238418579,
        "slopeLimitDegree": 45.0,
        "stepOffset": 0.10000000149011612
    },
    "ObjectTag": "Buddy_Lumi",
    "Prototype_GameObject": "BuddyLumi\u0000",
    "RigidBody": {
        "ColliderType": 5,
        "Density": 10.0,
        "OriginTransform": [
            0.46928223967552185,
            0.05762061849236488,
            0.3693968653678894,
            0.0,
            -0.07921507209539413,
            0.6451549530029297,
            0.0,
            0.0,
            -0.3055361807346344,
            -0.03751512989401817,
            0.3940053880214691,
            0.0,
            0.0,
            0.0,
            0.0,
            1.0
        ],
        "ShapeType": 2,
        "bKinematic": false,
        "bTrigger": true
    },
    "Transform": {
        "WorldMatrix": [
            0.2979781925678253,
            0.0,
            -0.9545679688453674,
            0.0,
            -0.0012744703562930226,
            0.9999991059303284,
            -0.00039783900137990713,
            0.0,
            0.9545268416404724,
            0.0013350596418604255,
            0.2979653477668762,
            0.0,
            -0.13540959358215332,
            0.07049279659986496,
            0.3275918960571289,
            1.0
        ]
    }
}