{"RigidBody":{"ColliderType":9,"Density":10.0,"OriginTransform":[-7.430936221908269e-08,1.7000000476837158,0.0,0.0,-5.0,-2.18556948539117e-07,0.0,0.0,0.0,0.0,0.9998033046722412,0.0,0.0,5.386097431182861,0.0,1.0],"ShapeType":2,"bKinematic":true,"bTrigger":false}}