{"BilboardType":2,"BufferType":1,"BurstCnt":2,"ConeDirDegree":1.0,"ConeOriginRadius":0.10000000149011612,"Duration":3.0,"EndTime":0.0,"FinishFunc":1,"FromOrigin":true,"GravityPowerMinMax":[1.0,2.0],"IncreaseMaxSize":1.0,"Life":5.5,"LifeMinMax":[1.0,2.0],"LifeRand":true,"Loop":true,"MeshBufferProtoTag":"Prototype_Component_Rock_E_Mesh_Instance","MeshSize":[0.02500000037252903,0.02500000037252903,0.02500000037252903],"ModelCurveProtoTag":"","ModelProtoTag":"","ObjectTag":"","Prototype_GameObject":"ProtoVFX_ParticleSystem\u0000","RandDirMax":[1.0,1.0,1.0],"RandDirMin":[0.0,0.0,0.0],"RotationToTimeMax":[45.0,45.0,45.0],"RotationToTimeMin":[0.0,0.0,0.0],"ScaleVariation":[0.0010000000474974513,0.0010000000474974513,0.0010000000474974513],"ShaderParams":{"Float2s":[],"Float4s":[[0.3375076651573181,0.3375002145767212,0.33747389912605286,1.0]],"Float4x4s":[],"Floats":[0.0,0.42100000381469727,0.3700000047683716,1.0,1.0],"Ints":[],"Pass":5,"Textures":["..\\Bin\\Resources\\Texture\\VFX\\T_en_RockE_AO.png\u0000","..\\Bin\\Resources\\Texture\\VFX\\T_en_RockE_NML.png\u0000"]},"ShaderProtoTag":"Prototype_Component_Shader_VtxMesh_Instance","Shape":1,"SpawnTickTime":0.5,"Speed":1.0,"SpeedMinMax":[3.0,10.0],"SpeedRand":true,"SphereDetail":false,"SphereRadius":4.0,"Transform":{"WorldMatrix":[-0.5678390264511108,-2.345643770240713e-05,-0.8230191469192505,0.0,-1.6980375221464783e-05,-0.9999958872795105,4.0212267776951194e-05,0.0,-0.823019802570343,3.68141736544203e-05,0.567839503288269,0.0,0.0,0.0,0.0,1.0]},"TurnAngle":30.0,"TurnAxis":[0.0,1.0,0.0],"UseMeshData":false,"VtxRangeRatioValue":0.0,"VtxRangeTimelineCurve":"","VtxStartRatioValue":0.0,"VtxStartTimelineCurve":"","XDirCurveName":"","YDirCurveName":"","ZDirCurveName":"","bCurveDir":false,"bGravity":true,"bLocal":false,"bMeshCurve":false,"bNonAlpha":true,"bPhysX":true,"bRotate":true,"bSizeDecreaseByLife":false,"bSizeIncreaseByLife":false,"bTurn":true,"bUseMainCurve":false,"pSize":[0.10000000149011612,0.10000000149011612]}