{"BilboardType":2,"BufferType":1,"BurstCnt":6,"ConeDirDegree":10.0,"ConeOriginRadius":0.10000000149011612,"Duration":0.30000001192092896,"EndTime":0.0,"FinishFunc":1,"FromOrigin":false,"GravityPowerMinMax":[2.0,3.5],"IncreaseMaxSize":1.0,"Life":5.5,"LifeMinMax":[1.0,2.0],"LifeRand":true,"Loop":false,"MeshBufferProtoTag":"Prototype_Component_TelephonePole_006_Mesh_Instance","MeshSize":[0.5,0.5,0.5],"ModelCurveProtoTag":"","ModelProtoTag":"","ObjectTag":"","Prototype_GameObject":"ProtoVFX_ParticleSystem\u0000","RandDirMax":[1.0,1.0,1.0],"RandDirMin":[0.0,0.0,0.0],"RotationToTimeMax":[70.0,70.0,70.0],"RotationToTimeMin":[10.0,10.0,10.0],"ScaleVariation":[0.10000000149011612,0.10000000149011612,0.10000000149011612],"ShaderParams":{"Float2s":[],"Float4s":[[0.3375076651573181,0.3375002145767212,0.33747389912605286,1.0]],"Float4x4s":[],"Floats":[0.0,0.42100000381469727,0.3700000047683716,1.0,1.0],"Ints":[],"Pass":5,"Textures":["..\\Bin\\Resources\\Texture\\VFX\\T_pr_TelephonePole_ALB.png\u0000","..\\Bin\\Resources\\Texture\\VFX\\T_pr_TelephonePole_NML.png\u0000","..\\Bin\\Resources\\Texture\\VFX\\T_pr_TelephonePole_RMA.png\u0000"]},"ShaderProtoTag":"Prototype_Component_Shader_VtxMesh_Instance","Shape":0,"SpawnTickTime":0.30000001192092896,"Speed":1.0,"SpeedMinMax":[3.0,5.0],"SpeedRand":true,"SphereDetail":false,"SphereRadius":0.30000001192092896,"Transform":{"WorldMatrix":[0.9782845973968506,-0.18878288567066193,-0.08554685860872269,0.0,0.18772488832473755,0.981992244720459,-0.020395789295434952,0.0,0.0878605768084526,0.003856731578707695,0.9961053729057312,0.0,0.0,0.0,0.0,1.0]},"TurnAngle":60.0,"TurnAxis":[0.0,1.0,1.0],"UseMeshData":false,"VtxRangeRatioValue":0.0,"VtxRangeTimelineCurve":"","VtxStartRatioValue":0.0,"VtxStartTimelineCurve":"","XDirCurveName":"","YDirCurveName":"","ZDirCurveName":"","bCurveDir":false,"bGravity":true,"bLocal":false,"bMeshCurve":false,"bNonAlpha":true,"bPhysX":true,"bRotate":true,"bSizeDecreaseByLife":false,"bSizeIncreaseByLife":false,"bTurn":false,"bUseMainCurve":false,"pSize":[0.10000000149011612,0.10000000149011612]}