{"KineticType":0,"LocalMatrix":[1.0,0.0,0.0,0.0,0.0,1.0,0.0,0.0,0.0,0.0,1.0,0.0,-0.19129526615142822,-0.6014631986618042,0.34591716527938843,1.0],"ModelTags":["../Bin/Resources/Model/StaticModel/MapStaicModels/Kinetic/Barrel/Barrel_01.static_model\u0000"],"ObjectTag":"","Prototype_GameObject":"Prototype_GameObject_MapKinetic_Object\u0000","RigidBody":{"ColliderType":4,"Density":10.0,"OriginTransform":[0.8423101305961609,0.0,0.0,0.0,0.0,1.1968817710876465,0.0,0.0,0.0,0.0,0.8280721306800842,0.0,0.0,0.0,0.0,1.0],"ShapeType":0,"bKinematic":false,"bTrigger":false},"Transform":{"WorldMatrix":[0.999999463558197,-1.411438461218495e-05,-0.0010591717436909676,0.0,9.313049304182641e-06,0.9999897480010986,-0.004532972816377878,0.0,0.0010592248290777206,0.004532960709184408,0.9999892115592957,0.0,0.00149730802513659,0.6674329042434692,-0.008053106255829334,1.0]}}