{
    "KineticType": 0,
    "LocalMatrix": [
        1.0,
        0.0,
        0.0,
        0.0,
        0.0,
        1.0,
        0.0,
        0.0,
        0.0,
        0.0,
        1.0,
        0.0,
        -0.4017822742462158,
        -0.4720187783241272,
        1.4412341117858887,
        1.0
    ],
    "ModelTags": [
        "../Bin/Resources/Model/StaticModel/MapStaicModels/Kinetic/Bench/Bench.static_model\u0000"
    ],
    "ObjectTag": "",
    "Prototype_GameObject": "Prototype_GameObject_MapKinetic_Object\u0000",
    "RigidBody": {
        "ColliderType": 4,
        "Density": 10.0,
        "OriginTransform": [
            0.7537320256233215,
            0.0,
            0.0,
            0.0,
            0.0,
            0.9081259369850159,
            0.0,
            0.0,
            0.0,
            0.0,
            2.9661147594451904,
            0.0,
            0.0,
            0.0,
            0.0,
            1.0
        ],
        "ShapeType": 0,
        "bKinematic": false,
        "bTrigger": false
    },
    "Transform": {
        "WorldMatrix": [
            0.9999379515647888,
            -0.0003220438666176051,
            0.011138088069856167,
            0.0,
            0.0004609588359016925,
            0.9999221563339233,
            -0.012471750378608704,
            0.0,
            -0.011133204214274883,
            0.012476110830903053,
            0.9998602271080017,
            0.0,
            -0.04076143726706505,
            0.5348690748214722,
            -0.01947874203324318,
            1.0
        ]
    }
}