{"KineticType":0,"LocalMatrix":[1.0,0.0,0.0,0.0,0.0,1.0,0.0,0.0,0.0,0.0,1.0,0.0,0.0,-0.2723352909088135,0.0,1.0],"ModelTags":["../Bin/Resources/Model/StaticModel/MapStaicModels/Kinetic/Box/cartonBox1.static_model\u0000"],"ObjectTag":"","Prototype_GameObject":"Prototype_GameObject_MapKinetic_Object\u0000","RigidBody":{"ColliderType":4,"Density":10.0,"OriginTransform":[0.858012318611145,0.0,0.0,0.0,0.0,0.567737340927124,0.0,0.0,0.0,0.0,0.9276463985443115,0.0,0.0,0.0,0.0,1.0],"ShapeType":0,"bKinematic":false,"bTrigger":false},"Transform":{"WorldMatrix":[0.9999998211860657,-7.576624284411082e-06,-0.0005491459160111845,0.0,5.0994772209378425e-06,0.9999898076057434,-0.0045107705518603325,0.0,0.0005491745541803539,0.004510766826570034,0.9999896287918091,0.0,0.00028598468634299934,0.35286498069763184,-0.004819817841053009,1.0]}}