{"KineticType":0,"LocalMatrix":[1.0,0.0,0.0,0.0,0.0,1.0,0.0,0.0,0.0,0.0,1.0,0.0,0.0,0.0,0.0,1.0],"ModelTags":["../Bin/Resources/Model/StaticModel/MapStaicModels/Kinetic/CoilWire/coilWire.static_model\u0000"],"ObjectTag":"","Prototype_GameObject":"Prototype_GameObject_MapKinetic_Object\u0000","RigidBody":{"ColliderType":4,"Density":10.0,"OriginTransform":[2.1321756839752197,0.0,0.0,0.0,0.0,2.0596725940704346,0.0,0.0,0.0,0.0,1.3982564210891724,0.0,0.0,0.0,0.0,1.0],"ShapeType":0,"bKinematic":false,"bTrigger":false},"Transform":{"WorldMatrix":[0.9999939799308777,-1.7112492059823126e-05,-0.003464579815044999,0.0,1.5224686649162322e-06,0.9999898672103882,-0.004499784205108881,0.0,0.003464621724560857,0.0044997516088187695,0.9999838471412659,0.0,0.001077053602784872,1.0988352298736572,-0.004527581389993429,1.0]}}