{"KineticType":0,"LocalMatrix":[1.0,0.0,0.0,0.0,0.0,1.0,0.0,0.0,0.0,0.0,1.0,0.0,0.0,-0.7847733497619629,0.0,1.0],"ModelTags":["../Bin/Resources/Model/StaticModel/MapStaicModels/Kinetic/FinalObj/Crate_Storage_B_3x6.static_model\u0000"],"ObjectTag":"","Prototype_GameObject":"Prototype_GameObject_MapKinetic_Object\u0000","RigidBody":{"ColliderType":4,"Density":10.0,"OriginTransform":[3.156050682067871,0.0,0.0,0.0,0.0,1.6061302423477173,0.0,0.0,0.0,0.0,1.661318063735962,0.0,0.0,0.0,0.0,1.0],"ShapeType":0,"bKinematic":false,"bTrigger":false},"Transform":{"WorldMatrix":[0.9999270439147949,0.012060567736625671,-0.0006571373669430614,0.0,-0.012063508853316307,0.9999163150787354,-0.004672341514378786,0.0,0.0006007312331348658,0.004679928068071604,0.9999889135360718,0.0,0.04231012240052223,0.8911624550819397,-0.012475385330617428,1.0]}}