{"KineticType":0,"LocalMatrix":[1.0,0.0,0.0,0.0,0.0,1.0,0.0,0.0,0.0,0.0,1.0,0.0,0.0,-0.7486093044281006,0.0,1.0],"ModelTags":["../Bin/Resources/Model/StaticModel/MapStaicModels/Kinetic/FinalObj/Crate_Misc_C_1x1_tall.static_model\u0000"],"ObjectTag":"","Prototype_GameObject":"Prototype_GameObject_MapKinetic_Object\u0000","RigidBody":{"ColliderType":4,"Density":10.0,"OriginTransform":[1.0719974040985107,0.0,0.0,0.0,0.0,1.5347039699554443,0.0,0.0,0.0,0.0,1.0546468496322632,0.0,0.0,0.0,0.0,1.0],"ShapeType":0,"bKinematic":false,"bTrigger":false},"Transform":{"WorldMatrix":[0.9999974966049194,-1.3015521290071774e-05,-0.0022451449185609818,0.0,2.8245494831935503e-06,0.9999896883964539,-0.00453905900940299,0.0,0.0022451807744801044,0.004539041314274073,0.9999871850013733,0.0,0.0015329718589782715,0.8363516926765442,-0.008202279917895794,1.0]}}