{"KineticType":0,"LocalMatrix":[1.0,0.0,0.0,0.0,0.0,1.0,0.0,0.0,0.0,0.0,1.0,0.0,0.5020056962966919,-0.3936537802219391,0.0,1.0],"ModelTags":["../Bin/Resources/Model/StaticModel/MapStaicModels/Kinetic/FinalObj/Crate_Storage_A_1x2x1_Open.static_model\u0000"],"ObjectTag":"","Prototype_GameObject":"Prototype_GameObject_MapKinetic_Object\u0000","RigidBody":{"ColliderType":4,"Density":10.0,"OriginTransform":[1.0894508361816406,0.0,0.0,0.0,0.0,0.7943276762962341,0.0,0.0,0.0,0.0,2.427234172821045,0.0,0.0,0.0,0.0,1.0],"ShapeType":0,"bKinematic":false,"bTrigger":false},"Transform":{"WorldMatrix":[0.9999998211860657,-1.3828491773892893e-07,0.0006417518598027527,0.0,3.02500529869576e-06,0.9999898672103882,-0.004498189315199852,0.0,-0.0006417447584681213,0.004498190246522427,0.9999896883964539,0.0,-0.0028907088562846184,0.4661547839641571,-0.005406840238720179,1.0]}}