{"KineticType":0,"LocalMatrix":[1.0,0.0,0.0,0.0,0.0,1.0,0.0,0.0,0.0,0.0,1.0,0.0,0.5151168704032898,-0.5077081322669983,0.0,1.0],"ModelTags":["../Bin/Resources/Model/StaticModel/MapStaicModels/Kinetic/FinalObj/Crate_Storage_A_1x2x1_Closed.static_model\u0000"],"ObjectTag":"","Prototype_GameObject":"Prototype_GameObject_MapKinetic_Object\u0000","RigidBody":{"ColliderType":4,"Density":10.0,"OriginTransform":[1.0387729406356812,0.0,0.0,0.0,0.0,1.0249223709106445,0.0,0.0,0.0,0.0,2.3651561737060547,0.0,0.0,0.0,0.0,1.0],"ShapeType":0,"bKinematic":false,"bTrigger":false},"Transform":{"WorldMatrix":[1.0,-8.842869192449143e-08,0.00019721507851500064,0.0,9.753791800903855e-07,0.9999898672103882,-0.00449738185852766,0.0,-0.0001972126920009032,0.00449738185852766,0.9999898672103882,0.0,-0.004601611755788326,0.5814726948738098,-0.001261221244931221,1.0]}}