{"KineticType":0,"LocalMatrix":[1.0,0.0,0.0,0.0,0.0,1.0,0.0,0.0,0.0,0.0,1.0,0.0,1.0100449323654175,-0.37438392639160156,0.0,1.0],"ModelTags":["../Bin/Resources/Model/StaticModel/MapStaicModels/Kinetic/FinalObj/Crate_Storage_A_2x2x1_Open.static_model\u0000"],"ObjectTag":"","Prototype_GameObject":"Prototype_GameObject_MapKinetic_Object\u0000","RigidBody":{"ColliderType":4,"Density":10.0,"OriginTransform":[2.1283111572265625,0.0,0.0,0.0,0.0,0.7814552783966064,0.0,0.0,0.0,0.0,2.3840270042419434,0.0,0.0,0.0,0.0,1.0],"ShapeType":0,"bKinematic":false,"bTrigger":false},"Transform":{"WorldMatrix":[0.9999927282333374,1.3196524378145114e-05,0.0038173068314790726,0.0,3.989218384958804e-06,0.9999898672103882,-0.004502017050981522,0.0,-0.0038173277862370014,0.004501999355852604,0.9999825954437256,0.0,-0.006748977582901716,0.45968109369277954,-0.01353110745549202,1.0]}}