{"KineticType":0,"LocalMatrix":[1.0,0.0,0.0,0.0,0.0,1.0,0.0,0.0,0.0,0.0,1.0,0.0,0.0,-0.5130501389503479,0.0,1.0],"ModelTags":["../Bin/Resources/Model/StaticModel/MapStaicModels/Kinetic/FinalObj/Crate_Misc_A_3x1.static_model\u0000"],"ObjectTag":"","Prototype_GameObject":"Prototype_GameObject_MapKinetic_Object\u0000","RigidBody":{"ColliderType":4,"Density":10.0,"OriginTransform":[3.1223297119140625,0.0,0.0,0.0,0.0,1.0479109287261963,0.0,0.0,0.0,0.0,1.0377801656723022,0.0,0.0,0.0,0.0,1.0],"ShapeType":0,"bKinematic":false,"bTrigger":false},"Transform":{"WorldMatrix":[0.9999203681945801,0.011915449053049088,-0.004163333214819431,0.0,-0.01193523034453392,0.9999174475669861,-0.004759303294122219,0.0,0.004106280393898487,0.0048086149618029594,0.9999800324440002,0.0,-0.00464707612991333,0.6117043495178223,0.003214685944840312,1.0]}}