{"KineticType":0,"LocalMatrix":[1.0,0.0,0.0,0.0,0.0,1.0,0.0,0.0,0.0,0.0,1.0,0.0,0.0,-0.1260627657175064,0.0,1.0],"ModelTags":["../Bin/Resources/Model/StaticModel/MapStaicModels/Kinetic/HBeam/HBeamTest.static_model\u0000"],"ObjectTag":"","Prototype_GameObject":"Prototype_GameObject_MapKinetic_Object\u0000","RigidBody":{"ColliderType":4,"Density":10.0,"OriginTransform":[3.4758059978485107,0.0,0.0,0.0,0.0,0.26167255640029907,0.0,0.0,0.0,0.0,0.27897369861602783,0.0,0.0,0.0,0.0,1.0],"ShapeType":0,"bKinematic":false,"bTrigger":false},"Transform":{"WorldMatrix":[0.999963104724884,-0.0019534507300704718,-0.008364292792975903,0.0,0.0019155192421749234,0.9999879002571106,-0.004540547728538513,0.0,0.008373060263693333,0.004524358548223972,0.9999547004699707,0.0,0.03284847363829613,0.2349439412355423,-0.0034052531700581312,1.0]}}