{"KineticType":0,"LocalMatrix":[1.0,0.0,0.0,0.0,0.0,1.0,0.0,0.0,0.0,0.0,1.0,0.0,0.0,-0.26625630259513855,0.0,1.0],"ModelTags":["../Bin/Resources/Model/StaticModel/MapStaicModels/Kinetic/HBeam/HBeam_Bundle.static_model\u0000"],"ObjectTag":"","Prototype_GameObject":"Prototype_GameObject_MapKinetic_Object\u0000","RigidBody":{"ColliderType":4,"Density":10.0,"OriginTransform":[3.700366497039795,0.0,0.0,0.0,0.0,0.6403204798698425,0.0,0.0,0.0,0.0,0.9049907326698303,0.0,0.0,0.0,0.0,1.0],"ShapeType":0,"bKinematic":false,"bTrigger":false},"Transform":{"WorldMatrix":[0.9998347759246826,-0.0019631837494671345,-0.018072156235575676,0.0,0.001879580202512443,0.9999874830245972,-0.004641915205866098,0.0,0.018081041052937508,0.004607179667800665,0.9998259544372559,0.0,-0.002985339844599366,0.4240911304950714,-0.06918244063854218,1.0]}}