{"KineticType":0,"LocalMatrix":[1.0,0.0,0.0,0.0,0.0,1.0,0.0,0.0,0.0,0.0,1.0,0.0,-0.49993813037872314,-0.3597172796726227,-0.29243558645248413,1.0],"ModelTags":["../Bin/Resources/Model/StaticModel/MapStaicModels/Kinetic/Table/Table.static_model\u0000"],"ObjectTag":"","Prototype_GameObject":"Prototype_GameObject_MapKinetic_Object\u0000","RigidBody":{"ColliderType":4,"Density":10.0,"OriginTransform":[1.9761440753936768,0.0,0.0,0.0,0.0,0.8510639071464539,0.0,0.0,0.0,0.0,1.0,0.0,0.0,0.0,0.0,1.0],"ShapeType":0,"bKinematic":false,"bTrigger":false},"Transform":{"WorldMatrix":[0.9999998211860657,-6.8129606916045304e-06,-0.000594897719565779,0.0,4.13846055380418e-06,0.9999898672103882,-0.004495616070926189,0.0,0.0005949222831986845,0.004495613276958466,0.9999896883964539,0.0,-0.0008126016473397613,0.49451643228530884,-0.006915036588907242,1.0]}}