{"KineticType":0,"LocalMatrix":[1.0,0.0,0.0,0.0,0.0,1.0,0.0,0.0,0.0,0.0,1.0,0.0,-0.5475501418113708,-0.3434642553329468,-0.32297420501708984,1.0],"ModelTag":"../Bin/Resources/Model/StaticModel/MapStaicModels/Kinetic/Table/Table.static_model\u0000","ObjectTag":"","Prototype_GameObject":"Proto_KineticObject\u0000","RigidBody":{"ColliderType":4,"Density":10.0,"OriginTransform":[1.9960333108901978,0.0,0.0,0.0,0.0,0.7551136016845703,0.0,0.0,0.0,0.0,1.0,0.0,0.0,0.0,0.0,1.0],"ShapeType":0,"bKinematic":false,"bTrigger":false},"Transform":{"WorldMatrix":[0.9992198348045349,0.0001736670092213899,0.0394929014146328,0.0,3.8647776818834245e-06,0.999989926815033,-0.004495162982493639,0.0,-0.03949328139424324,0.004491808358579874,0.9992097616195679,0.0,-0.011406606063246727,0.44658908247947693,0.003731525270268321,1.0]}}