{
    "KineticType": 0,
    "LocalMatrix": [
        0.9999010562896729,
        0.00358659029006958,
        -0.001226763124577701,
        0.0,
        -0.0035519481170922518,
        0.999595046043396,
        0.027341339737176895,
        0.0,
        0.0013244504807516932,
        -0.02733679488301277,
        0.9996009469032288,
        0.0,
        0.0,
        -0.5203742980957031,
        0.7451114654541016,
        1.0
    ],
    "ModelTags": [
        "../Bin/Resources/Model/StaticModel/MapStaicModels/Kinetic/Bicycle/pr_Bicycle02.static_model\u0000"
    ],
    "ObjectTag": "",
    "Prototype_GameObject": "Prototype_GameObject_MapKinetic_Object\u0000",
    "RigidBody": {
        "ColliderType": 4,
        "Density": 10.0,
        "OriginTransform": [
            0.5921889543533325,
            0.0,
            0.0,
            0.0,
            0.0,
            1.0,
            0.0,
            0.0,
            0.0,
            0.0,
            1.8501485586166382,
            0.0,
            0.0,
            0.0,
            0.0,
            1.0
        ],
        "ShapeType": 0,
        "bKinematic": false,
        "bTrigger": false
    },
    "Transform": {
        "WorldMatrix": [
            0.9999999403953552,
            -4.408126187627204e-06,
            -0.00042024478898383677,
            0.0,
            2.516936774554779e-06,
            0.9999898672103882,
            -0.0045001027174293995,
            0.0,
            0.0004202603886369616,
            0.00450010085478425,
            0.9999898076057434,
            0.0,
            -0.0004443397338036448,
            0.5689946413040161,
            -0.004771305248141289,
            1.0
        ]
    }
}