{"KineticType":0,"LocalMatrix":[1.0,0.0,0.0,0.0,0.0,1.0,0.0,0.0,0.0,0.0,1.0,0.0,0.0,-1.01629638671875,0.0,1.0],"ModelTags":["../Bin/Resources/Model/StaticModel/MapStaicModels/Kinetic/Box/pr_Box03.static_model\u0000"],"ObjectTag":"","Prototype_GameObject":"Prototype_GameObject_MapKinetic_Object\u0000","RigidBody":{"ColliderType":4,"Density":10.0,"OriginTransform":[1.2720861434936523,0.0,0.0,0.0,0.0,2.0411999225616455,0.0,0.0,0.0,0.0,1.262807011604309,0.0,0.0,0.0,0.0,1.0],"ShapeType":0,"bKinematic":false,"bTrigger":false},"Transform":{"WorldMatrix":[0.9999940991401672,-1.846673148975242e-05,-0.003434028709307313,0.0,2.9950060707051307e-06,0.9999898672103882,-0.004505366552621126,0.0,0.003434077138081193,0.0045053292997181416,0.9999839663505554,0.0,-0.011244292370975018,1.0895977020263672,-0.005803276319056749,1.0]}}