{"KineticType":0,"LocalMatrix":[1.0,0.0,0.0,0.0,0.0,1.0,0.0,0.0,0.0,0.0,1.0,0.0,0.0,-0.5144040584564209,0.0,1.0],"ModelTags":["../Bin/Resources/Model/StaticModel/MapStaicModels/Kinetic/Box/pr_Box02.static_model\u0000"],"ObjectTag":"","Prototype_GameObject":"Prototype_GameObject_MapKinetic_Object\u0000","RigidBody":{"ColliderType":4,"Density":10.0,"OriginTransform":[1.245060682296753,0.0,0.0,0.0,0.0,1.0404120683670044,0.0,0.0,0.0,0.0,1.2459169626235962,0.0,0.0,0.0,0.0,1.0],"ShapeType":0,"bKinematic":false,"bTrigger":false},"Transform":{"WorldMatrix":[0.9999999403953552,-5.43685928278137e-06,-0.000293711171252653,0.0,4.114518560527358e-06,0.9999898672103882,-0.004501993767917156,0.0,0.00029373264987953007,0.004501991905272007,0.9999898076057434,0.0,-0.00044122766121290624,0.5892104506492615,-0.0028583745006471872,1.0]}}