{"KineticType":0,"LocalMatrix":[1.0,0.0,0.0,0.0,0.0,1.0,0.0,0.0,0.0,0.0,1.0,0.0,0.0,-0.4969692826271057,0.0,1.0],"ModelTags":["../Bin/Resources/Model/StaticModel/MapStaicModels/Kinetic/Box/pr_Box01.static_model\u0000"],"ObjectTag":"","Prototype_GameObject":"Prototype_GameObject_MapKinetic_Object\u0000","RigidBody":{"ColliderType":4,"Density":10.0,"OriginTransform":[1.037919044494629,0.0,0.0,0.0,0.0,1.0353895425796509,0.0,0.0,0.0,0.0,1.04717218875885,0.0,0.0,0.0,0.0,1.0],"ShapeType":0,"bKinematic":false,"bTrigger":false},"Transform":{"WorldMatrix":[0.9999999403953552,-6.073380973248277e-06,-0.00035036809276789427,0.0,4.494690983847249e-06,0.9999898672103882,-0.00450562871992588,0.0,0.0003503918997012079,0.004505626857280731,0.9999898076057434,0.0,0.00022836348216515034,0.5866984128952026,-0.0033309536520391703,1.0]}}