{
    "KineticType": 0,
    "LocalMatrix": [
        1.0,
        0.0,
        0.0,
        0.0,
        0.0,
        1.0,
        0.0,
        0.0,
        0.0,
        0.0,
        1.0,
        0.0,
        0.0,
        -0.5870449542999268,
        0.0,
        1.0
    ],
    "ModelTags": [
        "../Bin/Resources/Model/StaticModel/MapStaicModels/Kinetic/Car/pr_Car01_B.static_model\u0000",
        "../Bin/Resources/Model/StaticModel/MapStaicModels/Kinetic/Car/SM_pr_Car01_BRK.static_model\u0000"
    ],
    "ObjectTag": "",
    "Prototype_GameObject": "Prototype_GameObject_MapKinetic_Object\u0000",
    "RigidBody": {
        "ColliderType": 4,
        "Density": 10.0,
        "OriginTransform": [
            1.5627378225326538,
            0.0,
            0.0,
            0.0,
            0.0,
            1.2843364477157593,
            0.0,
            0.0,
            0.0,
            0.0,
            4.3334641456604,
            0.0,
            0.0,
            0.0,
            0.0,
            1.0
        ],
        "ShapeType": 0,
        "bKinematic": false,
        "bTrigger": false
    },
    "Transform": {
        "WorldMatrix": [
            0.9998810887336731,
            -7.225592707982287e-05,
            0.015419992618262768,
            0.0,
            0.00024068218772299588,
            0.9999403357505798,
            -0.010921014472842216,
            0.0,
            -0.015418282710015774,
            0.01092342659831047,
            0.9998214244842529,
            0.0,
            0.06652876734733582,
            0.7250104546546936,
            -0.011259266175329685,
            1.0
        ]
    }
}