{
    "KineticType": 0,
    "LocalMatrix": [
        1.0,
        0.0,
        0.0,
        0.0,
        0.0,
        1.0,
        0.0,
        0.0,
        0.0,
        0.0,
        1.0,
        0.0,
        0.0,
        -0.5940921306610107,
        0.006411612033843994,
        1.0
    ],
    "ModelTags": [
        "../Bin/Resources/Model/StaticModel/MapStaicModels/Kinetic/Tutorial_Kinetic/pr_Car02.static_model\u0000"
    ],
    "ObjectTag": "",
    "Prototype_GameObject": "Prototype_GameObject_MapKinetic_Object\u0000",
    "RigidBody": {
        "ColliderType": 4,
        "Density": 10.0,
        "OriginTransform": [
            1.8020446300506592,
            0.0,
            0.0,
            0.0,
            0.0,
            1.2983475923538208,
            0.0,
            0.0,
            0.0,
            0.0,
            3.7893178462982178,
            0.0,
            0.0,
            0.0,
            0.0,
            1.0
        ],
        "ShapeType": 0,
        "bKinematic": false,
        "bTrigger": false
    },
    "Transform": {
        "WorldMatrix": [
            0.9999871253967285,
            -0.00024026044411584735,
            -0.005073121283203363,
            0.0,
            0.00018249079585075378,
            0.9999352097511292,
            -0.011384793557226658,
            0.0,
            0.00507552782073617,
            0.0113837206736207,
            0.9999223351478577,
            0.0,
            0.01765100099146366,
            0.7313045263290405,
            -0.014684867113828659,
            1.0
        ]
    }
}