{"KineticType":0,"LocalMatrix":[1.0,0.0,0.0,0.0,0.0,1.0,0.0,0.0,0.0,0.0,1.0,0.0,0.07457859814167023,-0.7801896333694458,0.0,1.0],"ModelTags":["../Bin/Resources/Model/StaticModel/MapStaicModels/Kinetic/Bench/pr_SubwayBench01.static_model\u0000"],"ObjectTag":"","Prototype_GameObject":"Prototype_GameObject_MapKinetic_Object\u0000","RigidBody":{"ColliderType":4,"Density":10.0,"OriginTransform":[3.3696634769439697,0.0,0.0,0.0,0.0,1.566725492477417,0.0,0.0,0.0,0.0,0.71842360496521,0.0,0.0,0.0,0.0,1.0],"ShapeType":0,"bKinematic":false,"bTrigger":false},"Transform":{"WorldMatrix":[0.9999982118606567,-0.0018971158424392343,-7.543870015069842e-05,0.0,0.0018967619398608804,0.999988317489624,-0.004442648496478796,0.0,8.386603440158069e-05,0.004442497622221708,0.9999901056289673,0.0,-0.0029044311959296465,0.8874855041503906,-0.01517272088676691,1.0]}}