{"KineticType":0,"LocalMatrix":[2.0,0.0,0.0,0.0,0.0,2.0,0.0,0.0,0.0,0.0,2.0,0.0,0.0,-0.6117229461669922,0.0,1.0],"ModelTags":["../Bin/Resources/Model/StaticModel/MapStaicModels/Kinetic/Box/SM_Box_2_01.static_model\u0000"],"ObjectTag":"","Prototype_GameObject":"Prototype_GameObject_MapKinetic_Object\u0000","RigidBody":{"ColliderType":4,"Density":10.0,"OriginTransform":[1.2761272192001343,0.0,0.0,0.0,0.0,1.234391450881958,0.0,0.0,0.0,0.0,1.2462817430496216,0.0,0.0,0.0,0.0,1.0],"ShapeType":0,"bKinematic":false,"bTrigger":false},"Transform":{"WorldMatrix":[0.9999993443489075,-9.1092169896001e-06,-0.0011605932377278805,0.0,3.883315457642311e-06,0.9999898672103882,-0.004502708557993174,0.0,0.0011606225743889809,0.004502701107412577,0.9999892115592957,0.0,0.0001850864355219528,0.6861899495124817,-0.005400755908340216,1.0]}}