{
    "KineticType": 0,
    "LocalMatrix": [
        1.0,
        0.0,
        0.0,
        0.0,
        0.0,
        1.0,
        0.0,
        0.0,
        0.0,
        0.0,
        1.0,
        0.0,
        0.0,
        -0.5585500597953796,
        0.0,
        1.0
    ],
    "ModelTags": [
        "../Bin/Resources/Model/StaticModel/MapStaicModels/Kinetic/Couch/SM_Couch_Trashed.static_model\u0000"
    ],
    "ObjectTag": "",
    "Prototype_GameObject": "Prototype_GameObject_MapKinetic_Object\u0000",
    "RigidBody": {
        "ColliderType": 4,
        "Density": 10.0,
        "OriginTransform": [
            1.1831274032592773,
            0.0,
            0.0,
            0.0,
            0.0,
            1.126658320426941,
            0.0,
            0.0,
            0.0,
            0.0,
            2.9056472778320313,
            0.0,
            0.0,
            0.0,
            0.0,
            1.0
        ],
        "ShapeType": 0,
        "bKinematic": false,
        "bTrigger": false
    },
    "Transform": {
        "WorldMatrix": [
            0.9999639391899109,
            -0.0004352381220087409,
            -0.008480964228510857,
            0.0,
            0.00032808096148073673,
            0.9999201893806458,
            -0.012632316909730434,
            0.0,
            0.008485784754157066,
            0.012629079632461071,
            0.9998842477798462,
            0.0,
            -0.015210282988846302,
            0.6441676616668701,
            -0.00012912314559798688,
            1.0
        ]
    }
}