{
    "KineticType": 0,
    "LocalMatrix": [
        1.0,
        0.0,
        0.0,
        0.0,
        0.0,
        1.0,
        0.0,
        0.0,
        0.0,
        0.0,
        1.0,
        0.0,
        0.0,
        -0.7101337909698486,
        0.0,
        1.0
    ],
    "ModelTags": [
        "../Bin/Resources/Model/StaticModel/MapStaicModels/Kinetic/Dumpster/SM_dumpster_01.static_model\u0000"
    ],
    "ObjectTag": "",
    "Prototype_GameObject": "Prototype_GameObject_MapKinetic_Object\u0000",
    "RigidBody": {
        "ColliderType": 4,
        "Density": 10.0,
        "OriginTransform": [
            1.8946861028671265,
            0.0,
            0.0,
            0.0,
            0.0,
            1.431322455406189,
            0.0,
            0.0,
            0.0,
            0.0,
            1.0,
            0.0,
            0.0,
            0.0,
            0.0,
            1.0
        ],
        "ShapeType": 0,
        "bKinematic": false,
        "bTrigger": false
    },
    "Transform": {
        "WorldMatrix": [
            0.9999999403953552,
            -6.620838121307315e-06,
            -0.0004225384909659624,
            0.0,
            4.720336164609762e-06,
            0.9999898672103882,
            -0.004497661720961332,
            0.0,
            0.0004225639859214425,
            0.0044976589269936085,
            0.9999898076057434,
            0.0,
            -0.00011926742445211858,
            0.7846539616584778,
            -0.005484539549797773,
            1.0
        ]
    }
}