{"KineticType":0,"LocalMatrix":[1.399999976158142,0.0,0.0,0.0,0.0,1.399999976158142,0.0,0.0,0.0,0.0,1.399999976158142,0.0,0.0,-0.7153483629226685,0.0,1.0],"ModelTags":["../Bin/Resources/Model/StaticModel/MapStaicModels/Kinetic/Gurney/SM_Gurney_01b.static_model\u0000"],"ObjectTag":"","Prototype_GameObject":"Prototype_GameObject_MapKinetic_Object\u0000","RigidBody":{"ColliderType":4,"Density":10.0,"OriginTransform":[3.243509292602539,0.0,0.0,0.0,0.0,1.5626435279846191,0.0,0.0,0.0,0.0,1.1942627429962158,0.0,0.0,0.0,0.0,1.0],"ShapeType":0,"bKinematic":false,"bTrigger":false},"Transform":{"WorldMatrix":[0.9535272717475891,-0.014835885725915432,-0.30094125866889954,0.0,0.014319484122097492,0.9998897910118103,-0.003921802155673504,0.0,0.3009662926197052,-0.0005697777960449457,0.9536346197128296,0.0,-0.6693064570426941,0.8722658157348633,-0.6129066944122314,1.0]}}