{"KineticType":0,"LocalMatrix":[1.2999999523162842,0.0,0.0,0.0,0.0,1.399999976158142,0.0,0.0,0.0,0.0,1.2999999523162842,0.0,0.015952348709106445,-1.3489099740982056,0.0,1.0],"ModelTags":["../Bin/Resources/Model/StaticModel/MapStaicModels/Kinetic/IV_Stand/SM_IV_Stand.static_model\u0000"],"ObjectTag":"","Prototype_GameObject":"Prototype_GameObject_MapKinetic_Object\u0000","RigidBody":{"ColliderType":4,"Density":10.0,"OriginTransform":[0.9330733418464661,0.0,0.0,0.0,0.0,2.715200424194336,0.0,0.0,0.0,0.0,0.876763641834259,0.0,0.0,0.0,0.0,1.0],"ShapeType":0,"bKinematic":false,"bTrigger":false},"Transform":{"WorldMatrix":[0.9878487586975098,0.000591142859775573,0.15541721880435944,0.0,0.00011717545567080379,0.9999896883964539,-0.004548327531665564,0.0,-0.1554182916879654,0.004511271137744188,0.9878384470939636,0.0,-0.4670476019382477,1.4243887662887573,-0.5073204040527344,1.0]}}