{"KineticType":0,"LocalMatrix":[1.2999999523162842,0.0,0.0,0.0,0.0,1.2999999523162842,0.0,0.0,0.0,0.0,1.2999999523162842,0.0,0.0,-1.2073739767074585,0.0,1.0],"ModelTags":["../Bin/Resources/Model/StaticModel/MapStaicModels/Kinetic/Ladder/SM_Ladder_01b.static_model\u0000"],"ObjectTag":"","Prototype_GameObject":"Prototype_GameObject_MapKinetic_Object\u0000","RigidBody":{"ColliderType":4,"Density":10.0,"OriginTransform":[0.9056797623634338,0.0,0.0,0.0,0.0,2.425234794616699,0.0,0.0,0.0,0.0,1.3135294914245605,0.0,0.0,0.0,0.0,1.0],"ShapeType":0,"bKinematic":false,"bTrigger":false},"Transform":{"WorldMatrix":[0.9999918341636658,-1.8370465113548562e-05,-0.0040472266264259815,0.0,1.2053715181536973e-07,0.9999898076057434,-0.004509197548031807,0.0,0.004047268535941839,0.004509160295128822,0.9999816417694092,0.0,0.001814324758015573,1.2816134691238403,-0.006971702910959721,1.0]}}