{"KineticType":0,"LocalMatrix":[1.0,0.0,0.0,0.0,0.0,1.0,0.0,0.0,0.0,0.0,1.0,0.0,0.0,-0.14306025207042694,0.0,1.0],"ModelTags":["../Bin/Resources/Model/StaticModel/MapStaicModels/Kinetic/FlowerPot/SM_MERGED_cannaFlower.static_model\u0000"],"ObjectTag":"","Prototype_GameObject":"Prototype_GameObject_MapKinetic_Object\u0000","RigidBody":{"ColliderType":4,"Density":10.0,"OriginTransform":[0.22496135532855988,0.0,0.0,0.0,0.0,0.30855077505111694,0.0,0.0,0.0,0.0,0.3140484392642975,0.0,0.0,0.0,0.0,1.0],"ShapeType":0,"bKinematic":false,"bTrigger":false},"Transform":{"WorldMatrix":[0.9999918937683105,-0.00021616688172798604,-0.0040232171304523945,0.0,0.00019504917145241052,0.9999862313270569,-0.005248612258583307,0.0,0.004024296533316374,0.005247785244137049,0.9999781250953674,0.0,0.0018528042128309608,0.2234010100364685,-0.005419627763330936,1.0]}}