{"KineticType":0,"LocalMatrix":[1.0,0.0,0.0,0.0,0.0,1.0,0.0,0.0,0.0,0.0,1.0,0.0,-0.20844879746437073,-0.2842511236667633,0.1444893628358841,1.0],"ModelTags":["../Bin/Resources/Model/StaticModel/MapStaicModels/Kinetic/Rubble/SM_pr_SubwayRubble01S.static_model\u0000"],"ObjectTag":"","Prototype_GameObject":"Prototype_GameObject_MapKinetic_Object\u0000","RigidBody":{"ColliderType":4,"Density":10.0,"OriginTransform":[0.933594822883606,0.0,0.0,0.0,0.0,0.584422767162323,0.0,0.0,0.0,0.0,1.0463207960128784,0.0,0.0,0.0,0.0,1.0],"ShapeType":0,"bKinematic":false,"bTrigger":false},"Transform":{"WorldMatrix":[1.0,-4.696109954238636e-06,-0.00015789108874741942,0.0,3.98481506636017e-06,0.9999898672103882,-0.004504671320319176,0.0,0.00015791064652148634,0.004504670388996601,0.9999898672103882,0.0,0.00019513176812324673,0.36121249198913574,-0.0033453607466071844,1.0]}}