{"KineticType":0,"LocalMatrix":[1.0,0.0,0.0,0.0,0.0,1.0,0.0,0.0,0.0,0.0,1.0,0.0,0.0,0.011083722114562988,0.0,1.0],"ModelTags":["../Bin/Resources/Model/StaticModel/MapStaicModels/Kinetic/Rubble/SM_pr_SubwayRubble01.static_model\u0000"],"ObjectTag":"","Prototype_GameObject":"Prototype_GameObject_MapKinetic_Object\u0000","RigidBody":{"ColliderType":4,"Density":10.0,"OriginTransform":[1.5783716440200806,0.0,0.0,0.0,0.0,1.6566791534423828,0.0,0.0,0.0,0.0,7.053804397583008,0.0,0.0,0.0,0.0,1.0],"ShapeType":0,"bKinematic":false,"bTrigger":false},"Transform":{"WorldMatrix":[0.9989100098609924,0.00019386662461329252,0.04667763411998749,0.0,0.00023026949202176183,0.9999587535858154,-0.009080949239432812,0.0,-0.046677470207214355,0.009081798605620861,0.9988687634468079,0.0,0.21615482866764069,0.913567304611206,0.0006483756005764008,1.0]}}