{"KineticType":0,"LocalMatrix":[1.0,0.0,0.0,0.0,0.0,1.0,0.0,0.0,0.0,0.0,1.0,0.0,0.0,-0.42554718255996704,0.0,1.0],"ModelTags":["../Bin/Resources/Model/StaticModel/MapStaicModels/Kinetic/Tutorial_Kinetic/SM_pr_ConcreteBarriersA_02_lo.static_model\u0000","../Bin/Resources/Model/StaticModel/MapStaicModels/Kinetic/Tutorial_Kinetic/SM_pr_ConcreteBarriersA_02_lo_DM.static_model\u0000"],"ObjectTag":"","Prototype_GameObject":"Prototype_GameObject_MapKinetic_Object\u0000","RigidBody":{"ColliderType":4,"Density":10.0,"OriginTransform":[1.6310324668884277,0.0,0.0,0.0,0.0,0.86186283826828,0.0,0.0,0.0,0.0,0.6630562543869019,0.0,0.0,0.0,0.0,1.0],"ShapeType":0,"bKinematic":false,"bTrigger":false},"Transform":{"WorldMatrix":[0.9999998807907104,-2.969595243484946e-06,0.00045604989281855524,0.0,5.025465270591667e-06,0.9999898672103882,-0.004508059937506914,0.0,-0.00045603184844367206,0.004508061800152063,0.9999897480010986,0.0,-0.000678607786539942,0.49991124868392944,-0.008447349071502686,1.0]}}