{
    "KineticType": 0,
    "LocalMatrix": [
        1.0,
        0.0,
        0.0,
        0.0,
        0.0,
        1.0,
        0.0,
        0.0,
        0.0,
        0.0,
        1.0,
        0.0,
        0.11256515979766846,
        4.5756378173828125,
        0.0,
        1.0
    ],
    "ModelTags": [
        "../Bin/Resources/Model/StaticModel/MapStaicModels/Kinetic/HumePipe/SM_pr_HumePipe.static_model\u0000"
    ],
    "ObjectTag": "",
    "Prototype_GameObject": "Prototype_GameObject_MapKinetic_Object\u0000",
    "RigidBody": {
        "ColliderType": 4,
        "Density": 10.0,
        "OriginTransform": [
            5.726480484008789,
            0.0,
            0.0,
            0.0,
            0.0,
            6.732205390930176,
            0.0,
            0.0,
            0.0,
            0.0,
            11.285181045532227,
            0.0,
            0.0,
            0.0,
            0.0,
            1.0
        ],
        "ShapeType": 0,
        "bKinematic": false,
        "bTrigger": false
    },
    "Transform": {
        "WorldMatrix": [
            0.9999969005584717,
            -0.0018880136776715517,
            -0.0016169637674465775,
            0.0,
            0.0018806420266628265,
            0.9999879002571106,
            -0.0045484029687941074,
            0.0,
            0.0016255317023023963,
            0.004545348230749369,
            0.9999883770942688,
            0.0,
            0.03378458321094513,
            3.469722032546997,
            -0.10922084748744965,
            1.0
        ]
    }
}