{"KineticType":0,"LocalMatrix":[1.0,0.0,0.0,0.0,0.0,1.0,0.0,0.0,0.0,0.0,1.0,0.0,0.0,-0.909174919128418,0.0,1.0],"ModelTags":["../Bin/Resources/Model/StaticModel/MapStaicModels/Kinetic/Switchboard/SM_pr_SubwaySwitchboard02.static_model\u0000"],"ObjectTag":"","Prototype_GameObject":"Prototype_GameObject_MapKinetic_Object\u0000","RigidBody":{"ColliderType":4,"Density":10.0,"OriginTransform":[1.4624773263931274,0.0,0.0,0.0,0.0,2.0321855545043945,0.0,0.0,0.0,0.0,0.5455780625343323,0.0,0.0,0.0,0.0,1.0],"ShapeType":0,"bKinematic":false,"bTrigger":false},"Transform":{"WorldMatrix":[0.9999904632568359,-2.4016724637476727e-05,-0.004361915867775679,0.0,4.231887942296453e-06,0.9999896883964539,-0.004535766318440437,0.0,0.004361980129033327,0.004535704851150513,0.9999801516532898,0.0,0.0012771474430337548,1.0850958824157715,-0.006358595099300146,1.0]}}