{"KineticType":0,"LocalMatrix":[0.5,0.0,0.0,0.0,0.0,0.5,0.0,0.0,0.0,0.0,0.4000000059604645,0.0,0.0,-0.3945523500442505,0.0,1.0],"ModelTags":["../Bin/Resources/Model/StaticModel/MapStaicModels/Kinetic/Switchboard/SM_pr_SubwaySwitchboard01.static_model\u0000"],"ObjectTag":"","Prototype_GameObject":"Prototype_GameObject_MapKinetic_Object\u0000","RigidBody":{"ColliderType":4,"Density":10.0,"OriginTransform":[1.0863832235336304,0.0,0.0,0.0,0.0,0.8015352487564087,0.0,0.0,0.0,0.0,0.5181695222854614,0.0,0.0,0.0,0.0,1.0],"ShapeType":0,"bKinematic":false,"bTrigger":false},"Transform":{"WorldMatrix":[0.9999999403953552,-6.012940502841957e-06,0.00028800973086617887,0.0,7.321204975596629e-06,0.9999896883964539,-0.0045426469296216965,0.0,-0.00028797946288250387,0.004542648792266846,0.9999896287918091,0.0,0.00032672553788870573,0.4697756767272949,-0.0039900015108287334,1.0]}}