{"KineticType":0,"LocalMatrix":[1.0,0.0,0.0,0.0,0.0,1.0,0.0,0.0,0.0,0.0,1.0,0.0,0.0,-0.004070714116096497,0.0,1.0],"ModelTags":["../Bin/Resources/Model/StaticModel/MapStaicModels/Kinetic/Rubble/SM_pr_Rubble_Concrete_Chunk_05.static_model\u0000"],"ObjectTag":"","Prototype_GameObject":"Prototype_GameObject_MapKinetic_Object\u0000","RigidBody":{"ColliderType":4,"Density":10.0,"OriginTransform":[1.9329167604446411,0.0,0.0,0.0,0.0,2.7690236568450928,0.0,0.0,0.0,0.0,2.0443267822265625,0.0,0.0,0.0,0.0,1.0],"ShapeType":0,"bKinematic":false,"bTrigger":false},"Transform":{"WorldMatrix":[0.9999940991401672,-2.5705739972181618e-05,-0.0034370592329651117,0.0,1.0198878044320736e-05,0.9999898076057434,-0.004511606879532337,0.0,0.0034371402580291033,0.004511545412242413,0.9999839067459106,0.0,0.0008073986391536891,1.4534847736358643,-0.010854082182049751,1.0]}}