{"KineticType":0,"LocalMatrix":[1.0,0.0,0.0,0.0,0.0,1.0,0.0,0.0,0.0,0.0,1.0,0.0,0.0,-0.4260966181755066,0.0,1.0],"ModelTags":["../Bin/Resources/Model/StaticModel/MapStaicModels/Kinetic/Tutorial_Kinetic/SM_pr_ConcreteBarriersA_01_lo.static_model\u0000","../Bin/Resources/Model/StaticModel/MapStaicModels/Kinetic/Tutorial_Kinetic/SM_pr_ConcreteBarriersA_01_lo_DM.static_model\u0000"],"ObjectTag":"","Prototype_GameObject":"Prototype_GameObject_MapKinetic_Object\u0000","RigidBody":{"ColliderType":4,"Density":10.0,"OriginTransform":[1.6984959840774536,0.0,0.0,0.0,0.0,0.8756094574928284,0.0,0.0,0.0,0.0,0.6671672463417053,0.0,0.0,0.0,0.0,1.0],"ShapeType":0,"bKinematic":false,"bTrigger":false},"Transform":{"WorldMatrix":[0.9999995827674866,-9.24533924262505e-06,-0.0008950522751547396,0.0,5.2108848649368156e-06,0.9999898672103882,-0.004507404752075672,0.0,0.0008950848714448512,0.00450739823281765,0.9999894499778748,0.0,-0.0004733623645734042,0.5068038105964661,-0.0040830872021615505,1.0]}}