{"KineticType":0,"LocalMatrix":[1.399999976158142,0.0,0.0,0.0,0.0,1.399999976158142,0.0,0.0,0.0,0.0,1.399999976158142,0.0,0.0,-0.5616481304168701,-0.06770268082618713,1.0],"ModelTags":["../Bin/Resources/Model/StaticModel/MapStaicModels/Kinetic/Bed/SM_pr_HS_MK_Bed.static_model\u0000"],"ObjectTag":"","Prototype_GameObject":"Prototype_GameObject_MapKinetic_Object\u0000","RigidBody":{"ColliderType":4,"Density":10.0,"OriginTransform":[1.2207441329956055,0.0,0.0,0.0,0.0,1.1455094814300537,0.0,0.0,0.0,0.0,3.1344447135925293,0.0,0.0,0.0,0.0,1.0],"ShapeType":0,"bKinematic":false,"bTrigger":false},"Transform":{"WorldMatrix":[0.9999947547912598,-0.0003853272646665573,-0.003220262471586466,0.0,0.00034574244637042284,0.9999244809150696,-0.012283946387469769,0.0,0.0032247528433799744,0.012282769195735455,0.9999193549156189,0.0,0.026420453563332558,0.653982400894165,-0.00154447415843606,1.0]}}