{"KineticType":0,"LocalMatrix":[1.0,0.0,0.0,0.0,0.0,1.0,0.0,0.0,0.0,0.0,1.0,0.0,0.0,-0.5357823967933655,0.0,1.0],"ModelTags":["../Bin/Resources/Model/StaticModel/MapStaicModels/Kinetic/PipeChair/SM_pr_HS_pipeChair01.static_model\u0000"],"ObjectTag":"","Prototype_GameObject":"Prototype_GameObject_MapKinetic_Object\u0000","RigidBody":{"ColliderType":4,"Density":10.0,"OriginTransform":[0.6674808859825134,0.0,0.0,0.0,0.0,1.0809189081192017,0.0,0.0,0.0,0.0,0.857587456703186,0.0,0.0,0.0,0.0,1.0],"ShapeType":0,"bKinematic":false,"bTrigger":false},"Transform":{"WorldMatrix":[0.9999958276748657,-2.34857652685605e-05,-0.002883330686017871,0.0,1.0377799299021717e-05,0.9999896883964539,-0.004546050913631916,0.0,0.0028834075201302767,0.004546002484858036,0.9999855160713196,0.0,0.006402560044080019,0.6094279289245605,-0.014045117422938347,1.0]}}