{"KineticType":0,"LocalMatrix":[1.0,0.0,0.0,0.0,0.0,1.0,0.0,0.0,0.0,0.0,1.0,0.0,0.0,-0.9217946529388428,0.0,1.0],"ModelTags":["../Bin/Resources/Model/StaticModel/MapStaicModels/Kinetic/Switchboard/SM_pr_SubwaySwitchboard04.static_model\u0000"],"ObjectTag":"","Prototype_GameObject":"Prototype_GameObject_MapKinetic_Object\u0000","RigidBody":{"ColliderType":4,"Density":10.0,"OriginTransform":[0.7181835770606995,0.0,0.0,0.0,0.0,2.0692341327667236,0.0,0.0,0.0,0.0,0.4779623746871948,0.0,0.0,0.0,0.0,1.0],"ShapeType":0,"bKinematic":false,"bTrigger":false},"Transform":{"WorldMatrix":[0.9999781847000122,-6.72098612994887e-05,-0.006601695902645588,0.0,3.60669509973377e-05,0.999988853931427,-0.004717415664345026,0.0,0.006601939909160137,0.004717074800282717,0.9999670386314392,0.0,0.008301017805933952,1.10362708568573,-0.012996900826692581,1.0]}}