{"KineticType":0,"LocalMatrix":[1.0,0.0,0.0,0.0,0.0,1.0,0.0,0.0,0.0,0.0,1.0,0.0,0.0,-0.7998731136322021,0.0,1.0],"ModelTags":["../Bin/Resources/Model/StaticModel/MapStaicModels/Kinetic/Switchboard/SM_pr_SubwaySwitchboard01.static_model\u0000"],"ObjectTag":"","Prototype_GameObject":"Prototype_GameObject_MapKinetic_Object\u0000","RigidBody":{"ColliderType":4,"Density":10.0,"OriginTransform":[2.1273670196533203,0.0,0.0,0.0,0.0,1.6210435628890991,0.0,0.0,0.0,0.0,1.153272032737732,0.0,0.0,0.0,0.0,1.0],"ShapeType":0,"bKinematic":false,"bTrigger":false},"Transform":{"WorldMatrix":[0.9999983906745911,-9.200219210470095e-06,-0.0017776954919099808,0.0,1.2108098417229485e-06,0.999989926815033,-0.004494199994951487,0.0,0.0017777187749743462,0.00449419068172574,0.999988317489624,0.0,0.0005029790918342769,0.8795367479324341,-0.0007877091993577778,1.0]}}