{"KineticType":0,"LocalMatrix":[1.0,0.0,0.0,0.0,0.0,1.0,0.0,0.0,0.0,0.0,1.0,0.0,0.0,-0.4860098958015442,0.0,1.0],"ModelTags":["../Bin/Resources/Model/StaticModel/MapStaicModels/Kinetic/Barrel/SM_pr_Barrels02C_Oil.static_model\u0000"],"ObjectTag":"","Prototype_GameObject":"Prototype_GameObject_MapKinetic_Object\u0000","RigidBody":{"ColliderType":4,"Density":10.0,"OriginTransform":[1.2096021175384521,0.0,0.0,0.0,0.0,0.9513789415359497,0.0,0.0,0.0,0.0,1.0996423959732056,0.0,0.0,-0.7991502285003662,0.0,1.0],"ShapeType":0,"bKinematic":false,"bTrigger":false},"Transform":{"WorldMatrix":[0.9999999403953552,-3.573595904526883e-06,-0.0003071018436457962,0.0,2.1881166958337417e-06,0.9999898076057434,-0.004511347971856594,0.0,0.0003071148239541799,0.0045113470405340195,0.9999897480010986,0.0,0.00013921775098424405,0.5446553826332092,-0.01232597604393959,1.0]}}