{"KineticType":0,"LocalMatrix":[2.0,0.0,0.0,0.0,0.0,2.0,0.0,0.0,0.0,0.0,2.0,0.0,0.0,-0.14992377161979675,0.0,1.0],"ModelTags":["../Bin/Resources/Model/StaticModel/MapStaicModels/Kinetic/Pallet/SM_Pallet_1_01.static_model\u0000"],"ObjectTag":"","Prototype_GameObject":"Prototype_GameObject_MapKinetic_Object\u0000","RigidBody":{"ColliderType":4,"Density":10.0,"OriginTransform":[2.417846918106079,0.0,0.0,0.0,0.0,0.31877151131629944,0.0,0.0,0.0,0.0,1.6511467695236206,0.0,0.0,0.0,0.0,1.0],"ShapeType":0,"bKinematic":false,"bTrigger":false},"Transform":{"WorldMatrix":[0.9998776912689209,0.013846632093191147,-0.00727747892960906,0.0,-0.01388019509613514,0.9998931884765625,-0.004581870045512915,0.0,0.007213257718831301,0.00468232249841094,0.9999630451202393,0.0,0.007920276373624802,0.245174378156662,-0.0146212512627244,1.0]}}