{"KineticType":0,"LocalMatrix":[1.7000000476837158,0.0,0.0,0.0,0.0,1.7000000476837158,0.0,0.0,0.0,0.0,1.7000000476837158,0.0,0.0,-0.7139149308204651,0.0,1.0],"ModelTags":["../Bin/Resources/Model/StaticModel/MapStaicModels/Kinetic/SupplyCart/SM_SupplyCart_02a.static_model\u0000"],"ObjectTag":"","Prototype_GameObject":"Prototype_GameObject_MapKinetic_Object\u0000","RigidBody":{"ColliderType":4,"Density":10.0,"OriginTransform":[1.5631232261657715,0.0,0.0,0.0,0.0,1.4299383163452148,0.0,0.0,0.0,0.0,0.8614754676818848,0.0,0.0,0.0,0.0,1.0],"ShapeType":0,"bKinematic":false,"bTrigger":false},"Transform":{"WorldMatrix":[0.9999998211860657,-7.035200724203605e-06,-0.0005702734342776239,0.0,4.464498488232493e-06,0.9999898672103882,-0.004507716745138168,0.0,0.0005702993948943913,0.00450771301984787,0.9999896883964539,0.0,-0.00040062033804133534,0.7839740514755249,-0.0036229542456567287,1.0]}}