{
    "KineticType": 0,
    "LocalMatrix": [
        1.0,
        0.0,
        0.0,
        0.0,
        0.0,
        1.0,
        0.0,
        0.0,
        0.0,
        0.0,
        1.0,
        0.0,
        0.0,
        -0.6124541163444519,
        0.0,
        1.0
    ],
    "ModelTags": [
        "../Bin/Resources/Model/StaticModel/MapStaicModels/Kinetic/Trashbin/SM_trashbin_02.static_model\u0000"
    ],
    "ObjectTag": "",
    "Prototype_GameObject": "Prototype_GameObject_MapKinetic_Object\u0000",
    "RigidBody": {
        "ColliderType": 4,
        "Density": 10.0,
        "OriginTransform": [
            0.5330494046211243,
            0.0,
            0.0,
            0.0,
            0.0,
            0.8983539342880249,
            0.0,
            0.0,
            0.0,
            0.0,
            0.5804146528244019,
            0.0,
            0.0,
            0.0,
            0.0,
            1.0
        ],
        "ShapeType": 0,
        "bKinematic": false,
        "bTrigger": false
    },
    "Transform": {
        "WorldMatrix": [
            0.999996542930603,
            -5.261751721263863e-05,
            -0.0026339024771004915,
            0.0,
            4.028601324534975e-05,
            0.9999890327453613,
            -0.004681671503931284,
            0.0,
            0.0026341199409216642,
            0.004681549500674009,
            0.9999855756759644,
            0.0,
            0.003968621604144573,
            0.518198549747467,
            -0.010454163886606693,
            1.0
        ]
    }
}