{
    "KineticType": 0,
    "LocalMatrix": [
        1.0,
        0.0,
        0.0,
        0.0,
        0.0,
        1.0,
        0.0,
        0.0,
        0.0,
        0.0,
        1.0,
        0.0,
        0.0,
        -0.4651232659816742,
        0.0,
        1.0
    ],
    "ModelTags": [
        "../Bin/Resources/Model/StaticModel/MapStaicModels/Kinetic/Trashbin/SM_trashbin_01.static_model\u0000"
    ],
    "ObjectTag": "",
    "Prototype_GameObject": "Prototype_GameObject_MapKinetic_Object\u0000",
    "RigidBody": {
        "ColliderType": 4,
        "Density": 10.0,
        "OriginTransform": [
            0.47796788811683655,
            0.0,
            0.0,
            0.0,
            0.0,
            0.6856760382652283,
            0.0,
            0.0,
            0.0,
            0.0,
            0.48529958724975586,
            0.0,
            0.0,
            0.0,
            0.0,
            1.0
        ],
        "ShapeType": 0,
        "bKinematic": false,
        "bTrigger": false
    },
    "Transform": {
        "WorldMatrix": [
            0.9999976754188538,
            -5.6768025388009846e-05,
            -0.002147423103451729,
            0.0,
            4.6472487156279385e-05,
            0.9999884963035583,
            -0.004794115200638771,
            0.0,
            0.0021476703695952892,
            0.004794004373252392,
            0.9999861717224121,
            0.0,
            0.0032998998649418354,
            0.4118969738483429,
            -0.0068424167111516,
            1.0
        ]
    }
}