{"KineticType":0,"LocalMatrix":[1.600000023841858,0.0,0.0,0.0,0.0,1.600000023841858,0.0,0.0,0.0,0.0,1.600000023841858,0.0,0.0,-0.9528131484985352,0.0,1.0],"ModelTags":["../Bin/Resources/Model/StaticModel/MapStaicModels/Kinetic/WheelChair/SM_WheelChair_01a.static_model\u0000"],"ObjectTag":"","Prototype_GameObject":"Prototype_GameObject_MapKinetic_Object\u0000","RigidBody":{"ColliderType":4,"Density":10.0,"OriginTransform":[1.8950636386871338,0.0,0.0,0.0,0.0,1.9322657585144043,0.0,0.0,0.0,0.0,1.4905894994735718,0.0,0.0,0.0,0.0,1.0],"ShapeType":0,"bKinematic":false,"bTrigger":false},"Transform":{"WorldMatrix":[0.9999992251396179,-9.711309758131392e-06,-0.0012323197443038225,0.0,4.16360762756085e-06,0.9999898672103882,-0.004501759074628353,0.0,0.0012323509436100721,0.004501750692725182,0.9999890923500061,0.0,-0.0015630079433321953,1.0351428985595703,-0.002113363007083535,1.0]}}