{"KineticType":0,"LocalMatrix":[1.2999999523162842,0.0,0.0,0.0,0.0,1.2999999523162842,0.0,0.0,0.0,0.0,1.2999999523162842,0.0,0.08679845929145813,-0.5877351760864258,0.0,1.0],"ModelTags":["../Bin/Resources/Model/StaticModel/MapStaicModels/Kinetic/Trolley/Trolley.static_model\u0000"],"ObjectTag":"","Prototype_GameObject":"Prototype_GameObject_MapKinetic_Object\u0000","RigidBody":{"ColliderType":4,"Density":10.0,"OriginTransform":[3.037883758544922,0.0,0.0,0.0,0.0,1.2009555101394653,0.0,0.0,0.0,0.0,1.1716721057891846,0.0,0.0,0.0,0.0,1.0],"ShapeType":0,"bKinematic":false,"bTrigger":false},"Transform":{"WorldMatrix":[0.9999123215675354,0.012088639661669731,-0.00540044205263257,0.0,-0.01211446151137352,0.9999151825904846,-0.004774638917297125,0.0,0.005342265125364065,0.004839644301682711,0.9999740123748779,0.0,-0.006855155806988478,0.6880248785018921,0.007247540634125471,1.0]}}