{"KineticType":0,"LocalMatrix":[2.5,0.0,0.0,0.0,0.0,2.5,0.0,0.0,0.0,0.0,2.5,0.0,0.0,-0.6324216723442078,0.0,1.0],"ModelTags":["../Bin/Resources/Model/StaticModel/MapStaicModels/Kinetic/UtilityBox/Utility_Box_13.static_model\u0000"],"ObjectTag":"","Prototype_GameObject":"Prototype_GameObject_MapKinetic_Object\u0000","RigidBody":{"ColliderType":4,"Density":10.0,"OriginTransform":[1.9056007862091064,0.0,0.0,0.0,0.0,1.2660856246948242,0.0,0.0,0.0,0.0,0.8519020676612854,0.0,0.0,0.0,0.0,1.0],"ShapeType":0,"bKinematic":false,"bTrigger":false},"Transform":{"WorldMatrix":[0.9999996423721313,-8.995932148536667e-06,-0.000850232201628387,0.0,5.1707961574720684e-06,0.9999898672103882,-0.004498826339840889,0.0,0.0008502640994265676,0.004498820751905441,0.9999895095825195,0.0,-0.00014276681758929044,0.7020456790924072,-0.0030230556149035692,1.0]}}