{"RigidBody":{"ColliderType":9,"Density":10.0,"OriginTransform":[-6.556707887739321e-08,1.5,0.0,0.0,-4.0,-1.7484555314695172e-07,0.0,0.0,0.0,0.0,0.9999287128448486,0.0,0.0,4.2866973876953125,0.0,1.0],"ShapeType":2,"bKinematic":true,"bTrigger":false}}