{
    "ControlledRigidBody": {
        "ColliderType": 1,
        "contactOffset": 0.10000000149011612,
        "density": 10.0,
        "height": 1.100000023841858,
        "maxJumpHeight": 3.0,
        "pushPower": 100.0,
        "radius": 0.8999999761581421,
        "slopeLimitDegree": 45.0,
        "stepOffset": 0.10000000149011612
    },
    "ObjectTag": "Flower_Leg",
    "Prototype_GameObject": "FlowerLeg\u0000",
    "UIPivotMatrix": [
        1.0,
        0.0,
        0.0,
        0.0,
        0.0,
        1.0,
        0.0,
        0.0,
        0.0,
        0.0,
        1.0,
        0.0,
        0.0,
        -1.2,
        0.0,
        1.0
    ],
    "RigidBody": {
        "ColliderType": 5,
        "Density": 10.0,
        "OriginTransform": [
            15.0,
            0.0,
            0.0,
            0.0,
            0.0,
            15.0,
            0.0,
            0.0,
            0.0,
            0.0,
            15.0,
            0.0,
            0.0,
            0.0,
            0.0,
            1.0
        ],
        "ShapeType": 1,
        "bKinematic": false,
        "bTrigger": true
    },
    "Transform": {
        "WorldMatrix": [
            1.0,
            2.2814572730567306e-05,
            0.0001875879825092852,
            0.0,
            -2.196610876126215e-05,
            0.9999897480010986,
            -0.004521775059401989,
            0.0,
            -0.0001876892347354442,
            0.004521770402789116,
            0.9999897480010986,
            0.0,
            -0.9999993443489075,
            0.21265201270580292,
            26.999492645263672,
            1.0
        ]
    }
}