{
    "ControlledRigidBody": {
        "ColliderType": 1,
        "contactOffset": 0.10000000149011612,
        "density": 100.0,
        "height": 0.699999988079071,
        "maxJumpHeight": 3.0,
        "pushPower": 400.0,
        "radius": 0.699999988079071,
        "slopeLimitDegree": 10.0,
        "stepOffset": 0.10000000149011612
    },
    "ObjectTag": "",
    "Prototype_GameObject": "Monster_em1100\u0000",
    "RigidBody": {
        "ColliderType": 7,
        "Density": 10.0,
        "OriginTransform": [
            1.0,
            0.0,
            0.0,
            0.0,
            0.0,
            1.0,
            0.0,
            0.0,
            0.0,
            0.0,
            1.0,
            0.0,
            0.0,
            0.0,
            0.0,
            1.0
        ],
        "ShapeType": 0,
        "bKinematic": false,
        "bTrigger": false
    },
    "Transform": {
        "WorldMatrix": [
            1.0,
            0.0,
            0.0,
            0.0,
            0.0,
            1.0,
            0.0,
            0.0,
            0.0,
            0.0,
            1.0,
            0.0,
            1.9025331735610962,
            1.000105381011963,
            -2.62607479095459,
            1.0
        ]
    }
}