{"ControlledRigidBody":{"ColliderType":1,"contactOffset":0.10000000149011612,"density":100.0,"height":1.0,"maxJumpHeight":3.0,"pushPower":100.0,"radius":1.7000000476837158,"slopeLimitDegree":45.0,"stepOffset":0.10000000149011612},"ObjectTag":"","Prototype_GameObject":"Monster_em1100\u0000","RigidBody":{"ColliderType":7,"Density":10.0,"OriginTransform":[1.0,0.0,0.0,0.0,0.0,1.0,0.0,0.0,0.0,0.0,1.0,0.0,0.0,0.0,0.0,1.0],"ShapeType":0,"bKinematic":false,"bTrigger":false},"Transform":{"WorldMatrix":[1.0,0.0,0.0,0.0,0.0,1.0,0.0,0.0,0.0,0.0,1.0,0.0,3.000005006790161,0.49999967217445374,9.451864242553711,1.0]}}