{
    "RigidBody": {
        "ColliderType": 8,
        "Density": 10.0,
        "OriginTransform": [
            2.0,
            0.0,
            0.0,
            0.0,
            0.0,
            3.0,
            0.0,
            0.0,
            0.0,
            0.0,
            4.0,
            0.0,
            0.10127830505371094,
            -0.5722148418426514,
            -0.5058130621910095,
            1.0
        ],
        "ShapeType": 0,
        "bKinematic": true,
        "bTrigger": false
    }
}