{"RigidBody":{"ColliderType":8,"Density":10.0,"OriginTransform":[-0.9366732835769653,1.9906386137008667,0.0,0.0,-0.9048338532447815,-0.4257596731185913,0.0,0.0,0.0,0.0,2.199998378753662,0.0,-1.2742388248443604,1.3541483879089355,0.0,1.0],"ShapeType":2,"bKinematic":true,"bTrigger":false}}