{"RigidBody":{"ColliderType":8,"Density":10.0,"OriginTransform":[-3.184870138284168e-06,-5.796227647153485e-12,-3.5,0.0,0.0,0.5,-8.280325210219264e-13,0.0,3.5,0.0,-3.184870138284168e-06,0.0,0.0,-0.7252289056777954,-0.6580854058265686,1.0],"ShapeType":2,"bKinematic":true,"bTrigger":false}}