{"ControlledRigidBody":{"ColliderType":1,"contactOffset":0.10000000149011612,"density":10.0,"height":1.0,"maxJumpHeight":3.0,"pushPower":100.0,"radius":0.5,"slopeLimitDegree":45.0,"stepOffset":0.10000000149011612},"ObjectTag":"","Prototype_GameObject":"SkummyPandou\u0000","RigidBody":{"ColliderType":5,"Density":10.0,"OriginTransform":[1.2000000476837158,0.0,0.0,0.0,0.0,1.2000000476837158,0.0,0.0,0.0,0.0,1.2000000476837158,0.0,0.0,0.0,0.0,1.0],"ShapeType":1,"bKinematic":false,"bTrigger":true},"Transform":{"WorldMatrix":[0.7538191676139832,-0.0,0.6570812463760376,0.0,0.0,1.0,0.0,0.0,-0.6570791006088257,0.0,0.7538166642189026,0.0,70.83457946777344,0.029998313635587692,-10.07844352722168,1.0]}}