{"ObjectTag":"","Priority":9999,"Prototype_GameObject":"ProtoPostVFX_Scifi\u0000","ShaderParams":{"Float2s":[],"Float4s":[[0.46666666865348816,0.14509804546833038,0.9803921580314636,1.0]],"Float4x4s":[],"Floats":[0.9459999799728394],"Ints":[],"Pass":0,"Textures":["..\\Bin\\Resources\\Texture\\VFX\\T_ef_scl_noi_012_005.png\u0000","..\\Bin\\Resources\\Texture\\VFX\\T_static_baseVis_pattern.png\u0000"]},"Transform":{"WorldMatrix":[1.0,0.0,0.0,0.0,0.0,1.0,0.0,0.0,0.0,0.0,1.0,0.0,0.0,0.0,0.0,1.0]}}