{"ChildrenUI":[{"ChildTag":"SASSKill_ColleagueName1\u0000","ObjectTag":"SASSKill_ColleagueName1","Pivot":5,"PositionX":-139.0,"PositionY":147.0,"Priority":3,"Prototype_GameObject":"SASSkillDefault_UI\u0000","ScaleX":0.699999988079071,"ScaleY":0.699999988079071,"ShaderParams":{"Float2s":[[0.0,0.0],[2.0,10.0]],"Float4s":[],"Float4x4s":[],"Floats":[],"Ints":[0],"Pass":13,"Textures":["..\\Bin\\Resources\\UI\\Front_UI\\SASSKill_ColleagueName.dds\u0000"]},"SizeX":128.0,"SizeY":32.0,"Transform":{"WorldMatrix":[89.48802185058594,-4.478133678436279,0.0,0.0,1.1195334196090698,22.372005462646484,0.0,0.0,0.0,0.0,1.0,0.0,500.99951171875,-212.99951171875,0.0,1.0]}},{"ChildTag":"SASSKill_ColleagueName2\u0000","ObjectTag":"SASSKill_ColleagueName2","Pivot":5,"PositionX":-178.0,"PositionY":111.0,"Priority":3,"Prototype_GameObject":"SASSkillDefault_UI\u0000","ScaleX":0.699999988079071,"ScaleY":0.699999988079071,"ShaderParams":{"Float2s":[[0.0,1.0],[2.0,10.0]],"Float4s":[],"Float4x4s":[],"Floats":[],"Ints":[0],"Pass":13,"Textures":["..\\Bin\\Resources\\UI\\Front_UI\\SASSKill_ColleagueName.dds\u0000"]},"SizeX":128.0,"SizeY":32.0,"Transform":{"WorldMatrix":[89.48802185058594,-4.478133678436279,0.0,0.0,1.1195334196090698,22.372005462646484,0.0,0.0,0.0,0.0,1.0,0.0,461.99951171875,-248.99951171875,0.0,1.0]}},{"ChildTag":"SASSKill_ColleagueName3\u0000","ObjectTag":"SASSKill_ColleagueName3","Pivot":5,"PositionX":-95.0,"PositionY":107.0,"Priority":3,"Prototype_GameObject":"SASSkillDefault_UI\u0000","ScaleX":0.699999988079071,"ScaleY":0.699999988079071,"ShaderParams":{"Float2s":[[0.0,2.0],[2.0,10.0]],"Float4s":[],"Float4x4s":[],"Floats":[],"Ints":[0],"Pass":13,"Textures":["..\\Bin\\Resources\\UI\\Front_UI\\SASSKill_ColleagueName.dds\u0000"]},"SizeX":128.0,"SizeY":32.0,"Transform":{"WorldMatrix":[89.48802185058594,-4.478133678436279,0.0,0.0,1.1195334196090698,22.372005462646484,0.0,0.0,0.0,0.0,1.0,0.0,544.99951171875,-252.99951171875,0.0,1.0]}},{"ChildTag":"SASSKill_ColleagueName4\u0000","ObjectTag":"SASSKill_ColleagueName4","Pivot":5,"PositionX":-135.0,"PositionY":65.0,"Priority":3,"Prototype_GameObject":"SASSkillDefault_UI\u0000","ScaleX":0.699999988079071,"ScaleY":0.699999988079071,"ShaderParams":{"Float2s":[[0.0,3.0],[2.0,10.0]],"Float4s":[],"Float4x4s":[],"Floats":[],"Ints":[0],"Pass":13,"Textures":["..\\Bin\\Resources\\UI\\Front_UI\\SASSKill_ColleagueName.dds\u0000"]},"SizeX":128.0,"SizeY":32.0,"Transform":{"WorldMatrix":[89.48802185058594,-4.478133678436279,0.0,0.0,1.1195334196090698,22.372005462646484,0.0,0.0,0.0,0.0,1.0,0.0,504.99951171875,-294.99951171875,0.0,1.0]}},{"ChildTag":"SASSKill_SuperPower1\u0000","ObjectTag":"SASSKill_SuperPower1","Pivot":5,"PositionX":-139.0,"PositionY":147.0,"Priority":3,"Prototype_GameObject":"SASSkillDefault_UI\u0000","ScaleX":0.699999988079071,"ScaleY":0.699999988079071,"ShaderParams":{"Float2s":[[0.0,0.0],[2.0,10.0]],"Float4s":[],"Float4x4s":[],"Floats":[],"Ints":[0],"Pass":13,"Textures":["..\\Bin\\Resources\\UI\\Front_UI\\SASSKill_SuperPower.dds\u0000"]},"SizeX":128.0,"SizeY":32.0,"Transform":{"WorldMatrix":[89.48802185058594,-4.478133678436279,0.0,0.0,1.1195334196090698,22.372005462646484,0.0,0.0,0.0,0.0,1.0,0.0,500.99951171875,-212.99951171875,0.0,1.0]}},{"ChildTag":"SASSKill_SuperPower2\u0000","ObjectTag":"SASSKill_SuperPower2","Pivot":5,"PositionX":-178.0,"PositionY":111.0,"Priority":4,"Prototype_GameObject":"SASSkillDefault_UI\u0000","ScaleX":0.699999988079071,"ScaleY":0.699999988079071,"ShaderParams":{"Float2s":[[1.0,2.0],[2.0,10.0]],"Float4s":[],"Float4x4s":[],"Floats":[],"Ints":[0],"Pass":13,"Textures":["..\\Bin\\Resources\\UI\\Front_UI\\SASSKill_SuperPower.dds\u0000"]},"SizeX":128.0,"SizeY":32.0,"Transform":{"WorldMatrix":[89.48802185058594,-4.478133678436279,0.0,0.0,1.1195334196090698,22.372005462646484,0.0,0.0,0.0,0.0,1.0,0.0,461.99951171875,-248.99951171875,0.0,1.0]}},{"ChildTag":"SASSKill_SuperPower3\u0000","ObjectTag":"SASSKill_SuperPower3","Pivot":5,"PositionX":-95.0,"PositionY":107.0,"Priority":3,"Prototype_GameObject":"SASSkillDefault_UI\u0000","ScaleX":0.699999988079071,"ScaleY":0.699999988079071,"ShaderParams":{"Float2s":[[0.0,6.0],[2.0,10.0]],"Float4s":[],"Float4x4s":[],"Floats":[],"Ints":[0],"Pass":13,"Textures":["..\\Bin\\Resources\\UI\\Front_UI\\SASSKill_SuperPower.dds\u0000"]},"SizeX":128.0,"SizeY":32.0,"Transform":{"WorldMatrix":[89.48802185058594,-4.478133678436279,0.0,0.0,1.1195334196090698,22.372005462646484,0.0,0.0,0.0,0.0,1.0,0.0,544.99951171875,-252.99951171875,0.0,1.0]}},{"ChildTag":"SASSKill_SuperPower4\u0000","ObjectTag":"SASSKill_SuperPower4","Pivot":5,"PositionX":-135.0,"PositionY":65.0,"Priority":3,"Prototype_GameObject":"SASSkillDefault_UI\u0000","ScaleX":0.699999988079071,"ScaleY":0.699999988079071,"ShaderParams":{"Float2s":[[2.0,7.0],[2.0,10.0]],"Float4s":[],"Float4x4s":[],"Floats":[],"Ints":[0],"Pass":13,"Textures":["..\\Bin\\Resources\\UI\\Front_UI\\SASSKill_SuperPower.dds\u0000"]},"SizeX":128.0,"SizeY":32.0,"Transform":{"WorldMatrix":[89.48802185058594,-4.478133678436279,0.0,0.0,1.1195334196090698,22.372005462646484,0.0,0.0,0.0,0.0,1.0,0.0,504.99951171875,-294.99951171875,0.0,1.0]}},{"ChildTag":"SASSkill_Gauge1\u0000","ObjectTag":"SASSkill_Gauge1","Pivot":5,"PositionX":-139.0,"PositionY":157.0,"Priority":3,"Prototype_GameObject":"SASSkillGauge_UI\u0000","ScaleX":0.8500000238418579,"ScaleY":0.8500000238418579,"ShaderParams":{"Float2s":[],"Float4s":[[0.9275479316711426,0.8026859760284424,0.9810606241226196,1.0],[0.0,0.0,0.0,0.0]],"Float4x4s":[],"Floats":[1.0,1.0],"Ints":[],"Pass":15,"Textures":["..\\Bin\\Resources\\UI\\Front_UI\\T_White.png\u0000","..\\Bin\\Resources\\UI\\Front_UI\\SASSkill_LightEmissive.dds\u0000","..\\Bin\\Resources\\UI\\Front_UI\\64.64_SASSkill_Gauge1.dds\u0000"]},"SizeX":128.0,"SizeY":128.0,"Transform":{"WorldMatrix":[-108.79986572265625,0.17327873408794403,0.0,0.0,-0.17327873408794403,-108.79986572265625,0.0,0.0,0.0,0.0,1.0,0.0,500.99951171875,-202.99951171875,0.0,1.0]}},{"ChildTag":"SASSkill_Gauge1Back\u0000","ObjectTag":"SASSkill_Gauge1Back","Pivot":5,"PositionX":-139.0,"PositionY":157.0,"Priority":2,"Prototype_GameObject":"SASSkillGauge_UI\u0000","ScaleX":0.8500000238418579,"ScaleY":0.8500000238418579,"ShaderParams":{"Float2s":[],"Float4s":[[0.8261356949806213,0.42045456171035767,1.0,1.0]],"Float4x4s":[],"Floats":[1.0],"Ints":[],"Pass":19,"Textures":["..\\Bin\\Resources\\UI\\Front_UI\\T_White.png\u0000","..\\Bin\\Resources\\UI\\Front_UI\\64.64_SASSkill_Gauge0.dds\u0000"]},"SizeX":128.0,"SizeY":128.0,"Transform":{"WorldMatrix":[-108.79986572265625,0.17327874898910522,0.0,0.0,-0.17327874898910522,-108.79986572265625,0.0,0.0,0.0,0.0,1.0,0.0,500.99951171875,-202.99951171875,0.0,1.0]}},{"ChildTag":"SASSkill_Gauge2\u0000","ObjectTag":"SASSkill_Gauge2","Pivot":5,"PositionX":-179.0,"PositionY":117.0,"Priority":3,"Prototype_GameObject":"SASSkillGauge_UI\u0000","ScaleX":0.8500000238418579,"ScaleY":0.8500000238418579,"ShaderParams":{"Float2s":[],"Float4s":[[1.0,0.8572148084640503,0.8409091234207153,1.0]],"Float4x4s":[],"Floats":[1.0,1.0],"Ints":[],"Pass":15,"Textures":["..\\Bin\\Resources\\UI\\Front_UI\\T_White.png\u0000","..\\Bin\\Resources\\UI\\Front_UI\\SASSkill_LightEmissive.dds\u0000","..\\Bin\\Resources\\UI\\Front_UI\\64.64_SASSkill_Gauge1.dds\u0000"]},"SizeX":128.0,"SizeY":128.0,"Transform":{"WorldMatrix":[-108.79986572265625,0.17327873408794403,0.0,0.0,-0.17327873408794403,-108.79986572265625,0.0,0.0,0.0,0.0,1.0,0.0,460.99951171875,-242.99951171875,0.0,1.0]}},{"ChildTag":"SASSkill_Gauge2Back\u0000","ObjectTag":"SASSkill_Gauge2Back","Pivot":5,"PositionX":-179.0,"PositionY":117.0,"Priority":2,"Prototype_GameObject":"SASSkillGauge_UI\u0000","ScaleX":0.8500000238418579,"ScaleY":0.8500000238418579,"ShaderParams":{"Float2s":[],"Float4s":[[0.9924242496490479,0.449492484331131,0.38719579577445984,0.0]],"Float4x4s":[],"Floats":[1.0],"Ints":[],"Pass":19,