{"ChildrenUI":[{"ChildTag":"PlauerInfo_GaugeArrow\u0000","ObjectTag":"PlauerInfo_GaugeArrow","Pivot":6,"PositionX":0.0,"PositionY":106.0,"Priority":0,"Prototype_GameObject":"Default_UI\u0000","ScaleX":0.699999988079071,"ScaleY":0.699999988079071,"ShaderParams":{"Float2s":[],"Float4s":[],"Float4x4s":[],"Floats":[],"Ints":[],"Pass":0,"Textures":["..\\Bin\\Resources\\UI\\Front_UI\\PlayerInfo_PsychokinesisArrow.png\u0000"]},"SizeX":13.0,"SizeY":11.0,"Transform":{"WorldMatrix":[9.09999942779541,0.0,0.0,0.0,0.0,7.699999809265137,0.0,0.0,0.0,0.0,1.0,0.0,-0.011817827820777893,-253.98818969726563,0.0,1.0]}},{"ChildTag":"PlayerInfo_EndHp\u0000","ObjectTag":"PlayerInfo_EndHp","Pivot":6,"PositionX":61.0,"PositionY":57.5,"Priority":2,"Prototype_GameObject":"PlayerInfo_HpBothEndsUI\u0000","ScaleX":0.699999988079071,"ScaleY":0.699999988079071,"ShaderParams":{"Float2s":[],"Float4s":[[0.6745098233222961,0.12156862765550613,0.12156862765550613,1.0]],"Float4x4s":[],"Floats":[-19.0,0.0,0.30000001192092896],"Ints":[0,0,2],"Pass":22,"Textures":["","","..\\Bin\\Resources\\UI\\Front_UI\\EndHp.png\u0000","","","..\\Bin\\Resources\\UI\\Front_UI\\EndHpBack.png\u0000","..\\Bin\\Resources\\UI\\Front_UI\\T_White.png\u0000"]},"SizeX":20.0,"SizeY":40.0,"Transform":{"WorldMatrix":[14.0,0.0,0.0,0.0,0.0,28.0,0.0,0.0,0.0,0.0,1.0,0.0,60.988182067871094,-302.4881896972656,0.0,1.0]}},{"ChildTag":"PlayerInfo_EndHpBack\u0000","ObjectTag":"PlayerInfo_EndHpBack","Pivot":6,"PositionX":61.0,"PositionY":58.0,"Priority":1,"Prototype_GameObject":"PlayerInfo_HpBothEndsUI\u0000","ScaleX":0.699999988079071,"ScaleY":0.699999988079071,"ShaderParams":{"Float2s":[],"Float4s":[[1.0,0.12941177189350128,0.10980392247438431,0.30000001192092896]],"Float4x4s":[],"Floats":[-18.97532844543457,0.0],"Ints":[0,0,2],"Pass":23,"Textures":["","","..\\Bin\\Resources\\UI\\Front_UI\\EndHpBack.png\u0000"]},"SizeX":20.0,"SizeY":40.0,"Transform":{"WorldMatrix":[14.0,0.0,0.0,0.0,0.0,28.0,0.0,0.0,0.0,0.0,1.0,0.0,60.988182067871094,-301.9881896972656,0.0,1.0]}},{"ChildTag":"PlayerInfo_Hp0\u0000","ObjectTag":"PlayerInfo_Hp0","Pivot":6,"PositionX":-100.0,"PositionY":57.5,"Priority":2,"Prototype_GameObject":"PlayerInfo_HpUI\u0000","ScaleX":0.699999988079071,"ScaleY":0.699999988079071,"ShaderParams":{"Float2s":[],"Float4s":[[0.6705882549285889,0.12156862765550613,0.12156862765550613,1.0]],"Float4x4s":[],"Floats":[-0.3333333134651184,0.07999999821186066,0.30000001192092896],"Ints":[5,1,2],"Pass":22,"Textures":["..\\Bin\\Resources\\UI\\Front_UI\\HpGaeuge5.png\u0000","..\\Bin\\Resources\\UI\\Front_UI\\HpGaeuge10.png\u0000","..\\Bin\\Resources\\UI\\Front_UI\\HpDefault.png\u0000","..\\Bin\\Resources\\UI\\Front_UI\\HpGaeugeBack5.png\u0000","..\\Bin\\Resources\\UI\\Front_UI\\HpGaeugeBack10.png\u0000","..\\Bin\\Resources\\UI\\Front_UI\\HpDefaultBack.png\u0000","..\\Bin\\Resources\\UI\\Front_UI\\T_White.png\u0000"]},"SizeX":40.0,"SizeY":40.0,"Transform":{"WorldMatrix":[28.0,0.0,0.0,0.0,0.0,28.0,0.0,0.0,0.0,0.0,1.0,0.0,-100.0118179321289,-302.4881896972656,0.0,1.0]}},{"ChildTag":"PlayerInfo_Hp1\u0000","ObjectTag":"PlayerInfo_Hp1","Pivot":6,"PositionX":-72.0,"PositionY":57.5,"Priority":2,"Prototype_GameObject":"PlayerInfo_HpUI\u0000","ScaleX":0.699999988079071,"ScaleY":0.699999988079071,"ShaderParams":{"Float2s":[],"Float4s":[[0.6705882549285889,0.12156862765550613,0.12156862765550613,1.0]],"Float4x4s":[],"Floats":[-1.3333332538604736,0.07999999821186066,0.30000001192092896],"Ints":[10,1,2],"Pass":22,"Textures":["..\\Bin\\Resources\\UI\\Front_UI\\HpGaeuge5.png\u0000","..\\Bin\\Resources\\UI\\Front_UI\\HpGaeuge10.png\u0000","..\\Bin\\Resources\\UI\\Front_UI\\HpDefault.png\u0000","..\\Bin\\Resources\\UI\\Front_UI\\HpGaeugeBack5.png\u0000","..\\Bin\\Resources\\UI\\Front_UI\\HpGaeugeBack10.png\u0000","..\\Bin\\Resources\\UI\\Front_UI\\HpDefaultBack.png\u0000","..\\Bin\\Resources\\UI\\Front_UI\\T_White.png\u0000"]},"SizeX":40.0,"SizeY":40.0,"Transform":{"WorldMatrix":[28.0,0.0,0.0,0.0,0.0,28.0,0.0,0.0,0.0,0.0,1.0,0.0,-72.0118179321289,-302.4881896972656,0.0,1.0]}},{"ChildTag":"PlayerInfo_Hp2\u0000","ObjectTag":"PlayerInfo_Hp2","Pivot":6,"PositionX":-44.0,"PositionY":57.5,"Priority":2,"Prototype_GameObject":"PlayerInfo_HpUI\u0000","ScaleX":0.699999988079071,"ScaleY":0.699999988079071,"ShaderParams":{"Float2s":[],"Float4s":[[0.6705882549285889,0.12156862765550613,0.12156862765550613,1.0]],"Float4x4s":[],"Floats":[-2.3333332538604736,0.07999999821186066,0.30000001192092896],"Ints":[10,1,2],"Pass":22,"Textures":["..\\Bin\\Resources\\UI\\Front_UI\\HpGaeuge5.png\u0000","..\\Bin\\Resources\\UI\\Front_UI\\HpGaeuge10.png\u0000","..\\Bin\\Resources\\UI\\Front_UI\\HpDefault.png\u0000","..\\Bin\\Resources\\UI\\Front_UI\\HpGaeugeBack5.png\u0000","..\\Bin\\Resources\\UI\\Front_UI\\HpGaeugeBack10.png\u0000","..\\Bin\\Resources\\UI\\Front_UI\\HpDefaultBack.png\u0000","..\\Bin\\Resources\\UI\\Front_UI\\T_White.png\u0000"]},"SizeX":40.0,"SizeY":40.0,"Transform":{"WorldMatrix":[28.0,0.0,0.0,0.0,0.0,28.0,0.0,0.0,0.0,0.0,1.0,0.0,-44.011817932128906,-302.4881896972656,0.0,1.0]}},{"ChildTag":"PlayerInfo_Hp3\u0000","ObjectTag":"PlayerInfo_Hp3","Pivot":6,"PositionX":-16.0,"PositionY":57.5,"Priority":2,"Prototype_GameObject":"PlayerInfo_HpUI\u0000","ScaleX":0.699999988079071,"ScaleY":0.699999988079071,"ShaderParams":{"Float2s":[],"Float4s":[[0.6705882549285889,0.12156862765550613,0.12156862765550613,1.0]],"Float4x4s":[],"Floats":[-3.3333332538604736,0.07999999821186066,0.30000001192092896],"Ints":[5,1,2],"Pass":22,"Textures":["..\\Bin\\Resources\\UI\\Front_UI\\HpGaeuge5.png\u0000","..\\Bin\\Resources\\UI\\Front_UI\\HpGaeuge10.png\u0000","..\\Bin\\Resources\\UI\\Front_UI\\HpDefault.png\u0000","..\\Bin\\Resources\\UI\\Front_UI\\HpGaeugeBack5.png\u0000","..\\Bin\\Resources\\UI\\Front_UI\\HpGaeugeBack10.png\u0000","..\\Bin\\Resources\\UI\\Front_UI\\HpDefaultBack.png\u0000","..\\Bin\\Resources\\UI\\Front_UI\\T_White.png\u0000"]},"SizeX":40.0,"SizeY":40.0,"Transform":{"WorldMatrix":[28.0,0.0,0.0,0.0,0.0,28.0,0.0,0.0,0.0,0.0,1.0,0.0,-16.011817932128906,-302.4881896972656,0.0,1.0]}},{"ChildTag":"PlayerInfo_Hp4\u0000","ObjectTag":"PlayerInfo_Hp4","Pivot":6,"PositionX":12.0,"PositionY":57.5,"Priority":2,"Prototype_GameObject":"PlayerInfo_HpUI\u0000","ScaleX":0.699999988079071,"ScaleY":0.699999988079071,"ShaderParams":{"Float2s":[],"Float4s":[[0.6705882549285889,0.12156862765550613,0.12156862765550613,1.0]],"Float4x4s":[],"Floats":[-4.3333330154418945,0.07999999821186066,0.30000001192092896],"Ints":[10,1,2],"Pass":22,"Textures":["..\\Bin\\Resources\\UI\\Front_UI\\HpGaeuge5.png\u0000","..\\Bin\\Resources\\UI\\Front_UI\\HpGaeuge10.png\u0000","..\\Bin\\Resources\\UI\\Front_UI\\HpDefault.png\u0000","..\\Bin\\Resources\\UI\\Front_UI\\HpGaeugeBack5.png\u0000","..\\Bin\\Resources\\UI\\Front_UI\\HpGaeugeBack10.png\u0000","..\\Bin\\Resources\\UI\\Front_UI\\HpDefaultBack.png\u0000","..\\Bin\\Resources\\UI\\Front_UI\\T_White.png\u0000"]},"SizeX":40.0,"SizeY":40.0,"Transform":{"WorldMatrix":[28.0,0.0,0.0,0.0,0.0,28.0,0.0,0.0,0.0,0.0,1.0,0.0,11.988182067871094,-302.4881896972656,0.0,1.0]}},{"ChildTag":"PlayerInfo_Hp5\u0000","ObjectTag":"PlayerInfo_Hp5","Pivot":6,"PositionX":40.0,"PositionY":57.5,"Priority":2,"Prototype_GameObject":"PlayerInfo_HpUI\u0000","ScaleX":0.699999988079071,"ScaleY":0.699999988079071,"ShaderParams":{"Float2s":[],"Float4s":[[0.6705882549285889,0.12156862765550613,0.12156862765550613,1.0]],"Float4x4s":[],"Floats":[-5.3333330154418945,0.07999999821186066,0.30000001192092896],"Ints":[10,1,2],"Pass":22,"Textures":["..\\Bin\\Resources\\UI\\Front_UI\\HpGaeuge5.png\u0000","..\\Bin\\Resources\\UI\\Front_UI\\HpGaeuge10.png\u0000","..\\Bin\\Resources\\UI\\Front_UI\\HpDefault.png\u0000","..\\Bin\\Resources\\UI\\Front_UI\\HpGaeugeBack5.png\u0000","..\\Bin\\Resources\\UI\\Front_UI\\HpGaeugeBack10.png\u0000","..\\Bin\\Resources\\UI\\Front_UI\\HpDefaultBack.png\u0000","..\\Bin\\Resources\\UI\\Front_UI\\T_White.png\u0000"]},"SizeX":40.0,"SizeY":40.0,