{"BurstCnt":11,"ConeDirDegree":60.0,"ConeOriginRadius":1.0,"Duration":1.2999999523162842,"FromOrigin":true,"IncreaseMaxSize":0.15000000596046448,"Life":1.0,"LifeMinMax":[2.0,3.0],"LifeRand":true,"Loop":true,"ObjectTag":"","Pass":4,"Prototype_GameObject":"ProtoVFX_ParticleSystem\u0000","ShaderParams":{"ShaderParams":{"Float2s":[],"Float4s":[],"Float4x4s":[],"Floats":[1.0,0.5],"Ints":[],"Pass":0,"Textures":["..\\Bin\\Resources\\Texture\\VFX\\T_ef_one_obj_009.png\u0000","..\\Bin\\Resources\\Texture\\VFX\\T_ef_ptn_sym_001.png\u0000"]}},"Shape":1,"SpawnTickTime":1.0,"Speed":0.30000001192092896,"SpeedMinMax":[0.4000000059604645,0.699999988079071],"SpeedRand":true,"SphereRadius":4.0,"Transform":{"WorldMatrix":[0.4687725305557251,0.0,0.0,0.0,0.0,0.5456472039222717,0.0,0.0,0.0,0.0,0.4609224498271942,0.0,0.0,0.7324193716049194,0.0,1.0]},"bLocal":true,"bSizeDecreaseByLife":false,"bSizeIncreaseByLife":true,"pSize":[0.10000000149011612,0.10000000149011612]}