{
    "BilboardType": 1,
    "BufferType": 0,
    "BurstCnt": 3,
    "ConeDirDegree": 30.0,
    "ConeOriginRadius": 2.5,
    "Duration": 0.4000000059604645,
    "FromOrigin": false,
    "GravityPowerMinMax": [
        0.0,
        0.0
    ],
    "IncreaseMaxSize": 5.0,
    "Life": 1.0,
    "LifeMinMax": [
        1.0,
        1.5
    ],
    "LifeRand": true,
    "Loop": false,
    "MeshBufferProtoTag": "",
    "MeshSize": [
        1.0,
        1.0,
        1.0
    ],
    "ObjectTag": "",
    "Prototype_GameObject": "ProtoVFX_ParticleSystem\u0000",
    "RandDirMax": [
        1.0,
        1.0,
        1.0
    ],
    "RandDirMin": [
        0.0,
        0.0,
        0.0
    ],
    "RotationToTimeMax": [
        0.0,
        0.0,
        0.0
    ],
    "RotationToTimeMin": [
        0.0,
        0.0,
        0.0
    ],
    "ScaleVariation": [
        1.0,
        1.0,
        1.0
    ],
    "ShaderParams": {
        "Float2s": [],
        "Float4s": [
            [
                0.5052013397216797,
                0.4848240613937378,
                0.4188603162765503,
                1.0
            ]
        ],
        "Float4x4s": [],
        "Floats": [],
        "Ints": [],
        "Pass": 8,
        "Textures": [
            "..\\Bin\\Resources\\Texture\\VFX\\T_ef_ev_smoke_kai_001.png\u0000"
        ]
    },
    "ShaderProtoTag": "Prototype_Component_Shader_VtxPointInstance_Particle",
    "Shape": 1,
    "SpawnTickTime": 0.30000001192092896,
    "Speed": 3.0,
    "SpeedMinMax": [
        1.0,
        1.2999999523162842
    ],
    "SpeedRand": false,
    "SphereDetail": false,
    "SphereRadius": 4.0,
    "Transform": {
        "WorldMatrix": [
            0.9657688736915588,
            0.19851233065128326,
            0.1669779121875763,
            0.0,
            -0.2594006359577179,
            0.7390764355659485,
            0.621670663356781,
            0.0,
            -1.3411036547950062e-07,
            -0.6437054872512817,
            0.7652724981307983,
            0.0,
            0.0,
            0.0,
            0.0,
            1.0
        ]
    },
    "bGravity": false,
    "bLocal": false,
    "bNonAlpha": false,
    "bRotate": false,
    "bSizeDecreaseByLife": false,
    "bSizeIncreaseByLife": false,
    "pSize": [
        1.5,
        1.5
    ]
}