{
    "BilboardType": 0,
    "BufferType": 0,
    "BurstCnt": 15,
    "ConeDirDegree": 45.0,
    "ConeOriginRadius": 0.20000000298023224,
    "Duration": 1.0,
    "FromOrigin": true,
    "GravityPowerMinMax": [
        0.0,
        0.0
    ],
    "IncreaseMaxSize": 3.0,
    "Life": 3.0,
    "LifeMinMax": [
        1.0,
        2.0
    ],
    "LifeRand": true,
    "Loop": false,
    "MeshBufferProtoTag": "",
    "MeshSize": [
        1.0,
        1.0,
        1.0
    ],
    "ObjectTag": "",
    "Prototype_GameObject": "ProtoVFX_ParticleSystem\u0000",
    "RandDirMax": [
        1.0,
        1.0,
        1.0
    ],
    "RandDirMin": [
        0.0,
        0.0,
        0.0
    ],
    "RotationToTimeMax": [
        0.0,
        0.0,
        0.0
    ],
    "RotationToTimeMin": [
        0.0,
        0.0,
        0.0
    ],
    "ScaleVariation": [
        1.0,
        1.0,
        1.0
    ],
    "ShaderParams": {
        "Float2s": [],
        "Float4s": [
            [
                0.49723225831985474,
                0.4971825182437897,
                0.4971825182437897,
                1.0
            ]
        ],
        "Float4x4s": [],
        "Floats": [
            0.014999999664723873
        ],
        "Ints": [],
        "Pass": 8,
        "Textures": [
            "..\\Bin\\Resources\\Texture\\VFX\\T_ef_ev_smoke_kai_001.png\u0000"
        ]
    },
    "ShaderProtoTag": "Prototype_Component_Shader_VtxPointInstance_Particle",
    "Shape": 1,
    "SpawnTickTime": 1.0,
    "Speed": 1.0,
    "SpeedMinMax": [
        1.0,
        2.0
    ],
    "SpeedRand": false,
    "SphereDetail": false,
    "SphereRadius": 4.0,
    "Transform": {
        "WorldMatrix": [
            -0.1562596559524536,
            -0.3097384572029114,
            0.9376294612884521,
            0.0,
            0.28758862614631653,
            0.8940877914428711,
            0.3432826101779938,
            0.0,
            -0.9449014067649841,
            0.3233785331249237,
            -0.05064602941274643,
            0.0,
            0.0,
            0.0,
            0.0,
            1.0
        ]
    },
    "bGravity": false,
    "bLocal": false,
    "bNonAlpha": false,
    "bRotate": false,
    "bSizeDecreaseByLife": false,
    "bSizeIncreaseByLife": true,
    "pSize": [
        2.0,
        2.0
    ]
}