{
    "ControlledRigidBody": {
        "ColliderType": 1,
        "contactOffset": 0.10000000149011612,
        "density": 10.0,
        "height": 1.2999999523162842,
        "maxJumpHeight": 3.0,
        "pushPower": 100.0,
        "radius": 1.2999999523162842,
        "slopeLimitDegree": 45.0,
        "stepOffset": 0.10000000149011612
    },
    "ObjectTag": "Bron_Jon",
    "Prototype_GameObject": "BronJon\u0000",
    "RigidBody": {
        "ColliderType": 5,
        "Density": 10.0,
        "OriginTransform": [
            20.0,
            0.0,
            0.0,
            0.0,
            0.0,
            20.0,
            0.0,
            0.0,
            0.0,
            0.0,
            20.0,
            0.0,
            0.0,
            0.0,
            0.0,
            1.0
        ],
        "ShapeType": 1,
        "bKinematic": false,
        "bTrigger": true
    },
    "Transform": {
        "WorldMatrix": [
            1.0,
            0.0,
            0.0,
            0.0,
            0.0,
            1.0,
            0.0,
            0.0,
            0.0,
            0.0,
            1.0,
            0.0,
            0.03366225212812424,
            0.2020014375448227,
            29.55376625061035,
            1.0
        ]
    }
}