{"RigidBody":{"ColliderType":9,"Density":10.0,"OriginTransform":[-1.9670125084303436e-07,4.5,0.0,0.0,-6.0,-2.6226831550957286e-07,0.0,0.0,0.0,0.0,0.9998770356178284,0.0,0.0,3.204418659210205,1.2615668773651123,1.0],"ShapeType":2,"bKinematic":true,"bTrigger":false}}