{"RigidBody":{"ColliderType":9,"Density":10.0,"OriginTransform":[-4.371138828673793e-08,1.0,0.0,0.0,-10.0,-4.37113897078234e-07,0.0,0.0,0.0,0.0,0.9997632503509521,0.0,0.0,0.0,0.0,1.0],"ShapeType":2,"bKinematic":true,"bTrigger":false}}