{"ObjectTag":"","Priority":0,"Prototype_GameObject":"ProtoPostVFX_SASPortrait\u0000","ShaderParams":{"Float2s":[],"Float4s":[[1.0,0.23137255012989044,0.003921568859368563,0.0]],"Float4x4s":[],"Floats":[1.0,0.26899999380111694],"Ints":[],"Pass":9,"Textures":["..\\Bin\\Resources\\Texture\\VFX\\T_en_Stripe01.png\u0000"]},"Transform":{"WorldMatrix":[1.0,0.0,0.0,0.0,0.0,1.0,0.0,0.0,0.0,0.0,1.0,0.0,0.0,0.0,0.0,1.0]}}