{"ObjectTag":"","Priority":0,"Prototype_GameObject":"ProtoPostVFX_SASPortrait\u0000","ShaderParams":{"Float2s":[],"Float4s":[[1.0,0.23137255012989044,0.003921568859368563,0.0],[0.9570662379264832,0.4589751958847046,0.04846924543380737,0.0]],"Float4x4s":[],"Floats":[0.0,-1.3725485587201547e-05,0.0,0.9873452186584473],"Ints":[],"Pass":9,"Textures":["..\\Bin\\Resources\\Texture\\VFX\\T_en_Stripe01.png\u0000","..\\Bin\\Resources\\Texture\\VFX\\T_ef_scl_noi_012_005.png\u0000","..\\Bin\\Resources\\Texture\\VFX\\T_ef_scl_noi_068.png\u0000","..\\Bin\\Resources\\Texture\\VFX\\AlphaGradient\\T_Mask_Ramp_LeftRight_02.dds\u0000"]},"Transform":{"WorldMatrix":[1.0,0.0,0.0,0.0,0.0,1.0,0.0,0.0,0.0,0.0,1.0,0.0,0.0,0.0,0.0,1.0]}}