{"BatchObjs":[{"JsonData":{"CurveSmooth":50.0,"ObjectTag":"","Points":[[0.0,-1.8700443506240845,0.0,1.0],[-0.8664140701293945,-1.000000238418579,-1.9276542663574219,1.0],[-0.4355897903442383,0.48680776357650757,-0.8721961975097656,1.0],[-1.7769756317138672,1.7853646278381348,-0.5702438354492188,1.0],[1.0830402374267578,4.314700603485107,-0.5702438354492188,1.0],[-0.1441364288330078,6.53464412689209,-0.5702438354492188,1.0],[-3.575270652770996,9.508926391601563,-0.5702476501464844,1.0],[-4.858872413635254,12.910787582397461,-0.5702476501464844,1.0],[-3.239603042602539,14.793813705444336,-0.5702476501464844,1.0],[-0.9264955520629883,17.070175170898438,-0.5834541320800781,1.0],[-1.6613616943359375,17.89676856994629,-1.2174797058105469,1.0],[-3.0500240325927734,17.45053482055664,-2.2655181884765625,1.0],[-4.405008316040039,17.11521339416504,-3.2113609313964844,1.0],[-2.480611801147461,16.788394927978516,-6.626094818115234,1.0],[-5.565624237060547,17.54037094116211,-10.79365348815918,1.0],[-7.15882682800293,16.069353103637695,-14.482833862304688,1.0],[-7.643133163452148,16.71002960205078,-18.25695037841797,1.0],[-9.918615341186523,16.822202682495117,-22.299631118774414,1.0],[-10.815362930297852,16.91926383972168,-27.19548988342285,1.0],[-8.491243362426758,16.335115432739258,-45.11952209472656,1.0],[-8.874382972717285,16.91918182373047,-47.97789764404297,1.0],[-9.220832824707031,18.2420597076416,-51.57344055175781,1.0],[-12.341087341308594,16.656709671020508,-52.627655029296875,1.0],[-14.555480003356934,14.261947631835938,-57.843719482421875,1.0],[-14.867887496948242,13.663379669189453,-61.70574188232422,1.0],[-13.06265926361084,16.19630241394043,-65.73612976074219,1.0],[-11.643829345703125,16.087589263916016,-73.41914367675781,1.0],[-8.773433685302734,10.503124237060547,-72.00768280029297,1.0],[-7.102359771728516,6.184951305389404,-70.04421997070313,1.0],[-4.885527610778809,4.045332908630371,-66.76741027832031,1.0],[-4.752901077270508,0.8510341644287109,-64.20696258544922,1.0],[-8.686552047729492,0.4853421449661255,-62.96657943725586,1.0],[-9.57382583618164,0.9308161735534668,-55.378883361816406,1.0],[-13.447274208068848,0.48937082290649414,-47.53528594970703,1.0],[-16.012971878051758,-0.44547414779663086,-45.363739013671875,1.0],[-16.613277435302734,-1.0000073909759521,-44.70095443725586,1.0],[-25.620487213134766,0.6833372116088867,-59.54495620727539,1.0],[-21.549222946166992,1.2469122409820557,-62.29070281982422,1.0],[-21.133338928222656,1.9028291702270508,-66.18521881103516,1.0],[-21.774765014648438,3.9495744705200195,-68.40583038330078,1.0],[-26.166305541992188,6.450709819793701,-69.43509674072266,1.0],[-29.447261810302734,8.897829055786133,-71.18258666992188,1.0],[-31.346704483032227,10.808284759521484,-74.87770080566406,1.0],[-32.27388000488281,13.484920501708984,-78.05216979980469,1.0],[-33.7558708190918,15.777502059936523,-79.90924072265625,1.0],[-34.95835876464844,15.940618515014648,-78.38710021972656,1.0],[-36.094017028808594,15.458984375,-75.71236419677734,1.0],[-33.818824768066406,15.21522331237793,-70.77285766601563,1.0],[-32.426536560058594,15.406126022338867,-66.99227905273438,1.0],[-33.77790451049805,15.857587814331055,-61.82329559326172,1.0],[-37.24463653564453,14.064765930175781,-60.75891876220703,1.0],[-37.683189392089844,14.708810806274414,-58.05363464355469,1.0],[-39.59246063232422,16.805660247802734,-53.01594161987305,1.0],[-37.096717834472656,16.11323356628418,-47.29863357543945,1.0],[-38.806373596191406,14.622285842895508,-43.79485321044922,1.0],[-36.856292724609375,13.606672286987305,-40.143463134765625,1.0],[-37.94300079345703,14.549018859863281,-30.35244369506836,1.0],[-38.28828811645508,16.09619903564453,-22.91800308227539,1.0],[-35.93123245239258,15.04377555847168,-22.300823211669922,1.0],[-34.44367599487305,15.30689811706543,-18.23716163635254,1.0],[-36.273094177246094,12.921619415283203,-17.51246452331543,1.0],[-38.1211051940918,9.76835823059082,-11.67741584777832,1.0],[-41.263519287109375,8.773431777954102,-10.580791473388672,1.0],[-43.3166389465332,5.674521446228027,-15.062244415283203,1.0],[-45.83244323730469,4.970400810241699,-17.87186622619629,1.0],[-48.69644546508789,4.616690635681152,-21.784839630126953,1.0],[-47.13298416137695,0.7712459564208984,-25.781349182128906,1.0],[-42.81605529785156,0.30088698863983154,-28.777538299560547,1.0],[-38.201019287109375,0.3212636709213257,-30.344945907592773,1.0],[-36.87843704223633,-0.8173750042915344,-31.68970489501953,1.0],[-46.36252975463867,-0.00619959831237793,-34.067527770996094,1.0],[-49.5091667175293,0.1263446807861328,-35.67301940917969,1.0],[-53.53453826904297,0.41708052158355713,-38.7928352355957,1.0],[-57.0500373840332,0.3022040128707886,-37.142356872558594,1.0],[-59.79231262207031,-0.0061997175216674805,-34.92299270629883,1.0],[-62.615928649902344,-0.00619959831237793,-33.88405990600586,1.0],[-64.2655258178711,0.018727004528045654,-31.488128662109375,1.0],[-67.19786071777344,0.012227892875671387,-29.990463256835938,1.0],[-68.25959777832031,0.30284225940704346,-27.932754516601563,1.0],[-68.71320343017578,1.1998860836029053,-29.631103515625,1.0],[-68.69891357421875,2.8535685539245605,-29.72169303894043,1.0],[-68.73824310302734,3.4648733139038086,-28.12544822692871,1.0],[-68.69953918457031,4.816143989562988,-28.466154098510742,1.0],[-68.60662841796875,5.325316905975342,-29.72693634033203,1.0],[-68.26034545898438,5.459843158721924,-31.478469848632813,1.0],[-67.7585220336914,6.531805038452148,-32.599708557128906,1.0],[-67.17292785644531,6.9510498046875,-32.78814697265625,1.0],[-66.61420440673828,8.16408920288086,-31.961681365966797,1.0],[-64.62818908691406,7.634364604949951,-31.761165618896484,1.0],[-64.08891296386719,8.26087760925293,-31.564617156982422,1.0],[-66.25027465820313,9.460241317749023,-31.541637420654297,1.0],[-65.43400573730469,10.90260124206543,-32.91688537597656,1.0],[-64.56069946289063,12.555179595947266,-33.254310607910156,1.0],[-65.35599517822266,14.74751091003418,-33.77149200439453,1.0],[-64.721435546875,16.269319534301758,-34.28947067260742,1.0],[-63.895206451416016,16.990306854248047,-38.03955078125,1.0],[-60.545963287353516,16.516870498657227,-36.457679748535156,1.0],[-54.709716796875,15.617406845092773,-34.448158264160156,1.0],[-51.233497619628906,16.32970428466797,-32.85902404785156,1.0],[-47.42694091796875,16.429819107055664,-35.3714485168457,1.0],[-43.203712463378906,15.538217544555664,-37.00720977783203,1.0],[-40.25616455078125,15.079614639282227,-35.353492736816406,1.0],[-40.94755935668945,15.710397720336914,-33.73055648803711,1.0],[-41.195167541503906,16.696121215820313,-29.552276611328125,1.0],[-41.91795349121094,17.43385124206543,-22.605817794799805,1.0],[-41.280216217041016,17.183780670166016,-17.19538116455078,1.0],[-27.902143478393555,15.255233764648438,-14.68197250366211,1.0],[-27.115711212158203,14.17762565612793,-13.229488372802734,1.0],[-24.821880340576172,11.424320220947266,-14.054096221923828,1.0],[-25.881175994873047,9.431472778320313,-16.01329803466797,1.0],[-23.45909881591797,8.396795272827148,-15.874727249145508,1.0],[-21.981826782226563,6.7751145362854,-15.424844741821289,1.0],[-20.321483612060547,4.043371200561523,-16.18891716003418,1.0],[-20.593128204345703,1.260041356086731,-18.07033348083496,1.0],[-20.826461791992188,1.5925586223602295,-20.196496963500977,1.0],[-20.849437713623047,0.8667365312576294,-21.58202362060547,1.0],[-20.569828033447266,0.3214242458343506,-23.23025894165039,1.0],[-18.611221313476563,0.2671049237251282,-24.115345001220703,1.0],[-15.990147590637207,0.4245924949645996,-25.298797607421875,1.0],[-14.815053939819336,-0.028001368045806885,-26.13552474975586,1.0],[-12.40645980834961,0.11531245708465576,-30.99628257751465,1.0],[-8.835786819458008,0.11175274848937988,-34.598636627197266,1.0],[-5.922573089599609,0.19185197353363037,-32.54435729980469,1.0],[-2.628469467163086,0.19217729568481445,-34.59613037109375,1.0],[-2.093693733215332,2.945286273956299,-36.83811569213867,1.0],[-0.3925008773803711,