{"BatchObjs":[{"JsonData":{"CurveSmooth":50.0,"ObjectTag":"","Points":[[0.0,-4.472909450531006,0.0,1.0],[-1.4562606811523438,-3.91261625289917,-1.4637584686279297,1.0],[-2.6942520141601563,-1.0518271923065186,-2.0332159996032715,1.0],[-4.790225982666016,-1.0286310911178589,-1.8554425239562988,1.0],[-6.062456130981445,-1.0419617891311646,-3.843925952911377,1.0],[-8.298412322998047,-0.9054299592971802,-2.9605941772460938,1.0],[-9.288558959960938,-0.8322263956069946,-4.687309741973877,1.0],[-12.176532745361328,-0.6597753167152405,-6.6110100746154785,1.0],[-13.213478088378906,0.06740725040435791,-6.6852803230285645,1.0],[-13.193084716796875,1.3599036931991577,-6.865561008453369,1.0],[-14.133129119873047,2.8934178352355957,-8.042316436767578,1.0],[-17.160717010498047,5.715155124664307,-9.085542678833008,1.0],[-19.72844696044922,8.286434173583984,-8.597076416015625,1.0],[-20.739795684814453,10.727470397949219,-9.157184600830078,1.0],[-19.58151626586914,11.314529418945313,-11.358903884887695,1.0],[-20.788803100585938,12.695518493652344,-11.607851028442383,1.0],[-21.588027954101563,14.856956481933594,-13.299419403076172,1.0],[-21.344619750976563,17.506261825561523,-12.39016342163086,1.0],[-19.810840606689453,17.3939151763916,-10.744348526000977,1.0],[-16.85897445678711,16.51485824584961,-9.924161911010742,1.0],[-15.822006225585938,15.56412124633789,-8.243200302124023,1.0],[-14.40872573852539,16.066410064697266,-8.13557243347168,1.0],[-14.333919525146484,16.115108489990234,-5.865314960479736,1.0],[-15.530597686767578,16.39801788330078,-4.758462429046631,1.0],[-14.294864654541016,16.553258895874023,-3.2154059410095215,1.0],[-13.77389907836914,16.063512802124023,-2.181143283843994,1.0],[-13.896533966064453,16.28407096862793,1.2473971843719482,1.0],[-9.072906494140625,17.64923095703125,-5.1917853355407715,1.0],[0.5869331359863281,17.246139526367188,-3.5176682472229004,1.0],[37.42083740234375,17.928667068481445,-3.2853527069091797,1.0],[42.675682067871094,15.42138671875,15.454828262329102,1.0],[41.40504455566406,15.432979583740234,17.776193618774414,1.0],[41.23853302001953,13.962020874023438,18.50791358947754,1.0],[44.12190628051758,13.070025444030762,16.80928611755371,1.0],[45.556060791015625,12.610459327697754,15.216058731079102,1.0],[47.39208984375,12.220083236694336,14.416202545166016,1.0],[47.97850799560547,10.737958908081055,12.995182037353516,1.0],[46.84832763671875,8.847655296325684,14.698631286621094,1.0],[46.48663330078125,5.768097877502441,16.806135177612305,1.0],[45.32390213012695,4.418334007263184,18.9611759185791,1.0],[44.026580810546875,5.355853080749512,23.4981689453125,1.0],[42.981300354003906,4.126789569854736,24.29323959350586,1.0],[42.540008544921875,2.5737338066101074,24.816110610961914,1.0],[42.03749084472656,-0.625411868095398,25.23157501220703,1.0],[39.66681671142578,-1.024728775024414,25.976728439331055,1.0],[36.30417251586914,-1.013784408569336,25.716169357299805,1.0],[33.833045959472656,-1.0650361776351929,27.13627052307129,1.0],[31.14928436279297,-0.7756288051605225,26.269145965576172,1.0],[26.88751792907715,-1.008570671081543,26.157194137573242,1.0],[25.948429107666016,-0.8694322109222412,22.783897399902344,1.0],[51.904624938964844,-1.4930552244186401,17.649991989135742,1.0],[53.72504425048828,13.635527610778809,14.343555450439453,1.0],[50.69670104980469,15.708696365356445,13.827245712280273,1.0],[28.221555709838867,14.307835578918457,13.933330535888672,1.0],[22.362516403198242,13.152079582214355,14.278461456298828,1.0],[20.32271385192871,12.680456161499023,14.259929656982422,1.0],[14.96999740600586,11.717658996582031,14.00370979309082,1.0],[9.722609519958496,11.368358612060547,14.150190353393555,1.0],[4.188261032104492,12.016277313232422,14.682844161987305,1.0],[-4.68049430847168,15.035421371459961,14.10196304321289,1.0],[-9.579586029052734,16.383947372436523,14.904638290405273,1.0],[-14.711532592773438,16.586462020874023,14.122364044189453,1.0],[-18.760162353515625,16.311429977416992,14.539642333984375,1.0],[-17.163612365722656,16.745559692382813,7.9042229652404785,1.0],[-11.462850570678711,16.741836547851563,2.462756633758545,1.0],[-7.694999694824219,15.389633178710938,0.8491709232330322,1.0],[-5.358259201049805,14.974205017089844,0.539055347442627,1.0],[-2.084503173828125,14.50342082977295,-0.07694435119628906,1.0],[0.2937030792236328,13.88427734375,-0.45471858978271484,1.0],[5.279191970825195,12.723481178283691,-0.7525930404663086,1.0],[7.767367362976074,12.386687278747559,-0.4236457347869873,1.0],[12.795967102050781,12.644235610961914,0.3632369041442871,1.0],[16.120746612548828,13.060818672180176,1.178464651107788,1.0],[19.76542091369629,14.124412536621094,1.6213841438293457,1.0],[24.44434356689453,14.891473770141602,2.555237293243408,1.0],[29.620891571044922,14.66529655456543,3.031076431274414,1.0]],"Prototype_GameObject":"Prototype_RedString\u0000","Radius":0.03999999910593033,"Transform":{"WorldMatrix":[1.0,0.0,0.0,0.0,0.0,1.0,0.0,0.0,0.0,0.0,1.0,0.0,-19.071693420410156,1.473493218421936,-3.5167975425720215,1.0]}},"Preset":{"JsonPath":"","Layer":"Layer_MapDecorate","ProtoTag":"Prototype_RedString"},"WorldMatrix":[1.0,0.0,0.0,0.0,0.0,1.0,0.0,0.0,0.0,0.0,1.0,0.0,-19.071693420410156,1.473493218421936,-3.5167975425720215,1.0]}]}