{"CurveSmooth":50.0,"ObjectTag":"","Points":[[-23.69987678527832,-0.817782998085022,-14.631047248840332,1.0],[-18.05687141418457,-0.6309468746185303,-13.488842964172363,1.0],[-10.057146072387695,-0.7648674845695496,2.5477218627929688,1.0],[7.053327560424805,-0.5383193492889404,3.9580979347229004,1.0],[13.144695281982422,-0.5795074105262756,-4.33713436126709,1.0],[19.57491683959961,-0.9542360901832581,4.940086364746094,1.0],[24.84575843811035,-0.6045066118240356,-0.7408733367919922,1.0],[30.576126098632813,-1.0005953311920166,-3.080582618713379,1.0],[41.532108306884766,-0.9302548766136169,-7.865862846374512,1.0],[53.49043655395508,-0.9574741125106812,-4.017613410949707,1.0],[71.56158447265625,-0.9628928899765015,-4.512380599975586,1.0],[91.47834777832031,-1.4233180284500122,-2.2513513565063477,1.0]],"Prototype_GameObject":"Prototype_RedString\u0000","Radius":0.029999999329447746,"Transform":{"WorldMatrix":[1.0,0.0,0.0,0.0,0.0,1.0,0.0,0.0,0.0,0.0,1.0,0.0,-26.353445053100586,0.7949641942977905,-10.858124732971191,1.0]}}