{"CurveSmooth":50.0,"ObjectTag":"","Points":[[-23.699874877929688,-0.817782998085022,-14.631048202514648,1.0],[-18.056869506835938,-0.6309468746185303,-13.48884391784668,1.0],[-10.057144165039063,-0.7648674845695496,2.5477218627929688,1.0],[7.053327560424805,-0.5383193492889404,3.958097457885742,1.0],[13.144695281982422,-0.5795074105262756,-4.337133407592773,1.0],[22.065082550048828,-0.9542360305786133,-7.20387077331543,1.0],[27.901174545288086,-0.6045067310333252,-9.047342300415039,1.0],[34.29001998901367,-1.0005953311920166,-8.459417343139648,1.0],[41.532108306884766,-0.9302548766136169,-7.865862846374512,1.0],[53.49043655395508,-0.9574741125106812,-4.017613410949707,1.0],[71.56158447265625,-0.9628928899765015,-4.512380599975586,1.0],[91.47834777832031,-1.4233180284500122,-2.2513513565063477,1.0]],"Prototype_GameObject":"Prototype_RedString\u0000","Radius":0.029999999329447746,"Transform":{"WorldMatrix":[1.0,0.0,0.0,0.0,0.0,1.0,0.0,0.0,0.0,0.0,1.0,0.0,-31.924453735351563,0.7949603199958801,-21.13806915283203,1.0]}}