{"CurveSmooth":50.0,"ObjectTag":"","Points":[[-42.22245788574219,-0.8177840709686279,9.447273254394531,1.0],[-27.518634796142578,-0.6309468150138855,4.818532466888428,1.0],[-3.410633087158203,-0.764869213104248,-5.007404327392578,1.0],[7.533638000488281,-0.5383193492889404,-1.595273494720459,1.0],[14.754209518432617,-0.5795074701309204,-0.9768390655517578,1.0],[21.38126564025879,-0.9542360305786133,-1.5918464660644531,1.0],[29.50423240661621,-0.6045066118240356,1.1296443939208984,1.0],[31.401350021362305,-1.0005991458892822,-3.2259693145751953,1.0],[39.06611633300781,-0.9302530288696289,-5.7760844230651855,1.0],[50.63884735107422,-0.9574741125106812,-7.214293479919434,1.0],[89.00234985351563,-0.9628900289535522,3.385892629623413,1.0],[101.90962219238281,-1.4233176708221436,8.738276481628418,1.0]],"Prototype_GameObject":"Prototype_RedString\u0000","Radius":0.029999999329447746,"Transform":{"WorldMatrix":[-0.983119785785675,-1.7892050436785212e-06,0.18295542895793915,0.0,-2.589091991467285e-06,1.0,-4.133150923735229e-06,0.0,-0.18295542895793915,-4.5370707084657624e-06,-0.983119785785675,0.0,28.505706787109375,0.794964075088501,15.032365798950195,1.0]}}