{"CurveSmooth":50.0,"ObjectTag":"","Points":[[-23.52719497680664,-0.8177815675735474,-6.425276756286621,1.0],[-30.914661407470703,-0.630946934223175,20.935169219970703,1.0],[-3.0188121795654297,-0.7648674249649048,0.8990449905395508,1.0],[8.192300796508789,-0.5383193492889404,1.075770378112793,1.0],[22.36528968811035,-0.5795094966888428,-13.302362442016602,1.0],[29.726146697998047,-0.9542359113693237,-10.228155136108398,1.0],[27.709423065185547,-0.6045066118240356,-1.016505241394043,1.0],[42.44629669189453,-1.0005991458892822,4.285504341125488,1.0],[42.172019958496094,-0.9302529096603394,-12.011653900146484,1.0],[56.79330062866211,-0.9574741125106812,-12.018293380737305,1.0],[78.55872344970703,-0.9628926515579224,-10.032719612121582,1.0],[80.77301025390625,-1.4233200550079346,-9.308917045593262,1.0]],"Prototype_GameObject":"Prototype_RedString\u0000","Radius":0.029999999329447746,"Transform":{"WorldMatrix":[1.0,0.0,0.0,0.0,0.0,1.0,0.0,0.0,0.0,0.0,1.0,0.0,-23.048622131347656,0.7949641942977905,-3.8488097190856934,1.0]}}