{"CurveSmooth":50.0,"ObjectTag":"","Points":[[-38.06459045410156,-0.8177827596664429,7.797640800476074,1.0],[-35.48307800292969,-0.6309466361999512,7.8218889236450195,1.0],[3.743022918701172,-0.7648674249649048,1.1226615905761719,1.0],[10.561567306518555,-0.5383193492889404,0.8443393707275391,1.0],[14.754209518432617,-0.5795074701309204,-0.9768390655517578,1.0],[21.38126564025879,-0.9542360305786133,-1.5918464660644531,1.0],[29.50423240661621,-0.6045066118240356,1.1296443939208984,1.0],[34.80189514160156,-1.000601053237915,-3.125473976135254,1.0],[35.899192810058594,-0.9302529692649841,3.4799251556396484,1.0],[43.01420593261719,-0.9574742913246155,-0.2101278305053711,1.0],[74.47046661376953,-0.9628925919532776,-10.698553085327148,1.0],[67.06513214111328,-1.4233218431472778,6.148123741149902,1.0]],"Prototype_GameObject":"Prototype_RedString\u0000","Radius":0.029999999329447746,"Transform":{"WorldMatrix":[1.0,0.0,0.0,0.0,0.0,1.0,0.0,0.0,0.0,0.0,1.0,0.0,-22.250404357910156,0.7949644327163696,11.300171852111816,1.0]}}