{"CurveSmooth":50.0,"ObjectTag":"","Points":[[-23.52719497680664,-0.8177815675735474,-6.425276756286621,1.0],[-30.914661407470703,-0.630946934223175,20.935169219970703,1.0],[-3.4925498962402344,-0.7648674249649048,2.191446304321289,1.0],[8.192300796508789,-0.5383193492889404,1.0757713317871094,1.0],[15.107645034790039,-0.5795094966888428,2.3733062744140625,1.0],[23.080432891845703,-0.9542360305786133,2.2247352600097656,1.0],[29.11260986328125,-0.6045066118240356,-0.07555961608886719,1.0],[31.420148849487305,-1.0006029605865479,-4.6789045333862305,1.0],[40.57086944580078,-0.9302529692649841,-12.36827564239502,1.0],[53.87139892578125,-0.9574723243713379,-11.78798770904541,1.0],[78.55872344970703,-0.9628926515579224,-10.032719612121582,1.0],[80.77301025390625,-1.4233200550079346,-9.308917045593262,1.0]],"Prototype_GameObject":"Prototype_RedString\u0000","Radius":0.029999999329447746,"Transform":{"WorldMatrix":[1.0,0.0,0.0,0.0,0.0,1.0,0.0,0.0,0.0,0.0,1.0,0.0,-16.08090591430664,0.794964075088501,15.643810272216797,1.0]}}