{"CurveSmooth":50.0,"ObjectTag":"","Points":[[-35.40806198120117,-0.8177827596664429,2.0798559188842773,1.0],[-20.495975494384766,-0.6309468150138855,3.3078298568725586,1.0],[3.743022918701172,-0.7648674249649048,1.1226615905761719,1.0],[7.533638000488281,-0.5383193492889404,-1.595273494720459,1.0],[15.328254699707031,-0.5795074701309204,0.5235295295715332,1.0],[19.239192962646484,-0.9542360901832581,-4.537397384643555,1.0],[26.138330459594727,-0.6045064926147461,0.4765052795410156,1.0],[30.909473419189453,-1.0005991458892822,-4.709883689880371,1.0],[37.368988037109375,-0.9302530288696289,-6.493388652801514,1.0],[40.60218811035156,-0.9574741125106812,-3.1415205001831055,1.0],[73.0338134765625,-0.9628973603248596,-16.55897331237793,1.0],[72.98651123046875,-1.423317551612854,-19.27296257019043,1.0]],"Prototype_GameObject":"Prototype_RedString\u0000","Radius":0.029999999329447746,"Transform":{"WorldMatrix":[1.0,0.0,0.0,0.0,0.0,1.0,0.0,0.0,0.0,0.0,1.0,0.0,-22.654842376708984,0.7949643731117249,6.704010963439941,1.0]}}