{"CurveSmooth":50.0,"ObjectTag":"","Points":[[-23.52719497680664,-0.8177815675735474,-6.425276756286621,1.0],[-30.914661407470703,-0.630946934223175,20.935169219970703,1.0],[-3.0188121795654297,-0.7648674249649048,0.8990449905395508,1.0],[8.192300796508789,-0.5383193492889404,1.075770378112793,1.0],[15.278013229370117,-0.579509437084198,-5.718138694763184,1.0],[20.674911499023438,-0.9542360305786133,0.043564796447753906,1.0],[27.709423065185547,-0.6045066118240356,-1.016505241394043,1.0],[31.401350021362305,-1.0005991458892822,-3.2259702682495117,1.0],[33.55487060546875,-0.9302529692649841,-5.6431474685668945,1.0],[40.046592712402344,-0.9574741125106812,-6.80783748626709,1.0],[78.55872344970703,-0.9628926515579224,-10.032719612121582,1.0],[80.77301025390625,-1.4233200550079346,-9.308917045593262,1.0]],"Prototype_GameObject":"Prototype_RedString\u0000","Radius":0.029999999329447746,"Transform":{"WorldMatrix":[1.0,0.0,0.0,0.0,0.0,1.0,0.0,0.0,0.0,0.0,1.0,0.0,-26.70669937133789,0.7949641346931458,-15.401803016662598,1.0]}}