{"CurveSmooth":50.0,"ObjectTag":"","Points":[[-23.52719497680664,-0.8177815675735474,-6.425276756286621,1.0],[-30.914661407470703,-0.630946934223175,20.935169219970703,1.0],[-3.4925498962402344,-0.7648674249649048,2.191446304321289,1.0],[8.192300796508789,-0.5383193492889404,1.0757713317871094,1.0],[20.890708923339844,-0.5795095562934875,-13.362003326416016,1.0],[33.66896438598633,-0.954235851764679,-21.91028594970703,1.0],[43.662681579589844,-0.6045068502426147,-21.171178817749023,1.0],[50.81117248535156,-1.0006029605865479,-20.681610107421875,1.0],[65.70140075683594,-0.9302529096603394,-21.565410614013672,1.0],[74.98187255859375,-0.9574724435806274,-20.37406349182129,1.0],[78.55872344970703,-0.9628926515579224,-10.032719612121582,1.0],[80.77301025390625,-1.4233200550079346,-9.308917045593262,1.0]],"Prototype_GameObject":"Prototype_RedString\u0000","Radius":0.029999999329447746,"Transform":{"WorldMatrix":[1.0,0.0,0.0,0.0,0.0,1.0,0.0,0.0,0.0,0.0,1.0,0.0,-21.099842071533203,0.794964075088501,9.567123413085938,1.0]}}