{"CurveSmooth":50.0,"ObjectTag":"","Points":[[-31.696937561035156,-0.8177810907363892,2.8349013328552246,1.0],[-29.056873321533203,-0.6309468746185303,0.1264781951904297,1.0],[-10.057147979736328,-0.7648674845695496,2.5477218627929688,1.0],[7.053327560424805,-0.5383193492889404,3.9580979347229004,1.0],[16.967422485351563,-0.5795075297355652,7.879045486450195,1.0],[21.90215301513672,-0.9542360901832581,4.032355308532715,1.0],[27.0700740814209,-0.6045085191726685,-5.171442985534668,1.0],[34.230445861816406,-1.0005971193313599,-5.553021430969238,1.0],[40.95322036743164,-0.9302548766136169,-6.3570051193237305,1.0],[53.49043655395508,-0.9574741125106812,-4.017613410949707,1.0],[71.56158447265625,-0.9628928899765015,-4.512380599975586,1.0],[91.47834777832031,-1.4233180284500122,-2.2513513565063477,1.0]],"Prototype_GameObject":"Prototype_RedString\u0000","Radius":0.029999999329447746,"Transform":{"WorldMatrix":[1.0,0.0,0.0,0.0,0.0,1.0,0.0,0.0,0.0,0.0,1.0,0.0,-27.662837982177734,0.7949680089950562,-3.106410026550293,1.0]}}