{"ControlledRigidBody":{"ColliderType":1,"contactOffset":0.10000000149011612,"density":100.0,"height":1.7999999523162842,"maxJumpHeight":3.0,"pushPower":200.0,"radius":0.800000011920929,"slopeLimitDegree":45.0,"stepOffset":0.10000000149011612},"ObjectTag":"","Prototype_GameObject":"Monster_em220\u0000","Transform":{"WorldMatrix":[0.6005980968475342,0.0,-0.7995505332946777,0.0,0.0,1.0,0.0,0.0,0.7995498180389404,0.0,0.6005975604057312,0.0,1.1512117385864258,0.5000004172325134,3.514519453048706,1.0]}}