{"Density":0.003000000026077032,"FogColor":[0.13111621141433716,0.06623920798301697,0.06623920798301697],"FogHighlightColor":[0.3450980484485626,0.3450980484485626,0.3450980484485626],"HeightFalloff":0.10000000149011612,"StartDepth":30.0,"bFog":true}