{
    "BatchObjs": [
        {
            "JsonData": {
                "ControlledRigidBody": {
                    "ColliderType": 0,
                    "contactOffset": 0.10000000149011612,
                    "density": 100.0,
                    "height": 1.0,
                    "maxJumpHeight": 3.0,
                    "pushPower": 100.0,
                    "radius": 0.5,
                    "slopeLimitDegree": 45.0,
                    "stepOffset": 0.10000000149011612
                },
                "ObjectTag": "",
                "Prototype_GameObject": "Shop_NPC\u0000",
                "Transform": {
                    "WorldMatrix": [
                        -0.947594404220581,
                        -1.7245514527530759e-06,
                        -0.3194740414619446,
                        0.0,
                        -1.238506456502364e-06,
                        1.0,
                        -1.7245524759346154e-06,
                        0.0,
                        0.3194740414619446,
                        -1.2385057743813377e-06,
                        -0.947594404220581,
                        0.0,
                        60.639373779296875,
                        0.29558420181274414,
                        21.849687576293945,
                        1.0
                    ]
                }
            },
            "Preset": {
                "JsonPath": "",
                "Layer": "Layer_NPC",
                "ProtoTag": "Shop_NPC"
            },
            "WorldMatrix": [
                -0.947594404220581,
                -1.7245514527530759e-06,
                -0.3194740414619446,
                0.0,
                -1.238506456502364e-06,
                1.0,
                -1.7245524759346154e-06,
                0.0,
                0.3194740414619446,
                -1.2385057743813377e-06,
                -0.947594404220581,
                0.0,
                60.639373779296875,
                0.29558420181274414,
                21.849687576293945,
                1.0
            ]
        },
        {
            "JsonData": {
                "ControlledRigidBody": {
                    "ColliderType": 0,
                    "contactOffset": 0.10000000149011612,
                    "density": 100.0,
                    "height": 1.0,
                    "maxJumpHeight": 3.0,
                    "pushPower": 100.0,
                    "radius": 0.5,
                    "slopeLimitDegree": 45.0,
                    "stepOffset": 0.10000000149011612
                },
                "ObjectTag": "",
                "Prototype_GameObject": "Shop_NPC\u0000",
                "Transform": {
                    "WorldMatrix": [
                        -0.7561766505241394,
                        -1.3761854233962367e-06,
                        0.6543670892715454,
                        0.0,
                        -3.010825821547769e-06,
                        1.0,
                        -1.3761858781435876e-06,
                        0.0,
                        -0.6543670892715454,
                        -3.0108249120530672e-06,
                        -0.7561766505241394,
                        0.0,
                        -83.86972045898438,
                        -0.15000267326831818,
                        13.114511489868164,
                        1.0
                    ]
                }
            },
            "Preset": {
                "JsonPath": "",
                "Layer": "Layer_NPC",
                "ProtoTag": "Shop_NPC"
            },
            "WorldMatrix": [
                -0.7561766505241394,
                -1.3761854233962367e-06,
                0.6543670892715454,
                0.0,
                -3.010825821547769e-06,
                1.0,
                -1.3761858781435876e-06,
                0.0,
                -0.6543670892715454,
                -3.0108249120530672e-06,
                -0.7561766505241394,
                0.0,
                -83.86972045898438,
                -0.15000267326831818,
                13.114511489868164,
                1.0
            ]
        }
    ]
}