{"Adaptation":0.9350000023841858,"BloomScale":0.08399999886751175,"BloomThreshold":2.5,"MiddleGray":3.3919999599456787,"White":1.437000036239624}