{"Adaptation":1.0,"BloomScale":2.569999933242798,"BloomThreshold":3.0,"MiddleGray":15.26099967956543,"White":3.6559998989105225}