{"Adaptation":0.2840000092983246,"BloomScale":0.008999999612569809,"BloomThreshold":2.015000104904175,"Gamma":1.6119999885559082,"MiddleGray":11.163999557495117,"White":3.184000015258789}