{"Adaptation":0.20000000298023224,"BloomScale":0.20000000298023224,"BloomThreshold":1.25,"Gamma":2.1760001182556152,"MiddleGray":10.0,"White":2.5}