{"Adaptation":1.0,"BloomScale":0.03799999877810478,"BloomThreshold":2.5,"MiddleGray":2.690000057220459,"White":1.8309999704360962}