{"Adaptation":0.2840000092983246,"BloomScale":0.20499999821186066,"BloomThreshold":2.187999963760376,"Gamma":3.5299999713897705,"MiddleGray":14.48900032043457,"White":3.247999906539917}