{"Adaptation":0.20000000298023224,"BloomScale":0.20000000298023224,"BloomThreshold":1.25,"Gamma":1.7009999752044678,"MiddleGray":10.0,"White":2.5}