{"Adaptation":1.0,"BloomScale":0.05000000074505806,"BloomThreshold":1.3240000009536743,"MiddleGray":3.5940001010894775,"White":1.3940000534057617}