{"Adaptation":1.034000039100647,"BloomScale":0.10899999737739563,"BloomThreshold":1.340999960899353,"Gamma":1.7050000429153442,"MiddleGray":5.0269999504089355,"White":2.059000015258789}