{"Adaptation":0.2840000092983246,"BloomScale":0.20499999821186066,"BloomThreshold":1.305999994277954,"Gamma":2.3269999027252197,"MiddleGray":5.843999862670898,"White":1.5219999551773071}