{"Adaptation":0.2840000092983246,"BloomScale":0.09799999743700027,"BloomThreshold":1.305999994277954,"Gamma":2.059000015258789,"MiddleGray":6.3429999351501465,"White":5.0}