{"Adaptation":1.0,"BloomScale":0.08299999684095383,"BloomThreshold":2.5,"MiddleGray":15.26099967956543,"White":3.6559998989105225}