{"RigidBody":{"ColliderType":3,"Density":10.0,"OriginTransform":[3.4000000953674316,0.0,0.0,0.0,0.0,3.4000000953674316,0.0,0.0,0.0,0.0,3.4000000953674316,0.0,0.0,0.0,0.0,1.0],"ShapeType":1,"bKinematic":true,"bTrigger":false}}