{"RigidBody":{"ColliderType":5,"Density":10.0,"OriginTransform":[0.4000000059604645,0.0,0.0,0.0,0.0,0.5,0.0,0.0,0.0,0.0,0.4000000059604645,0.0,0.0,0.0,0.0,1.0],"ShapeType":2,"bKinematic":false,"bTrigger":true}}