{"RigidBody":{"ColliderType":5,"Density":10.0,"OriginTransform":[1.600000023841858,0.0,0.0,0.0,0.0,1.600000023841858,0.0,0.0,0.0,0.0,1.600000023841858,0.0,0.0,0.0,0.0,1.0],"ShapeType":1,"bKinematic":false,"bTrigger":true}}