{
    "ObjectTag": "",
    "Prototype_GameObject": "WaterBall\u0000",
    "RigidBody": {
        "ColliderType": 5,
        "Density": 10.0,
        "OriginTransform": [
            0.699999988079071,
            0.0,
            0.0,
            0.0,
            0.0,
            0.699999988079071,
            0.0,
            0.0,
            0.0,
            0.0,
            0.699999988079071,
            0.0,
            0.0,
            0.0,
            110.0,
            1.0
        ],
        "ShapeType": 1,
        "bKinematic": false,
        "bTrigger": true
    },
    "Transform": {
        "WorldMatrix": [
            -0.999223530292511,
            0.0,
            -0.03940029442310333,
            0.0,
            0.0,
            1.0,
            0.0,
            0.0,
            0.03940029442310333,
            0.0,
            -0.999223530292511,
            0.0,
            9.68760871887207,
            0.8619064688682556,
            42.042789459228516,
            1.0
        ]
    }
}