{"ControlledRigidBody":{"ColliderType":1,"contactOffset":0.10000000149011612,"density":100.0,"height":1.0,"maxJumpHeight":3.0,"pushPower":100.0,"radius":0.5,"slopeLimitDegree":45.0,"stepOffset":0.10000000149011612},"ObjectTag":"","Prototype_GameObject":"Monster_em900\u0000","RigidBody":{"ColliderType":8,"Density":10.0,"OriginTransform":[-7.868050033721374e-08,1.8000000715255737,0.0,0.0,-1.5,-6.556707887739321e-08,0.0,0.0,0.0,0.0,1.7999367713928223,0.0,0.0,-0.2640424966812134,0.0,1.0],"ShapeType":2,"bKinematic":true,"bTrigger":false},"Transform":{"WorldMatrix":[1.0,0.0,0.0,0.0,0.0,1.0,0.0,0.0,0.0,0.0,1.0,0.0,3.9441146850585938,1.9371509552001953e-07,1.654110312461853,1.0]}}