{"RigidBody":{"ColliderType":8,"Density":10.0,"OriginTransform":[-7.868050033721374e-08,1.8000000715255737,0.0,0.0,-1.5,-6.556707887739321e-08,0.0,0.0,0.0,0.0,1.799945592880249,0.0,0.0,-0.2640424966812134,0.0,1.0],"ShapeType":2,"bKinematic":true,"bTrigger":false}}