{"BatchObjs":[{"JsonData":{"InvisibleWall":{"ObjectTag":"","Points":[[1.2606661319732666,0.5000007152557373,14.157971382141113,1.0],[5.677701950073242,0.5000007152557373,14.108875274658203,1.0],[10.117677688598633,0.5000007152557373,15.480409622192383,1.0],[10.125728607177734,3.7564644813537598,25.71587371826172,1.0],[10.119930267333984,3.756000518798828,32.48567199707031,1.0],[10.0371732711792,3.7844676971435547,40.87462615966797,1.0],[8.75045394897461,3.75600004196167,44.239280700683594,1.0],[5.6673126220703125,3.7707042694091797,46.35280990600586,1.0],[2.3660223484039307,3.760000228881836,46.66206359863281,1.0],[-5.331327438354492,3.7600154876708984,47.04302215576172,1.0],[-5.3170857429504395,3.760000228881836,50.75196838378906,1.0],[-12.410927772521973,3.760000228881836,54.987998962402344,1.0],[-19.100852966308594,3.7540717124938965,55.489524841308594,1.0],[-18.810407638549805,3.7600021362304688,52.220115661621094,1.0],[-18.75714874267578,3.760000228881836,43.430179595947266,1.0],[-19.335756301879883,3.7600021362304688,35.93165588378906,1.0],[-18.66872787475586,3.759998321533203,29.865386962890625,1.0],[-16.384098052978516,3.7876663208007813,27.700271606445313,1.0],[-11.383652687072754,3.759998321533203,27.608919143676758,1.0],[-9.399598121643066,3.760000228881836,25.620201110839844,1.0],[-2.678864002227783,3.7611212730407715,25.65460968017578,1.0],[0.3171825408935547,3.7471609115600586,25.736780166625977,1.0],[1.1117315292358398,3.7471609115600586,25.666210174560547,1.0],[1.2994647026062012,2.7206966876983643,21.127870559692383,1.0],[1.3570396900177002,0.8300721645355225,16.049480438232422,1.0]],"Prototype_GameObject":"Prototype_InvisibleWall\u0000","SegmentSize":0.5,"Transform":{"WorldMatrix":[1.0,0.0,0.0,0.0,0.0,1.0,0.0,0.0,0.0,0.0,1.0,0.0,0.0,0.0,0.0,1.0]},"Visible":true},"ObjectTag":"FirstMonsterSpawn","Prototype_GameObject":"Prototype_SpawnTrigger\u0000","RigidBody":{"ColliderType":5,"Density":10.0,"OriginTransform":[10.0,0.0,0.0,0.0,0.0,10.0,0.0,0.0,0.0,0.0,5.0,0.0,0.0,0.0,0.0,1.0],"ShapeType":0,"bKinematic":false,"bTrigger":true},"SpawnEnemies":[[{"EnemyStat":{"AtkDamage":50,"HasCrushGage":false,"Level":2,"MaxCrushGage":100,"MaxHP":3000},"EnemyTag":"Monster_em650\u0000","WorldMatrix":[-0.3362719714641571,-6.119900604062423e-07,-0.9417634010314941,0.0,-0.004275504965335131,0.9999891519546509,0.0015259889187291265,0.0,0.941740095615387,0.004539598245173693,-0.33626365661621094,0.0,-5.560363292694092,3.7470006942749023,34.12894058227539,1.0]},{"EnemyStat":{"AtkDamage":50,"HasCrushGage":false,"Level":2,"MaxCrushGage":100,"MaxHP":3000},"EnemyTag":"Monster_em650\u0000","WorldMatrix":[-0.848521888256073,1.5442468566106982e-06,-0.529158353805542,0.0,-0.0023994739167392254,0.9999870657920837,0.00385054899379611,0.0,0.529143750667572,0.004536910448223352,-0.8484984636306763,0.0,-0.9035093784332275,3.746999979019165,39.9284782409668,1.0]},{"EnemyStat":{"AtkDamage":50,"HasCrushGage":false,"Level":2,"MaxCrushGage":100,"MaxHP":3000},"EnemyTag":"Monster_em650\u0000","WorldMatrix":[-0.9526805281639099,-1.7338078350803698e-06,-0.3039711117744446,0.0,-0.001380495959892869,0.9999840259552002,0.004320929758250713,0.0,0.3039630055427551,0.0045360480435192585,-0.9526551365852356,0.0,2.795766592025757,3.746999502182007,35.17741775512695,1.0]}],[{"EnemyStat":{"AtkDamage":50,"HasCrushGage":false,"Level":2,"MaxCrushGage":100,"MaxHP":600},"EnemyTag":"Monster_em400\u0000","WorldMatrix":[-0.5556796789169312,-1.0112958079844248e-06,0.8313758969306946,0.0,-5.315109319781186e-06,0.9999862313270569,-2.3361471903626807e-06,0.0,-0.8313208818435669,-5.716703526559286e-06,-0.55564284324646,0.0,1.2623095512390137,3.747000217437744,41.698150634765625,1.0]},{"EnemyStat":{"AtkDamage":50,"HasCrushGage":false,"Level":2,"MaxCrushGage":100,"MaxHP":600},"EnemyTag":"Monster_em400\u0000","WorldMatrix":[-0.5826138257980347,1.0603139344311785e-06,0.8127281069755554,0.0,3.4079104693773843e-07,0.9999862313270569,-1.0603175724099856e-06,0.0,-0.8126742839813232,-3.4076734323207347e-07,-0.5825752019882202,0.0,6.41323184967041,3.746999979019165,40.579566955566406,1.0]}]],"Transform":{"WorldMatrix":[1.0,0.0,0.0,0.0,0.0,1.0,0.0,0.0,0.0,0.0,1.0,0.0,5.494977951049805,2.0019474029541016,18.336565017700195,1.0]}},"Preset":{"JsonPath":"","Layer":"Layer_Trigger","ProtoTag":"Prototype_SpawnTrigger"},"WorldMatrix":[1.0,0.0,0.0,0.0,0.0,1.0,0.0,0.0,0.0,0.0,1.0,0.0,5.494977951049805,2.0019474029541016,18.336565017700195,1.0]},{"JsonData":{"InvisibleWall":{"ObjectTag":"","Points":[[-45.203041076660156,12.688497543334961,43.377159118652344,1.0],[-45.183406829833984,12.688499450683594,48.17877197265625,1.0],[-45.213497161865234,12.692035675048828,52.292205810546875,1.0],[-47.0993537902832,12.758997917175293,52.541690826416016,1.0],[-53.8908576965332,12.75899887084961,52.5643196105957,1.0],[-62.07649230957031,12.758994102478027,52.46232986450195,1.0],[-65.69392395019531,12.758993148803711,53.10915756225586,1.0],[-67.99907684326172,12.739291191101074,54.62327575683594,1.0],[-69.62537384033203,12.758999824523926,57.25660705566406,1.0],[-69.79280090332031,12.7620849609375,59.88981628417969,1.0],[-69.82213592529297,11.432388305664063,63.2746696472168,1.0],[-70.54466247558594,11.432000160217285,66.94063568115234,1.0],[-72.01345825195313,11.432000160217285,72.6217269897461,1.0],[-75.44657897949219,11.432000160217285,77.68624877929688,1.0],[-80.78350830078125,11.437028884887695,80.83919525146484,1.0],[-85.80326843261719,11.439253807067871,81.72431182861328,1.0],[-93.34744262695313,11.427206039428711,79.77883911132813,1.0],[-97.77972412109375,11.87619686126709,77.21085357666016,1.0],[-98.0497817993164,11.871664047241211,73.74703216552734,1.0],[-96.8895034790039,11.374252319335938,68.84549713134766,1.0],[-96.56014251708984,11.374252319335938,66.75939178466797,1.0],[-96.53207397460938,11.40870475769043,62.320919036865234,1.0],[-96.67207336425781,12.200834274291992,58.84397888183594,1.0],[-96.61702728271484,12.777587890625,56.023704528808594,1.0],[-97.55284881591797,12.770633697509766,52.450042724609375,1.0],[-98.22802734375,12.77199935913086,51.06143569946289,1.0],[-100.37740325927734,12.772000312805176,49.43828582763672,1.0],[-100.72146606445313,12.732999801635742,43.71934509277344,1.0],[-100.71987915039063,12.752558708190918,38.5353889465332,1.0],[-99.31187438964844,12.742514610290527,38.10884094238281,1.0],[-93.96271514892578,12.733000755310059,38.31127166748047,1.0],[-88.31208038330078,12.741999626159668,38.32147979736328,1.0],[-80.37696075439453,12.76043701171875,37.927406311035156,1.0],[-65.49752807617188,12.761845588684082,38.429229736328125,1.0],[-57.55488586425781,12.753535270690918,38.34032440185547,1.0],[-51.05842590332031,12.741999626159668,39.58939743041992,1.0],[-48.57247543334961,12.742000579833984,40.670475006103516,1.0],[-46.384368896484375,12.732675552368164,42.08094787597656,1.0]],"Prototype_GameObject":"Prototype_InvisibleWall\u0000","SegmentSize":0.5,"Transform":{"WorldMatrix":[1.0,0.0,0.0,0.0,0.0,1.0,0.0,0.0,0.0,0.0,1.0,0.0,0.0,0.0,0.0,1.0]},"Visible":true},"ObjectTag":"SecondSpawnTrigger","Prototype_GameObject":"Prototype_SpawnTrigger\u0000","RigidBody":{"ColliderType":5,"Density":10.0,"OriginTransform":[5.0,0.0,0.0,0.0,0.0,10.0,0.0,0.0,0.0,0.0,10.0,0.0,0.0,0.0,0.0,1.0],"ShapeType":0,"bKinematic":false,"bTrigger":true},"SpawnEnemies":[[{"EnemyStat":{"AtkDamage":50,"HasCrushGage":false,"Level":2,"MaxCrushGage":400,"MaxHP":3000},"EnemyTag":"Monster_em200\u0000","WorldMatrix":[-0.30398520827293396,2.7586676878854632e-05,-0.9526761174201965,0.0,-0.004301604349166155,0.99996018409729,0.0014015358174219728,0.0,0.9526309370994568,0.0045240470208227634,-0.30397069454193115,0.0,-68.25082397460938,12.733000755310059,50.44062423706055,1.0]},{"EnemyStat":{"AtkDamage":50,"HasCrushGage":false,"Level":2,"MaxCrushGage":400,"MaxHP":3000},"EnemyTag":"Monster_em200\u0000",