{"BatchObjs":[{"JsonData":{"ObjectTag":"FirstMonsterSpawn","Prototype_GameObject":"Prototype_SpawnTrigger\u0000","RigidBody":{"ColliderType":5,"Density":10.0,"OriginTransform":[10.0,0.0,0.0,0.0,0.0,10.0,0.0,0.0,0.0,0.0,5.0,0.0,0.0,0.0,0.0,1.0],"ShapeType":0,"bKinematic":false,"bTrigger":true},"SpawnEnemies":[[{"EnemyStat":{"AtkDamage":50,"HasCrushGage":false,"Level":2,"MaxCrushGage":100,"MaxHP":3000},"EnemyTag":"Monster_em650\u0000","WorldMatrix":[-0.3362719714641571,-6.119900604062423e-07,-0.9417634010314941,0.0,-0.004275504965335131,0.9999891519546509,0.0015259889187291265,0.0,0.941740095615387,0.004539598245173693,-0.33626365661621094,0.0,-5.560363292694092,3.7470006942749023,34.12894058227539,1.0]},{"EnemyStat":{"AtkDamage":50,"HasCrushGage":false,"Level":2,"MaxCrushGage":100,"MaxHP":3000},"EnemyTag":"Monster_em650\u0000","WorldMatrix":[-0.848521888256073,1.5442468566106982e-06,-0.529158353805542,0.0,-0.0023994739167392254,0.9999870657920837,0.00385054899379611,0.0,0.529143750667572,0.004536910448223352,-0.8484984636306763,0.0,-0.9035093784332275,3.746999979019165,39.9284782409668,1.0]},{"EnemyStat":{"AtkDamage":50,"HasCrushGage":false,"Level":2,"MaxCrushGage":100,"MaxHP":3000},"EnemyTag":"Monster_em650\u0000","WorldMatrix":[-0.9526805281639099,-1.7338078350803698e-06,-0.3039711117744446,0.0,-0.001380495959892869,0.9999840259552002,0.004320929758250713,0.0,0.3039630055427551,0.0045360480435192585,-0.9526551365852356,0.0,2.795766592025757,3.746999502182007,35.17741775512695,1.0]}],[{"EnemyStat":{"AtkDamage":50,"HasCrushGage":false,"Level":2,"MaxCrushGage":100,"MaxHP":600},"EnemyTag":"Monster_em400\u0000","WorldMatrix":[-0.5556796789169312,-1.0112958079844248e-06,0.8313758969306946,0.0,-5.315109319781186e-06,0.9999862313270569,-2.3361471903626807e-06,0.0,-0.8313208818435669,-5.716703526559286e-06,-0.55564284324646,0.0,1.2623095512390137,3.747000217437744,41.698150634765625,1.0]},{"EnemyStat":{"AtkDamage":50,"HasCrushGage":false,"Level":2,"MaxCrushGage":100,"MaxHP":600},"EnemyTag":"Monster_em400\u0000","WorldMatrix":[-0.5826138257980347,1.0603139344311785e-06,0.8127281069755554,0.0,3.4079104693773843e-07,0.9999862313270569,-1.0603175724099856e-06,0.0,-0.8126742839813232,-3.4076734323207347e-07,-0.5825752019882202,0.0,6.41323184967041,3.746999979019165,40.579566955566406,1.0]}]],"Transform":{"WorldMatrix":[1.0,0.0,0.0,0.0,0.0,1.0,0.0,0.0,0.0,0.0,1.0,0.0,5.494977951049805,2.0019474029541016,16.567874908447266,1.0]}},"Preset":{"JsonPath":"","Layer":"Layer_Trigger","ProtoTag":"Prototype_SpawnTrigger"},"WorldMatrix":[1.0,0.0,0.0,0.0,0.0,1.0,0.0,0.0,0.0,0.0,1.0,0.0,5.494977951049805,2.0019474029541016,16.567874908447266,1.0]},{"JsonData":{"ObjectTag":"SecondSpawnTrigger","Prototype_GameObject":"Prototype_SpawnTrigger\u0000","RigidBody":{"ColliderType":5,"Density":10.0,"OriginTransform":[5.0,0.0,0.0,0.0,0.0,10.0,0.0,0.0,0.0,0.0,10.0,0.0,0.0,0.0,0.0,1.0],"ShapeType":0,"bKinematic":false,"bTrigger":true},"SpawnEnemies":[[{"EnemyStat":{"AtkDamage":50,"HasCrushGage":false,"Level":2,"MaxCrushGage":400,"MaxHP":3000},"EnemyTag":"Monster_em200\u0000","WorldMatrix":[-0.30398520827293396,2.7586676878854632e-05,-0.9526761174201965,0.0,-0.004301604349166155,0.99996018409729,0.0014015358174219728,0.0,0.9526309370994568,0.0045240470208227634,-0.30397069454193115,0.0,-68.25082397460938,12.733000755310059,50.44062423706055,1.0]},{"EnemyStat":{"AtkDamage":50,"HasCrushGage":false,"Level":2,"MaxCrushGage":400,"MaxHP":3000},"EnemyTag":"Monster_em200\u0000","WorldMatrix":[0.4618827998638153,3.054376793443225e-05,-0.886938214302063,0.0,-0.004036406986415386,0.9999842047691345,-0.002067566616460681,0.0,0.8869307041168213,0.004535051062703133,0.46187907457351685,0.0,-72.87260437011719,12.756669044494629,41.582645416259766,1.0]}],[{"EnemyStat":{"AtkDamage":50,"HasCrushGage":false,"Level":1,"MaxCrushGage":100,"MaxHP":1000},"EnemyTag":"Monster_em750\u0000","WorldMatrix":[-0.17106811702251434,-3.113312914138078e-07,-0.9852583408355713,0.0,-2.6827251531358343e-08,1.0,-3.1133154720919265e-07,0.0,0.9852583408355713,-2.682722843871943e-08,-0.17106811702251434,0.0,-73.10236358642578,13.81204891204834,40.35205841064453,1.0]},{"EnemyStat":{"AtkDamage":50,"HasCrushGage":false,"Level":1,"MaxCrushGage":100,"MaxHP":1000},"EnemyTag":"Monster_em750\u0000","WorldMatrix":[0.19027873873710632,0.0,-0.9817284345626831,0.0,0.0,1.0,0.0,0.0,0.9817284345626831,0.0,0.19027873873710632,0.0,-73.8919906616211,13.732999801635742,48.579368591308594,1.0]}],[{"EnemyStat":{"AtkDamage":50,"HasCrushGage":false,"Level":2,"MaxCrushGage":100,"MaxHP":600},"EnemyTag":"Monster_em400\u0000","WorldMatrix":[0.009959197603166103,2.203973281211802e-06,-0.9999330639839172,0.0,5.349195816961583e-06,0.9999862313270569,2.257367441416136e-06,0.0,0.9998708367347717,-5.37104779141373e-06,0.009958576411008835,0.0,-97.4058609008789,12.732998847961426,44.63508224487305,1.0]},{"EnemyStat":{"AtkDamage":50,"HasCrushGage":false,"Level":2,"MaxCrushGage":100,"MaxHP":600},"EnemyTag":"Monster_em400\u0000","WorldMatrix":[-0.7707986831665039,-1.4027964425622486e-06,-0.6370517015457153,0.0,8.583448334320565e-07,0.9999862313270569,-3.2405348520114785e-06,0.0,0.6370093822479248,-3.044449840672314e-06,-0.7707474827766418,0.0,-93.37677001953125,12.732999801635742,46.46631622314453,1.0]},{"EnemyStat":{"AtkDamage":50,"HasCrushGage":false,"Level":2,"MaxCrushGage":100,"MaxHP":600},"EnemyTag":"Monster_em400\u0000","WorldMatrix":[-0.4682459235191345,-2.080196509268717e-06,-0.8835787177085876,0.0,3.2747911973274313e-06,0.9999862313270569,-4.0897043618315365e-06,0.0,0.88351970911026,-4.808268386113923e-06,-0.46821466088294983,0.0,-96.1957015991211,12.732999801635742,48.687625885009766,1.0]}]],"Transform":{"WorldMatrix":[1.0,0.0,0.0,0.0,0.0,1.0,0.0,0.0,0.0,0.0,1.0,0.0,-46.2292594909668,13.732999801635742,47.3978271484375,1.0]}},"Preset":{"JsonPath":"","Layer":"Layer_Trigger","ProtoTag":"Prototype_SpawnTrigger"},"WorldMatrix":[1.0,0.0,0.0,0.0,0.0,1.0,0.0,0.0,0.0,0.0,1.0,0.0,-46.2292594909668,13.732999801635742,47.3978271484375,1.0]},{"JsonData":{"ObjectTag":"ThirdSpawnTrigger","Prototype_GameObject":"Prototype_SpawnTrigger\u0000","RigidBody":{"ColliderType":5,"Density":10.0,"OriginTransform":[5.0,0.0,0.0,0.0,0.0,10.0,0.0,0.0,0.0,0.0,10.0,0.0,0.0,0.0,0.0,1.0],"ShapeType":0,"bKinematic":false,"bTrigger":true},"SpawnEnemies":[[{"EnemyStat":{"AtkDamage":50,"HasCrushGage":false,"Level":2,"MaxCrushGage":100,"MaxHP":3000},"EnemyTag":"Monster_em650\u0000","WorldMatrix":[0.3503192365169525,0.0,-0.936627984046936,0.0,-0.004247244447469711,0.9999897480010986,-0.0015885616885498166,0.0,0.9366062879562378,0.004534533247351646,0.3503111004829407,0.0,-136.34469604492188,12.741998672485352,40.551570892333984,1.0]},{"EnemyStat":{"AtkDamage":50,"HasCrushGage":false,"Level":2,"MaxCrushGage":100,"MaxHP":3000},"EnemyTag":"Monster_em650\u0000","WorldMatrix":[-0.1738210916519165,1.518164822300605e-06,-0.9847756028175354,0.0,-0.004464592784643173,0.9999874234199524,0.0007895793532952666,0.0,0.9847507476806641,0.00453380960971117,-0.17381669580936432,0.0,-138.58331298828125,12.732999801635742,45.999759674072266,1.0]}]],"Transform":{"WorldMatrix":[1.0,0.0,0.0,0.0,0.0,1.0,0.0,0.0,0.0,0.0,1.0,0.0,-120.42866516113281,13.732999801635742,44.0295524597168,1.0]}},"Preset":{"JsonPath":"","Layer":"Layer_Trigger","ProtoTag":"Prototype_SpawnTrigger"},"WorldMatrix":[1.0,0.0,0.0,0.0,0.0,1.0,0.0,0.0,0.0,0.0,1.0,0.0,-120.42866516113281,13.732999801635742,44.0295524597168,1.0]},{"JsonData":{"ObjectTag":"FourSpawnTrigger","Prototype_GameObject":"Prototype_SpawnTrigger\u0000","RigidBody":{"ColliderType":5,"Density":10.0,"OriginTransform":[10.0,0.0,0.0,0.0,0.0,10.0,0.0,0.0,0.0,0.0,5.0,0.0,0.0,0.0,0.0,1.0],"ShapeType":0,"bKinematic":false,"bTrigger":true},"SpawnEnemies":[[{"EnemyStat":{"AtkDamage":50,"HasCrushGage":true,"Level":2,"MaxCrushGage":1100,"MaxHP":1100},"EnemyTag":"Monster_em210\u0000",