{"BatchObjs":[{"JsonData":{"InvisibleWall":{"ObjectTag":"","Points":[[-30.234500885009766,45.08089065551758,-58.13399887084961,1.0],[-30.197242736816406,45.08226776123047,-62.565162658691406,1.0],[-30.177064895629883,45.08673095703125,-66.97496795654297,1.0],[-29.910381317138672,45.0880012512207,-73.28596496582031,1.0],[-30.076618194580078,45.0880012512207,-76.51589965820313,1.0],[-30.068195343017578,45.0880012512207,-77.81612396240234,1.0],[-28.611461639404297,45.0880012512207,-77.64053344726563,1.0],[-20.708017349243164,45.08497619628906,-77.7076644897461,1.0],[-15.773436546325684,45.080997467041016,-77.61376953125,1.0],[-10.518601417541504,45.09626770019531,-77.62185668945313,1.0],[10.903621673583984,45.0893440246582,-77.7086181640625,1.0],[19.486000061035156,45.09039306640625,-77.7086410522461,1.0],[29.486000061035156,45.147315979003906,-77.61680603027344,1.0],[30.21173858642578,45.088130950927734,-76.7599105834961,1.0],[30.165435791015625,45.09360122680664,-61.667999267578125,1.0],[30.22175407409668,45.080997467041016,-51.16649627685547,1.0],[30.176494598388672,45.089725494384766,-40.868194580078125,1.0],[30.231420516967773,45.0884895324707,-26.65896224975586,1.0],[28.212848663330078,45.094146728515625,-18.561513900756836,1.0],[16.262662887573242,45.08755874633789,-17.668100357055664,1.0],[-0.011475708335638046,45.079002380371094,-17.315195083618164,1.0],[-14.992396354675293,45.080997467041016,-17.376262664794922,1.0],[-27.29509925842285,45.080997467041016,-17.39242935180664,1.0],[-30.330280303955078,45.079002380371094,-17.471405029296875,1.0],[-30.281158447265625,45.085323333740234,-27.63368797302246,1.0],[-30.285953521728516,45.08014678955078,-37.53015899658203,1.0],[-30.31178092956543,45.08338928222656,-47.589263916015625,1.0]],"Prototype_GameObject":"Prototype_InvisibleWall\u0000","SegmentSize":0.5,"Transform":{"WorldMatrix":[1.0,0.0,0.0,0.0,0.0,1.0,0.0,0.0,0.0,0.0,1.0,0.0,0.0,0.0,0.0,1.0]},"Visible":true},"ObjectTag":"em320_spawn","Prototype_GameObject":"Prototype_SpawnTrigger\u0000","RigidBody":{"ColliderType":5,"Density":10.0,"OriginTransform":[9.0,0.0,0.0,0.0,0.0,9.0,0.0,0.0,0.0,0.0,9.0,0.0,0.0,0.0,0.0,1.0],"ShapeType":0,"bKinematic":false,"bTrigger":true},"SpawnEnemies":[[{"EnemyStat":{"AtkDamage":200,"HasCrushGage":false,"Level":7,"MaxCrushGage":400,"MaxHP":10000},"EnemyTag":"Monster_em320\u0000","WorldMatrix":[-0.05223511904478073,-8.298396210193459e-07,0.998634397983551,0.0,-2.6407124096294865e-06,1.0,6.928478342160815e-07,0.0,-0.998634397983551,-2.600915422590333e-06,-0.05223511904478073,0.0,-1.0343289375305176,45.0880012512207,-49.108558654785156,1.0]}]],"Transform":{"WorldMatrix":[1.0,0.0,0.0,0.0,0.0,1.0,0.0,0.0,0.0,0.0,1.0,0.0,-24.51771354675293,47.684722900390625,-62.94043731689453,1.0]}},"Preset":{"JsonPath":"","Layer":"Layer_Trigger","ProtoTag":"Prototype_SpawnTrigger"},"WorldMatrix":[1.0,0.0,0.0,0.0,0.0,1.0,0.0,0.0,0.0,0.0,1.0,0.0,-24.51771354675293,47.684722900390625,-62.94043731689453,1.0]},{"JsonData":{"ObjectTag":"","Prototype_GameObject":"Prototype_PlayerStartPosition\u0000","Transform":{"WorldMatrix":[1.0,0.0,0.0,0.0,0.0,1.0,0.0,0.0,0.0,0.0,1.0,0.0,4.925825119018555,1.6789366006851196,6.852700710296631,1.0]}},"Preset":{"JsonPath":"","Layer":"Layer_Trigger","ProtoTag":"Prototype_PlayerStartPosition"},"WorldMatrix":[1.0,0.0,0.0,0.0,0.0,1.0,0.0,0.0,0.0,0.0,1.0,0.0,4.925825119018555,1.6789366006851196,6.852700710296631,1.0]},{"JsonData":{"ObjectTag":"","Prototype_GameObject":"Prototype_HanabiStartPosition\u0000","Transform":{"WorldMatrix":[1.0,0.0,0.0,0.0,0.0,1.0,0.0,0.0,0.0,0.0,1.0,0.0,3.2406861782073975,1.5000007152557373,4.980026721954346,1.0]}},"Preset":{"JsonPath":"","Layer":"Layer_Trigger","ProtoTag":"Prototype_HanabiStartPosition"},"WorldMatrix":[1.0,0.0,0.0,0.0,0.0,1.0,0.0,0.0,0.0,0.0,1.0,0.0,3.2406861782073975,1.5000007152557373,4.980026721954346,1.0]},{"JsonData":{"ObjectTag":"","Prototype_GameObject":"Prototype_TsugumiStartPosition\u0000","Transform":{"WorldMatrix":[1.0,0.0,0.0,0.0,0.0,1.0,0.0,0.0,0.0,0.0,1.0,0.0,6.906095504760742,1.4999991655349731,5.003171443939209,1.0]}},"Preset":{"JsonPath":"","Layer":"Layer_Trigger","ProtoTag":"Prototype_TsugumiStartPosition"},"WorldMatrix":[1.0,0.0,0.0,0.0,0.0,1.0,0.0,0.0,0.0,0.0,1.0,0.0,6.906095504760742,1.4999991655349731,5.003171443939209,1.0]}]}