{"BatchObjs":[{"JsonData":{"CurveSmooth":50.0,"ObjectTag":"","Points":[[0.0,0.0,0.0,1.0],[0.1492919921875,-0.9704055786132813,-0.13710403442382813,1.0],[-0.22327423095703125,-1.0,-0.9443016052246094,1.0],[0.180908203125,-1.1076011657714844,-3.1691360473632813,1.0],[0.812347412109375,0.3103141784667969,-3.2774658203125,1.0],[2.7066192626953125,0.8488426208496094,-3.228900909423828,1.0],[3.8309249877929688,1.5413284301757813,-2.5378799438476563,1.0],[5.782081604003906,1.7546501159667969,-2.847850799560547,1.0],[7.0273590087890625,3.599689483642578,-3.4094581604003906,1.0],[8.274978637695313,4.518928527832031,-2.820343017578125,1.0],[9.984230041503906,4.335231781005859,-2.4267921447753906,1.0],[12.279998779296875,4.9751434326171875,-3.216339111328125,1.0],[13.636543273925781,5.268367767333984,-2.164958953857422,1.0],[16.80992889404297,6.071968078613281,-3.0461959838867188,1.0],[19.153472900390625,6.653739929199219,-3.389781951904297,1.0],[19.227638244628906,6.245800018310547,-6.879638671875,1.0],[16.557701110839844,5.941745758056641,-8.033287048339844,1.0],[14.534820556640625,4.540363311767578,-7.1688079833984375,1.0],[13.326393127441406,3.7913665771484375,-5.481529235839844,1.0],[10.953414916992188,2.7213287353515625,-3.564739227294922,1.0],[9.123741149902344,2.3106613159179688,-6.796302795410156,1.0],[8.219512939453125,3.1044273376464844,-7.6250457763671875,1.0],[7.2281036376953125,4.0209197998046875,-7.065704345703125,1.0],[5.743988037109375,5.120418548583984,-6.1454315185546875,1.0],[1.9575653076171875,6.489410400390625,-2.9739990234375,1.0],[0.7766036987304688,5.153778076171875,-3.8263282775878906,1.0],[0.0183258056640625,3.870471954345703,-5.740043640136719,1.0],[-0.4490966796875,3.2559585571289063,-7.317535400390625,1.0],[1.9204330444335938,3.4766273498535156,-7.7342681884765625,1.0],[3.4720001220703125,3.8012847900390625,-6.591728210449219,1.0],[4.240058898925781,4.150814056396484,-5.13128662109375,1.0],[6.621650695800781,4.526706695556641,-1.3718795776367188,1.0],[8.732261657714844,5.120258331298828,-0.3061714172363281,1.0],[10.641395568847656,5.820533752441406,-1.1676521301269531,1.0],[11.416801452636719,6.4144134521484375,-3.465747833251953,1.0],[10.454124450683594,7.152008056640625,-5.472236633300781,1.0],[9.889480590820313,7.814945220947266,-8.025848388671875,1.0],[10.168022155761719,8.075496673583984,-9.731254577636719,1.0],[13.239837646484375,8.277259826660156,-9.272178649902344,1.0],[14.195480346679688,7.308658599853516,-7.647865295410156,1.0],[15.345848083496094,8.042503356933594,-6.067893981933594,1.0],[17.53417205810547,9.153900146484375,-3.9422836303710938,1.0],[18.926467895507813,9.677520751953125,-3.0503082275390625,1.0],[20.516937255859375,9.925407409667969,-4.3351287841796875,1.0],[21.416839599609375,10.647747039794922,-6.2789306640625,1.0],[22.165184020996094,10.793556213378906,-7.6007537841796875,1.0],[23.037628173828125,8.524696350097656,-7.6480712890625,1.0],[22.319549560546875,7.793613433837891,-5.578971862792969,1.0],[21.766281127929688,7.712898254394531,-4.01123046875,1.0],[20.29425811767578,7.350696563720703,-1.8588523864746094,1.0],[18.016807556152344,6.335762023925781,-0.4935798645019531,1.0],[15.38397216796875,5.710716247558594,-1.2045860290527344,1.0],[12.834259033203125,5.176109313964844,-2.6149139404296875,1.0],[13.329841613769531,2.25732421875,-2.288543701171875,1.0],[12.081428527832031,1.5505828857421875,-3.4534683227539063,1.0],[10.765090942382813,1.3323440551757813,-4.596382141113281,1.0],[10.863433837890625,1.3611640930175781,-2.685016632080078,1.0],[11.182716369628906,1.8008995056152344,-0.41632080078125,1.0],[12.557662963867188,2.8284530639648438,-1.3976173400878906,1.0],[14.984298706054688,3.6954002380371094,-2.9550132751464844,1.0],[16.75635528564453,4.199497222900391,-3.571746826171875,1.0],[19.21442413330078,5.000362396240234,-5.11907958984375,1.0],[21.146636962890625,5.143581390380859,-3.868083953857422,1.0],[22.326339721679688,5.8647918701171875,-2.4186782836914063,1.0],[24.044052124023438,6.521209716796875,-0.38177490234375,1.0],[22.719261169433594,6.753761291503906,1.81451416015625,1.0],[22.05719757080078,7.079151153564453,2.550872802734375,1.0],[19.691001892089844,7.800102233886719,2.969696044921875,1.0],[18.92351531982422,6.707302093505859,1.5146255493164063,1.0],[16.778663635253906,5.731426239013672,-0.7853355407714844,1.0],[13.688896179199219,5.6567230224609375,-1.1234931945800781,1.0],[10.809837341308594,5.723724365234375,-2.1814231872558594,1.0],[8.702323913574219,5.759124755859375,-3.297088623046875,1.0],[6.4822998046875,4.8174896240234375,-4.69842529296875,1.0],[4.9693450927734375,3.156452178955078,-7.323677062988281,1.0],[4.143646240234375,1.843963623046875,-8.234184265136719,1.0],[2.2129440307617188,0.5778617858886719,-7.9077606201171875,1.0],[1.2274551391601563,0.4948844909667969,-5.948265075683594,1.0],[0.3881072998046875,1.7728118896484375,-4.567558288574219,1.0],[-0.14321136474609375,1.9760894775390625,-3.3388519287109375,1.0],[0.02960968017578125,2.9993743896484375,-4.258319854736328,1.0],[0.8632354736328125,4.278099060058594,-5.427055358886719,1.0],[3.164581298828125,5.435638427734375,-6.741554260253906,1.0],[4.728767395019531,6.31268310546875,-7.642448425292969,1.0],[7.303443908691406,7.029354095458984,-6.9117431640625,1.0],[8.748214721679688,7.768642425537109,-6.211875915527344,1.0],[10.862709045410156,8.294506072998047,-4.993965148925781,1.0],[12.722663879394531,6.059516906738281,-3.898082733154297,1.0],[11.874343872070313,5.6432342529296875,-5.1952667236328125,1.0],[12.081222534179688,6.201793670654297,-6.55572509765625,1.0],[14.522476196289063,6.413963317871094,-7.6798095703125,1.0],[16.73143768310547,5.876399993896484,-8.605270385742188,1.0],[18.27887725830078,5.2678070068359375,-6.433929443359375,1.0],[18.51629638671875,4.729705810546875,-4.2614898681640625,1.0],[18.4097900390625,4.459327697753906,-3.145263671875,1.0],[17.535484313964844,3.808208465576172,-0.3896331787109375,1.0],[15.318603515625,3.5848312377929688,-0.3298225402832031,1.0],[12.216163635253906,3.78900146484375,-2.567230224609375,1.0],[10.448341369628906,3.631305694580078,-2.9915008544921875,1.0],[7.857292175292969,3.4826087951660156,-3.8549728393554688,1.0],[5.000251770019531,3.241790771484375,-4.562614440917969,1.0],[3.2781600952148438,2.143291473388672,-5.174064636230469,1.0],[4.3959503173828125,2.2190513610839844,-4.620800018310547,1.0],[3.7080459594726563,1.250213623046875,-4.291110992431641,1.0],[4.9918365478515625,0.815582275390625,-3.406627655029297,1.0],[5.456787109375,0.5707359313964844,-2.5334815979003906,1.0],[7.684776306152344,-0.18355560302734375,-0.9984779357910156,1.0]],"Prototype_GameObject":"Prototype_RedString\u0000","Radius":0.029999999329447746,"Transform":{"WorldMatrix":[1.0,0.0,0.0,0.0,0.0,1.0,0.0,0.0,0.0,0.0,1.0,0.0,-90.92919921875,34.60066604614258,-59.046302795410156,1.0]}},"Preset":{"JsonPath":"","Layer":"Layer_MapDecorate","ProtoTag":"Prototype_RedString"},"WorldMatrix":[1.0,0.0,0.0,0.0,0.0,1.0,0.0,0.0,0.0,0.0,1.0,0.0,-90.92919921875,34.60066604614258,-59.046302795410156,1.0]},{"JsonData":{"ObjectTag":"","Prototype_GameObject":"Prototype_EnvironmentEffect\u0000","Transform":{"WorldMatrix":[1.0,0.0,0.0,0.0,0.0,1.0,0.0,0.0,0.0,0.0,1.0,0.0,-79.6036376953125,41.94374084472656,-60.07000732421875,1.0]},"Type":0},"Preset":{"JsonPath":"","Layer":"Layer_MapDecorate","ProtoTag":"Prototype_EnvironmentEffect"},"WorldMatrix":[1.0,0.0,0.0,0.0,0.0,1.0,0.0,0.0,0.0,0.0,1.0,0.0,-79.6036376953125,41.94374084472656,-60.07000732421875,1.0]},{"JsonData":{"ObjectTag":"","Prototype_GameObject":"Prototype_EnvironmentEffect\u0000","Transform":{"WorldMatrix":[1.0,0.0,0.0,0.0,0.0,1.0,0.0,0.0,0.0,0.0,1.0,0.0,-80.43000030517578,37.019065856933594,-67.89305114746094,1.0]},"Type":0},"Preset":{"JsonPath":"","Layer":"Layer_MapDecorate","ProtoTag":"Prototype_EnvironmentEffect"},