{"BillBoardType":2,"BufferProtoTag":"Prototype_Component_VIBuffer_Rect","Children":[[-1.6907700300216675,0.900905191898346,-0.5732923746109009,0.0,-5.4984235763549805,-1.4898749589920044,13.874828338623047,0.0,0.3882599174976349,0.8871992230415344,0.2491297870874405,0.0,-2.0401315689086914,0.0,7.5,1.0],[-0.6184802055358887,1.722575068473816,-0.8018409013748169,0.0,-3.900512218475342,4.937660217285156,13.61601734161377,0.0,1.8292796611785889,0.7706341743469238,0.24456475675106049,0.0,0.0,3.0,6.717520236968994,1.0],[1.7431433200836182,-0.3034132122993469,0.9323332905769348,0.0,-7.196568965911865,-1.0276273488998413,13.120689392089844,0.0,-0.20152854919433594,-1.9720752239227295,-0.2649916112422943,0.0,-2.3035390377044678,0.0,7.386741638183594,1.0],[-1.8929115533828735,-0.26698699593544006,0.5867517590522766,0.0,4.4849958419799805,-0.3509114682674408,14.309309005737305,0.0,-0.24099013209342957,1.9813811779022217,0.12412403523921967,0.0,2.4195876121520996,-0.5289744138717651,6.535528659820557,1.0],[-1.712802529335022,0.4678451716899872,-0.9203123450279236,0.0,6.150421619415283,-3.499035596847534,-13.225361824035645,0.0,-0.6272213459014893,-1.8876551389694214,0.20772941410541534,0.0,-2.130242347717285,1.2726168632507324,7.137021064758301,1.0],[-1.0005905628204346,1.7060061693191528,0.29700130224227905,0.0,3.460696220397949,-0.5096138715744019,14.586280822753906,0.0,1.6690160036087036,1.0414983034133911,-0.3595978319644928,0.0,2.0434815883636475,0.34596431255340576,6.6401848793029785,1.0],[-0.13086789846420288,1.9925227165222168,0.11229854077100754,0.0,3.670391321182251,-0.5779809355735779,14.532482147216797,0.0,1.9347598552703857,0.15426868200302124,-0.4825163781642914,0.0,1.8120261430740356,0.04093623161315918,7.5288543701171875,1.0],[-1.6894968748092651,-0.8991658091545105,-0.5804257392883301,0.0,-3.009403705596924,-3.5501339435577393,14.259422302246094,0.0,-0.9921717047691345,1.7225788831710815,0.21947169303894043,0.0,-1.6283403635025024,-0.9156684875488281,6.092998027801514,1.0],[-1.188270926475525,1.5842467546463013,-0.2795116603374481,0.0,1.6072261333465576,3.7521109580993652,14.433919906616211,0.0,1.5943671464920044,1.1134711503982544,-0.4669816195964813,0.0,0.007443368434906006,1.7553815841674805,6.803622245788574,1.0]],"ModelFolderDir":"","ModelProtoTag":"","ShaderParams":{"Float2s":[],"Float4s":[[0.7549999952316284,0.7269999980926514,0.07599999755620956,1.0]],"Float4x4s":[],"Floats":[1.0,5.0,1.0],"Ints":[4,1],"Pass":53,"Textures":["..\\Bin\\Resources\\Texture\\VFX\\T_White_01.png\u0000","..\\Bin\\Resources\\Texture\\VFX\\T_ef_ev_anm_thn_003.png\u0000"]},"ShaderProtoTag":"Prototype_Component_Shader_VtxTex_VFX","bBillBoard":false,"bDecal":false,"bModelSprite":false,"bNormal":false,"bUseDepth":false}