{"BillBoardType":2,"BufferProtoTag":"Prototype_Component_VIBuffer_Rect","Children":[[-4.370955508647967e-08,0.9999580979347229,0.0,0.0,6.555630420734815e-07,2.865557183900913e-14,14.997533798217773,0.0,0.9999696016311646,4.371005957182206e-08,-4.371005601910838e-08,0.0,0.0,0.0,7.5,1.0],[-3.9978900190362765e-08,0.9146106839179993,-0.4043225049972534,0.0,3.9055782963259844e-07,6.064728736877441,13.718912124633789,0.0,1.0,2.6037795919364726e-08,-3.9979109800469814e-08,0.0,0.0,3.0,6.717520236968994,1.0],[0.9790884256362915,-0.15171082317829132,0.13553519546985626,0.0,-2.2081615924835205,-1.0278867483139038,14.800905227661133,0.0,-0.1404097080230713,-0.9860466718673706,-0.08942639082670212,0.0,0.0,0.0,7.386741638183594,1.0],[-0.4607539176940918,0.860790491104126,0.21620723605155945,0.0,-0.777418851852417,-4.039263725280762,14.424870491027832,0.0,0.886012852191925,0.43188485503196716,0.1686878502368927,0.0,0.0,-1.6315817832946777,7.082728862762451,1.0],[-0.399890661239624,0.8426713943481445,-0.36053311824798584,0.0,5.242352485656738,-3.3515679836273193,-13.648228645324707,0.0,-0.8473116755485535,-0.4898695945739746,-0.20516033470630646,0.0,-2.130242347717285,1.2726168632507324,7.137021064758301,1.0],[-0.7009140253067017,0.5215970873832703,0.4864729940891266,0.0,4.8117547035217285,-5.6796674728393555,13.022561073303223,0.0,0.6370375156402588,0.7645678520202637,0.0980776846408844,0.0,2.0434815883636475,-2.875946044921875,6.6401848793029785,1.0],[0.33908432722091675,0.8478390574455261,-0.40766504406929016,0.0,4.900345325469971,4.503724575042725,13.442564010620117,0.0,0.8822105526924133,-0.4370580315589905,-0.17517095804214478,0.0,1.8120261430740356,0.8448804020881653,7.5288543701171875,1.0],[-0.04176788777112961,-0.9868419766426086,-0.1561998426914215,0.0,-5.447652816772461,-1.9596562385559082,13.83745288848877,0.0,-0.9307811260223389,0.09526054561138153,-0.35294750332832336,0.0,-1.6283403635025024,-0.5015251636505127,6.092998027801514,1.0],[0.8925206065177917,-0.43400850892066956,-0.12264988571405411,0.0,4.245816230773926,4.909838676452637,13.52277660369873,0.0,-0.3511214852333069,-0.8393425941467285,0.41499125957489014,0.0,1.5994102954864502,1.4976933002471924,6.577548980712891,1.0]],"ModelFolderDir":"","ModelProtoTag":"","ShaderParams":{"Float2s":[],"Float4s":[[0.755427896976471,0.7268994450569153,0.07566708326339722,1.0]],"Float4x4s":[],"Floats":[0.05000000074505806,3.0,1.0],"Ints":[4,1],"Pass":53,"Textures":["..\\Bin\\Resources\\Texture\\VFX\\T_White_01.png\u0000","..\\Bin\\Resources\\Texture\\VFX\\T_ef_anm_thn_005.png\u0000"]},"ShaderProtoTag":"Prototype_Component_Shader_VtxTex_VFX","bBillBoard":false,"bDecal":false,"bModelSprite":false,"bNormal":false,"bUseDepth":false}