{"BillBoardType":0,"BufferProtoTag":"Prototype_Component_VIBuffer_Rect","Children":[[0.5,0.0,0.0,0.0,0.0,1.1962090730667114,0.0,0.0,0.0,0.0,0.5,0.0,-5.548142433166504,0.0,3.7016263008117676,1.0],[1.0,0.0,0.0,0.0,0.0,1.1962090730667114,0.0,0.0,0.0,0.0,1.0,0.0,3.257201910018921,0.0,-13.128137588500977,1.0],[0.14867347478866577,0.0,-0.6840294003486633,0.0,0.0,1.1962090730667114,0.0,0.0,0.6840294003486633,0.0,0.14867347478866577,0.0,10.947211265563965,0.0,-4.815413475036621,1.0],[0.699999988079071,0.0,0.0,0.0,0.0,1.1962090730667114,0.0,0.0,0.0,0.0,0.699999988079071,0.0,-6.525346279144287,0.0,0.0,1.0],[0.09127961099147797,-1.5809038131919806e-06,0.6940231919288635,0.0,-4.866200924880104e-06,1.1962090730667114,3.36484072249732e-06,0.0,-0.6940231919288635,-3.080062015214935e-06,0.09127961099147797,0.0,0.28675341606140137,0.0,0.2193608283996582,1.0],[-0.45279523730278015,8.240537567871797e-07,-0.21207615733146667,0.0,1.2536269196061767e-06,1.1962090730667114,1.9714823338290444e-06,0.0,0.21207615733146667,5.239997449280054e-07,-0.45279523730278015,0.0,-11.064109802246094,0.0,-4.720510959625244,1.0],[0.4198106825351715,-4.496432097766956e-07,0.2715851664543152,0.0,-1.4622269191022497e-06,1.1962090730667114,4.240756425133441e-06,0.0,-0.2715851664543152,-1.8202778164777556e-06,0.4198106825351715,0.0,8.259292602539063,0.0,-2.0732169151306152,1.0],[0.36684074997901917,0.0,0.3397464454174042,0.0,0.0,1.1962090730667114,0.0,0.0,-0.3397464454174042,0.0,0.36684074997901917,0.0,-4.732666969299316,0.0,-12.470069885253906,1.0],[0.2440538853406906,0.0,-0.43639153242111206,0.0,0.0,1.1962090730667114,0.0,0.0,0.43639153242111206,0.0,0.2440538853406906,0.0,-6.279597282409668,0.0,-15.409164428710938,1.0],[-0.9987877011299133,-1.817719521568506e-06,0.049196507781744,0.0,-1.909460024762666e-06,1.0,-1.8177221363657736e-06,0.0,-0.049196507781744,-1.9094572962785605e-06,-0.9987877011299133,0.0,8.122424125671387,0.0,10.243694305419922,1.0],[0.2521646022796631,0.0,-0.1625208854675293,0.0,0.0,1.0,0.0,0.0,0.37921538949012756,0.0,0.5883840918540955,0.0,12.373656272888184,0.0,9.419590950012207,1.0],[0.30000001192092896,0.0,0.0,0.0,0.0,0.30000001192092896,0.0,0.0,0.0,0.0,0.30000001192092896,0.0,-4.968235969543457,0.0,13.028627395629883,1.0],[-0.9231598973274231,-1.6800825051177526e-06,-0.38441500067710876,0.0,-1.1203187568753492e-06,1.0,-1.6800833009256166e-06,0.0,0.38441500067710876,-1.1203181884411606e-06,-0.9231598973274231,0.0,-6.82818603515625,0.0,10.798540115356445,1.0],[0.20000000298023224,0.0,0.0,0.0,0.0,1.0,0.0,0.0,0.0,0.0,0.20000000298023224,0.0,-15.337013244628906,0.0,3.387873411178589,1.0]],"ModelFolderDir":"","ModelProtoTag":"../Bin/Resources/Meshes/VFX/em8200_Mesh/VFX_Mesh_em8200_Ice_C.static_model","ShaderParams":{"Float2s":[],"Float4s":[],"Float4x4s":[],"Floats":[3.0],"Ints":[],"Pass":31,"Textures":["..\\Bin\\Resources\\Texture\\VFX\\T_Ice_A.png\u0000","..\\Bin\\Resources\\Texture\\VFX\\T_Detail_N.png\u0000","..\\Bin\\Resources\\Texture\\VFX\\T_pr_Rubble_Concrete_Chunk01_RMA.png\u0000"]},"ShaderProtoTag":"Prototype_Component_Shader_VtxModel_VFX","bBillBoard":false,"bDecal":false,"bModelSprite":false,"bNormal":true,"bUseDepth":false}