{"BillBoardType":2,"BufferProtoTag":"Prototype_Component_VIBuffer_Rect","Children":[[-8.741272239376485e-08,1.9997700452804565,0.0,0.0,6.556296057169675e-07,2.865847885608411e-14,14.999055862426758,0.0,0.9999696016311646,4.371005957182206e-08,-4.371005601910838e-08,0.0,0.0,0.0,7.5,1.0],[-7.988732875219284e-08,1.8276091814041138,-0.8079323172569275,0.0,3.9055782963259844e-07,6.064728736877441,13.718912124633789,0.0,1.999993920326233,5.2075431966613905e-08,-7.995797801640947e-08,0.0,0.0,3.0,6.717520236968994,1.0],[1.9581573009490967,-0.30341869592666626,0.27106767892837524,0.0,-2.2081615924835205,-1.0278866291046143,14.800905227661133,0.0,-0.280816912651062,-1.972075343132019,-0.1788511574268341,0.0,0.0,0.0,7.386741638183594,1.0],[-0.9213610291481018,1.7213066816329956,0.43234530091285706,0.0,-0.7774197459220886,-4.039262294769287,14.424870491027832,0.0,1.7719112634658813,0.8637140393257141,0.33735391497612,0.0,0.0,-1.6315817832946777,7.082728862762451,1.0],[-0.7997646927833557,1.6853078603744507,-0.7210518717765808,0.0,5.242354869842529,-3.351571798324585,-13.648228645324707,0.0,-1.6946027278900146,-0.9797273874282837,-0.4103156626224518,0.0,-2.130242347717285,1.2726168632507324,7.137021064758301,1.0],[-1.4018229246139526,1.043190360069275,0.9729424118995667,0.0,4.8117547035217285,-5.6796674728393555,13.022561073303223,0.0,1.2740693092346191,1.5291287899017334,0.19615447521209717,0.0,2.0434815883636475,-2.875946044921875,6.6401848793029785,1.0],[0.678164541721344,1.6956678628921509,-0.815325140953064,0.0,4.900345325469971,4.503724575042725,13.442564010620117,0.0,1.7644163370132446,-0.8741137385368347,-0.35034096240997314,0.0,1.8120261430740356,0.8448804020881653,7.5288543701171875,1.0],[-0.08353370428085327,-1.973634958267212,-0.3123919367790222,0.0,-5.447652816772461,-1.9596562385559082,13.83745288848877,0.0,-1.8615342378616333,0.19051821529865265,-0.7058843374252319,0.0,-1.6283403635025024,-0.5015251636505127,6.092998027801514,1.0],[1.785033106803894,-0.8680135011672974,-0.245298370718956,0.0,4.245815277099609,4.909839153289795,13.52277660369873,0.0,-0.7022378444671631,-1.6786717176437378,0.829975962638855,0.0,1.5994102954864502,1.4976933002471924,6.577548980712891,1.0]],"ModelFolderDir":"","ModelProtoTag":"","ShaderParams":{"Float2s":[],"Float4s":[[1.0,0.6992788910865784,0.0,1.0]],"Float4x4s":[],"Floats":[1.0,2.0,1.0],"Ints":[4,1],"Pass":53,"Textures":["..\\Bin\\Resources\\Texture\\VFX\\T_White_01.png\u0000","..\\Bin\\Resources\\Texture\\VFX\\T_ef_anm_thn_005.png\u0000"]},"ShaderProtoTag":"Prototype_Component_Shader_VtxTex_VFX","bBillBoard":false,"bDecal":false,"bModelSprite":false,"bNormal":false,"bUseDepth":false}