{"BillBoardType":2,"BufferProtoTag":"Prototype_Component_VIBuffer_Rect","Children":[[-4.3702844010340414e-08,0.9998044967651367,-4.029240496805642e-09,0.0,-1.386256217956543,-4.2170905656391255e-10,14.931276321411133,0.0,0.995686948299408,4.389540464444508e-08,0.09244199842214584,0.0,0.0,0.0,7.5,1.0],[-3.997787700882327e-08,0.9145871996879578,-0.4043121337890625,0.0,3.9055782963259844e-07,6.064728736877441,13.718912124633789,0.0,1.0,2.6037795919364726e-08,-3.9979109800469814e-08,0.0,0.0,3.0,6.717520236968994,1.0],[0.9880871772766113,-0.15170937776565552,-0.025550181046128273,0.0,0.2291056215763092,-1.0278213024139404,14.962963104248047,0.0,-0.1530868411064148,-0.9860461354255676,-0.06538853049278259,0.0,0.0,0.0,7.386741638183594,1.0],[-0.46564623713493347,0.8607922196388245,0.20544810593128204,0.0,-1.1122956275939941,-4.0392889976501465,14.402918815612793,0.0,0.8818525671958923,0.4318764805793762,0.18922239542007446,0.0,0.0,-1.6315817832946777,7.082728862762451,1.0],[-0.39646008610725403,0.8425854444503784,-0.3642025887966156,0.0,5.369068145751953,-3.351681709289551,-13.598747253417969,0.0,-0.8453723788261414,-0.48985499143600464,-0.21303609013557434,0.0,-2.130242347717285,1.2726168632507324,7.137021064758301,1.0],[-0.7261507511138916,0.5216024518013,0.44791892170906067,0.0,4.101525783538818,-5.679752349853516,13.263336181640625,0.0,0.6308202743530273,0.764559268951416,0.13233335316181183,0.0,2.0434815883636475,-2.875946044921875,6.6401848793029785,1.0],[0.324276328086853,0.9277877807617188,-0.18449901044368744,0.0,3.2228617668151855,1.7655452489852905,14.542890548706055,0.0,0.9212202429771423,-0.35403138399124146,-0.161172017455101,0.0,1.8120261430740356,0.8448804020881653,7.5288543701171875,1.0],[-0.05509259179234505,-0.9896214008331299,-0.13241945207118988,0.0,-4.230740547180176,-1.6769423484802246,14.292617797851563,0.0,-0.9577876329421997,0.08984628319740295,-0.2729719877243042,0.0,-1.6283403635025024,-0.5015251636505127,6.092998027801514,1.0],[0.9045485258102417,-0.41180044412612915,-0.110489621758461,0.0,3.0824337005615234,2.9102327823638916,14.388463020324707,0.0,-0.3735767602920532,-0.8903802037239075,0.26012083888053894,0.0,1.5994102954864502,1.4976933002471924,6.577548980712891,1.0]],"ModelFolderDir":"","ModelProtoTag":"","ShaderParams":{"Float2s":[],"Float4s":[[0.5667266249656677,0.4751138389110565,0.26208409667015076,1.0]],"Float4x4s":[],"Floats":[0.10000000149011612,3.0,0.0],"Ints":[4,1],"Pass":53,"Textures":["..\\Bin\\Resources\\Texture\\VFX\\T_White_01.png\u0000","..\\Bin\\Resources\\Texture\\VFX\\T_ef_anm_thn_005.png\u0000"]},"ShaderProtoTag":"Prototype_Component_Shader_VtxTex_VFX","bBillBoard":false,"bDecal":false,"bModelSprite":false,"bNormal":false,"bUseDepth":false}