{"BillBoardType":0,"BufferProtoTag":"Prototype_Component_VIBuffer_Rect","Children":[[0.5,0.0,0.0,0.0,0.0,0.5,0.0,0.0,0.0,0.0,0.5,0.0,-14.917596817016602,0.0,-3.252528667449951,1.0],[0.5,0.0,0.0,0.0,0.0,0.5,0.0,0.0,0.0,0.0,0.5,0.0,10.0,0.0,3.4767069816589355,1.0],[0.5,0.0,0.0,0.0,0.0,0.5,0.0,0.0,0.0,0.0,0.5,0.0,2.481266498565674,0.0,8.340453147888184,1.0],[0.5,0.0,0.0,0.0,0.0,0.5,0.0,0.0,0.0,0.0,0.5,0.0,1.771716833114624,0.0,-9.313009262084961,1.0],[0.5,0.0,0.0,0.0,0.0,0.5,0.0,0.0,0.0,0.0,0.5,0.0,12.310944557189941,0.0,-1.4877204895019531,1.0],[0.5,0.0,0.0,0.0,0.0,0.5,0.0,0.0,0.0,0.0,0.5,0.0,-13.023038864135742,0.0,0.5191034078598022,1.0],[0.30000001192092896,0.0,0.0,0.0,0.0,0.5,0.0,0.0,0.0,0.0,0.30000001192092896,0.0,-1.9537808895111084,0.0,12.941424369812012,1.0],[0.6000000238418579,0.0,0.0,0.0,0.0,0.5,0.0,0.0,0.0,0.0,0.6000000238418579,0.0,-2.114408016204834,0.0,-13.735548973083496,1.0],[0.30000001192092896,0.0,0.0,0.0,0.0,0.5,0.0,0.0,0.0,0.0,0.30000001192092896,0.0,6.941197872161865,0.0,7.503309726715088,1.0],[0.4000000059604645,0.0,0.0,0.0,0.0,0.5,0.0,0.0,0.0,0.0,0.30000001192092896,0.0,-6.675807952880859,0.0,-6.752024173736572,1.0],[0.4000000059604645,0.0,0.0,0.0,0.0,0.5,0.0,0.0,0.0,0.0,0.30000001192092896,0.0,-9.070748329162598,0.0,10.0,1.0],[0.6000000238418579,0.0,0.0,0.0,0.0,0.699999988079071,0.0,0.0,0.0,0.0,0.4000000059604645,0.0,9.113251686096191,0.0,-8.765483856201172,1.0],[0.30000001192092896,0.0,0.0,0.0,0.0,0.699999988079071,0.0,0.0,0.0,0.0,0.699999988079071,0.0,5.0,0.0,-2.2272844314575195,1.0],[0.5,0.0,0.0,0.0,0.0,0.800000011920929,0.0,0.0,0.0,0.0,0.5,0.0,-3.0452399253845215,0.0,0.0,1.0],[0.5,0.0,0.0,0.0,0.0,0.5,0.0,0.0,0.0,0.0,0.5,0.0,0.0,0.0,5.377437114715576,1.0],[0.5,0.0,0.0,0.0,0.0,0.5,0.0,0.0,0.0,0.0,0.5,0.0,1.370900273323059,0.0,-4.160173416137695,1.0],[0.5309410095214844,0.0,0.4561816453933716,0.0,0.0,1.0,0.0,0.0,-0.4561816453933716,0.0,0.5309410095214844,0.0,-3.116805076599121,0.0,8.739234924316406,1.0],[0.5909883379936218,0.0,-0.8066795468330383,0.0,0.0,1.0,0.0,0.0,0.8066795468330383,0.0,0.5909883379936218,0.0,2.279433488845825,0.0,14.197468757629395,1.0],[0.17868997156620026,0.0,0.24097682535648346,0.0,0.0,0.6000000238418579,0.0,0.0,-0.24097682535648346,0.0,0.17868997156620026,0.0,6.396492004394531,0.0,11.711873054504395,1.0],[0.12346352636814117,0.0,-0.9923451542854309,0.0,0.0,1.0,0.0,0.0,0.9923451542854309,0.0,0.12346352636814117,0.0,13.455235481262207,0.0,1.7774553298950195,1.0],[0.30000001192092896,0.0,0.0,0.0,0.0,0.6000000238418579,0.0,0.0,0.0,0.0,0.30000001192092896,0.0,12.486031532287598,0.0,6.660902500152588,1.0]],"ModelFolderDir":"","ModelProtoTag":"../Bin/Resources/Meshes/VFX/em8200_Mesh/VFX_Mesh_em8200_Ice_A.static_model","ShaderParams":{"Float2s":[],"Float4s":[],"Float4x4s":[],"Floats":[3.0],"Ints":[],"Pass":31,"Textures":["..\\Bin\\Resources\\Texture\\VFX\\T_Ice_A.png\u0000","..\\Bin\\Resources\\Texture\\VFX\\T_Detail_N.png\u0000","..\\Bin\\Resources\\Texture\\VFX\\T_pr_Rubble_Concrete_Chunk01_RMA.png\u0000"]},"ShaderProtoTag":"Prototype_Component_Shader_VtxModel_VFX","bBillBoard":false,"bDecal":false,"bModelSprite":false,"bNormal":true,"bUseDepth":false}