{"BillBoardType":2,"BufferProtoTag":"Prototype_Component_VIBuffer_Rect","Children":[[-1.7110774517059326,0.900924026966095,-0.5094550848007202,0.0,-4.974045753479004,-1.4898923635482788,14.071305274963379,0.0,0.39734089374542236,0.8871933817863464,0.2343929409980774,0.0,-2.0401315689086914,0.0,7.5,1.0],[-0.8703619241714478,1.7225863933563232,-0.5175814032554626,0.0,1.3899726867675781,4.937497615814209,14.095341682434082,0.0,1.7907227277755737,0.7706209421157837,-0.44653013348579407,0.0,0.0,3.0,6.717520236968994,1.0],[1.8553489446640015,-0.3034120202064514,0.6822412610054016,0.0,-5.312406063079834,-1.0275769233703613,13.990046501159668,0.0,-0.2362491637468338,-1.9720757007598877,-0.23456041514873505,0.0,-2.3035390377044678,0.0,7.386741638183594,1.0],[-0.5693060159683228,-1.916510820388794,0.03922196850180626,0.0,5.275646209716797,-1.2809852361679077,13.982858657836914,0.0,-1.7833882570266724,0.5445528030395508,0.7227483987808228,0.0,1.97987699508667,-0.5289744138717651,7.555405616760254,1.0],[-1.8551040887832642,0.46786075830459595,-0.582438588142395,0.0,3.558471441268921,-3.4991462230682373,-14.144749641418457,0.0,-0.5770976543426514,-1.8876475095748901,0.321785032749176,0.0,-2.130242347717285,1.2726168632507324,7.137021064758301,1.0],[-1.0005905628204346,1.7060061693191528,0.29700130224227905,0.0,3.460696220397949,-0.5096138715744019,14.586280822753906,0.0,1.6690160036087036,1.0414983034133911,-0.3595978319644928,0.0,2.0434815883636475,0.34596431255340576,6.6401848793029785,1.0],[-0.13086789846420288,1.9925227165222168,0.11229854077100754,0.0,3.670391321182251,-0.5779809355735779,14.532482147216797,0.0,1.9347598552703857,0.15426868200302124,-0.4825163781642914,0.0,1.8120261430740356,0.04093623161315918,7.5288543701171875,1.0],[-1.6894968748092651,-0.8991658091545105,-0.5804257392883301,0.0,-3.009403705596924,-3.5501339435577393,14.259422302246094,0.0,-0.9921717047691345,1.7225788831710815,0.21947169303894043,0.0,-1.6283403635025024,-0.9156684875488281,6.092998027801514,1.0],[-1.188270926475525,1.5842467546463013,-0.2795116603374481,0.0,1.6072261333465576,3.7521109580993652,14.433919906616211,0.0,1.5943671464920044,1.1134711503982544,-0.4669816195964813,0.0,0.007443368434906006,1.7553815841674805,6.803622245788574,1.0]],"ModelFolderDir":"","ModelProtoTag":"","ShaderParams":{"Float2s":[],"Float4s":[[0.7549999952316284,0.7269999980926514,0.07599999755620956,1.0]],"Float4x4s":[],"Floats":[0.05000000074505806,5.0,0.0],"Ints":[4,1],"Pass":53,"Textures":["..\\Bin\\Resources\\Texture\\VFX\\T_White_01.png\u0000","..\\Bin\\Resources\\Texture\\VFX\\T_ef_ev_anm_thn_003.png\u0000"]},"ShaderProtoTag":"Prototype_Component_Shader_VtxTex_VFX","bBillBoard":false,"bDecal":false,"bModelSprite":false,"bNormal":false,"bUseDepth":false}