{"Frames":[[0.0,0.0],[0.030909091234207153,0.0],[0.048181816935539246,1.0],[0.048181816935539246,0.0],[0.06499999761581421,1.0],[0.06499999761581421,0.0],[0.07999999821186066,1.0],[0.07999999821186066,0.0],[0.09636363387107849,0.9633333086967468],[0.09636363387107849,0.0],[0.10666666924953461,1.0],[0.11416666954755783,0.0],[0.15727272629737854,0.0],[0.15727272629737854,0.5466666221618652],[0.18090909719467163,0.0],[0.21727272868156433,1.0],[0.21727272868156433,0.0],[0.2390909045934677,1.0],[0.2390909045934677,0.0],[0.3799999952316284,0.84333336353302],[0.4050000011920929,0.07999998331069946],[0.46916666626930237,0.12999999523162842],[0.5400000214576721,0.18333333730697632],[0.6116666793823242,0.04000002145767212],[0.6800000071525574,0.1600000262260437],[0.7416666746139526,0.07333332300186157],[0.7916666865348816,0.11666667461395264],[0.8025000095367432,0.04666668176651001],[0.8172727227210999,0.9866666793823242],[0.8172727227210999,0.0],[0.82833331823349,1.0],[0.8500000238418579,1.0],[0.8500000238418579,0.0],[0.8616666793823242,1.0],[0.8616666793823242,0.0],[0.8700000047683716,1.0],[0.8799999952316284,0.0],[0.8799999952316284,1.0],[0.8966666460037231,0.0],[0.8966666460037231,1.0],[0.9263636469841003,0.0],[0.9263636469841003,1.0],[0.9636363387107849,0.0],[1.0,0.0],[-10000.0,0.12333333492279053],[0.0,0.0],[0.0,0.0],[0.0,0.0],[0.0,0.0],[0.0,0.0],[0.0,0.0],[0.0,0.0],[0.0,0.0],[0.0,0.0],[0.0,0.0],[0.0,0.0],[0.0,0.0],[0.0,0.0],[0.0,0.0],[0.0,0.0],[0.0,0.0],[0.0,0.0],[0.0,0.0],[0.0,0.0],[0.0,0.0],[0.0,0.0],[0.0,0.0],[0.0,0.0],[0.0,0.0],[0.0,0.0],[0.0,0.0],[0.0,0.0],[0.0,0.0],[0.0,0.0],[0.0,0.0],[0.0,0.0],[0.0,0.0],[0.0,0.0],[0.0,0.0],[0.0,0.0]],"Name":"BrainField_c1_ChromaticAberration","RangeMax":[1.0,1.0],"RangeMin":[0.0,0.0]}