{
    "Frames": [
        [
            0.0,
            0.503333330154419
        ],
        [
            0.1314285695552826,
            0.8133333325386047
        ],
        [
            0.2628571391105652,
            0.9599999785423279
        ],
        [
            0.4628571569919586,
            0.9599999785423279
        ],
        [
            0.5857142806053162,
            0.8100000023841858
        ],
        [
            0.7057142853736877,
            0.6499999761581421
        ],
        [
            0.8514285683631897,
            0.4866666793823242
        ],
        [
            1.0057142972946167,
            0.29333335161209106
        ],
        [
            1.1742857694625854,
            0.09666669368743896
        ],
        [
            1.4571428298950195,
            0.06666666269302368
        ],
        [
            1.6742857694625854,
            0.22666668891906738
        ],
        [
            1.822857141494751,
            0.35333335399627686
        ],
        [
            2.0,
            0.5
        ],
        [
            -10000.0,
            0.0
        ],
        [
            0.0,
            0.0
        ],
        [
            0.0,
            0.0
        ],
        [
            0.0,
            0.0
        ],
        [
            0.0,
            0.0
        ],
        [
            0.0,
            0.0
        ],
        [
            0.0,
            0.0
        ],
        [
            0.0,
            0.0
        ],
        [
            0.0,
            0.0
        ],
        [
            0.0,
            0.0
        ],
        [
            0.0,
            0.0
        ],
        [
            0.0,
            0.0
        ],
        [
            0.0,
            0.0
        ],
        [
            0.0,
            0.0
        ],
        [
            0.0,
            0.0
        ],
        [
            0.0,
            0.0
        ],
        [
            0.0,
            0.0
        ]
    ],
    "Name": "UI_CanvasHit_1",
    "RangeMax": [
        2.0,
        1.0
    ],
    "RangeMin": [
        0.0,
        0.0
    ]
}