{
    "Frames": [
        [
            0.0,
            0.0
        ],
        [
            0.10285714268684387,
            4.650000095367432
        ],
        [
            0.20000000298023224,
            0.013333320617675781
        ],
        [
            0.3085714280605316,
            4.333333492279053
        ],
        [
            0.4057142734527588,
            0.0
        ],
        [
            0.5057142972946167,
            4.050000190734863
        ],
        [
            0.6028571724891663,
            0.019999980926513672
        ],
        [
            0.6971428394317627,
            4.5333333015441895
        ],
        [
            0.7942857146263123,
            0.013333320617675781
        ],
        [
            0.8857142925262451,
            3.816666603088379
        ],
        [
            1.0,
            0.013333320617675781
        ],
        [
            1.100000023841858,
            3.383333444595337
        ],
        [
            1.2028571367263794,
            0.013333320617675781
        ],
        [
            1.2971428632736206,
            2.866666555404663
        ],
        [
            1.3942856788635254,
            0.0
        ],
        [
            1.48285710811615,
            2.5333333015441895
        ],
        [
            1.591428518295288,
            0.013333320617675781
        ],
        [
            1.708571434020996,
            1.966666579246521
        ],
        [
            1.8057142496109009,
            0.0
        ],
        [
            1.899999976158142,
            1.5
        ],
        [
            2.0,
            0.0
        ],
        [
            -10000.0,
            0.0
        ],
        [
            0.0,
            0.0
        ],
        [
            0.0,
            0.0
        ],
        [
            0.0,
            0.0
        ],
        [
            0.0,
            0.0
        ],
        [
            0.0,
            0.0
        ],
        [
            0.0,
            0.0
        ],
        [
            0.0,
            0.0
        ],
        [
            0.0,
            0.0
        ]
    ],
    "Name": "UI_CanvasHit_0",
    "RangeMax": [
        2.0,
        5.0
    ],
    "RangeMin": [
        0.0,
        0.0
    ]
}