{"ChildrenUI":[{"ChildTag":"PlayerInfo_EndHp\u0000","ObjectTag":"PlayerInfo_EndHp","Pivot":6,"PositionX":59.0,"PositionY":58.0,"Priority":2,"Prototype_GameObject":"Default_UI\u0000","ScaleX":0.699999988079071,"ScaleY":0.699999988079071,"ShaderParams":{"Float2s":[],"Float4s":[[0.9372549057006836,0.9333333373069763,0.6705882549285889,0.5]],"Float4x4s":[],"Floats":[],"Ints":[1],"Pass":14,"Textures":["..\\Bin\\Resources\\UI\\Front_UI\\StartHp.png\u0000"]},"SizeX":20.0,"SizeY":40.0,"Transform":{"WorldMatrix":[14.0,0.0,0.0,0.0,0.0,28.0,0.0,0.0,0.0,0.0,1.0,0.0,59.010520935058594,-302.0105285644531,0.0,1.0]}},{"ChildTag":"PlayerInfo_EndtHpBack\u0000","ObjectTag":"PlayerInfo_EndtHpBack","Pivot":6,"PositionX":61.0,"PositionY":58.0,"Priority":1,"Prototype_GameObject":"Default_UI\u0000","ScaleX":0.699999988079071,"ScaleY":0.699999988079071,"ShaderParams":{"Float2s":[],"Float4s":[[1.0,0.1764705926179886,0.21568627655506134,0.7019608020782471]],"Float4x4s":[],"Floats":[],"Ints":[],"Pass":14,"Textures":["..\\Bin\\Resources\\UI\\Front_UI\\EndHpBack.png\u0000"]},"SizeX":20.0,"SizeY":40.0,"Transform":{"WorldMatrix":[14.0,0.0,0.0,0.0,0.0,28.0,0.0,0.0,0.0,0.0,1.0,0.0,61.010520935058594,-302.0105285644531,0.0,1.0]}},{"ChildTag":"PlayerInfo_Hp0\u0000","ObjectTag":"PlayerInfo_Hp0","Pivot":6,"PositionX":-100.0,"PositionY":58.0,"Priority":2,"Prototype_GameObject":"PlayerInfo_HpUI\u0000","ScaleX":0.699999988079071,"ScaleY":0.699999988079071,"ShaderParams":{"Float2s":[],"Float4s":[[0.9372549057006836,0.929411768913269,0.6705882549285889,0.5]],"Float4x4s":[],"Floats":[0.07999999821186066],"Ints":[5,1,0],"Pass":22,"Textures":["..\\Bin\\Resources\\UI\\Front_UI\\HpGaeuge5.png\u0000","..\\Bin\\Resources\\UI\\Front_UI\\HpGaeuge10.png\u0000","..\\Bin\\Resources\\UI\\Front_UI\\HpDefault.png\u0000"]},"SizeX":40.0,"SizeY":40.0,"Transform":{"WorldMatrix":[28.0,0.0,0.0,0.0,0.0,28.0,0.0,0.0,0.0,0.0,1.0,0.0,-99.9894790649414,-302.0105285644531,0.0,1.0]}},{"ChildTag":"PlayerInfo_Hp1\u0000","ObjectTag":"PlayerInfo_Hp1","Pivot":6,"PositionX":-72.0,"PositionY":58.0,"Priority":2,"Prototype_GameObject":"PlayerInfo_HpUI\u0000","ScaleX":0.699999988079071,"ScaleY":0.699999988079071,"ShaderParams":{"Float2s":[],"Float4s":[[0.9372549057006836,0.929411768913269,0.6705882549285889,0.5]],"Float4x4s":[],"Floats":[0.07999999821186066],"Ints":[5,1,0],"Pass":22,"Textures":["..\\Bin\\Resources\\UI\\Front_UI\\HpGaeuge5.png\u0000","..\\Bin\\Resources\\UI\\Front_UI\\HpGaeuge10.png\u0000","..\\Bin\\Resources\\UI\\Front_UI\\HpDefault.png\u0000"]},"SizeX":40.0,"SizeY":40.0,"Transform":{"WorldMatrix":[28.0,0.0,0.0,0.0,0.0,28.0,0.0,0.0,0.0,0.0,1.0,0.0,-71.9894790649414,-302.0105285644531,0.0,1.0]}},{"ChildTag":"PlayerInfo_Hp2\u0000","ObjectTag":"PlayerInfo_Hp2","Pivot":6,"PositionX":-44.0,"PositionY":58.0,"Priority":2,"Prototype_GameObject":"PlayerInfo_HpUI\u0000","ScaleX":0.699999988079071,"ScaleY":0.699999988079071,"ShaderParams":{"Float2s":[],"Float4s":[[0.9372549057006836,0.929411768913269,0.6705882549285889,0.5]],"Float4x4s":[],"Floats":[0.07999999821186066],"Ints":[5,1,0],"Pass":22,"Textures":["..\\Bin\\Resources\\UI\\Front_UI\\HpGaeuge5.png\u0000","..\\Bin\\Resources\\UI\\Front_UI\\HpGaeuge10.png\u0000","..\\Bin\\Resources\\UI\\Front_UI\\HpDefault.png\u0000"]},"SizeX":40.0,"SizeY":40.0,"Transform":{"WorldMatrix":[28.0,0.0,0.0,0.0,0.0,28.0,0.0,0.0,0.0,0.0,1.0,0.0,-43.989479064941406,-302.0105285644531,0.0,1.0]}},{"ChildTag":"PlayerInfo_Hp3\u0000","ObjectTag":"PlayerInfo_Hp3","Pivot":6,"PositionX":-16.0,"PositionY":58.0,"Priority":2,"Prototype_GameObject":"PlayerInfo_HpUI\u0000","ScaleX":0.699999988079071,"ScaleY":0.699999988079071,"ShaderParams":{"Float2s":[],"Float4s":[[0.9372549057006836,0.929411768913269,0.6705882549285889,0.5]],"Float4x4s":[],"Floats":[0.07999999821186066],"Ints":[5,1,0],"Pass":22,"Textures":["..\\Bin\\Resources\\UI\\Front_UI\\HpGaeuge5.png\u0000","..\\Bin\\Resources\\UI\\Front_UI\\HpGaeuge10.png\u0000","..\\Bin\\Resources\\UI\\Front_UI\\HpDefault.png\u0000"]},"SizeX":40.0,"SizeY":40.0,"Transform":{"WorldMatrix":[28.0,0.0,0.0,0.0,0.0,28.0,0.0,0.0,0.0,0.0,1.0,0.0,-15.989479064941406,-302.0105285644531,0.0,1.0]}},{"ChildTag":"PlayerInfo_Hp4\u0000","ObjectTag":"PlayerInfo_Hp4","Pivot":6,"PositionX":12.0,"PositionY":58.0,"Priority":2,"Prototype_GameObject":"PlayerInfo_HpUI\u0000","ScaleX":0.699999988079071,"ScaleY":0.699999988079071,"ShaderParams":{"Float2s":[],"Float4s":[[0.9372549057006836,0.929411768913269,0.6705882549285889,0.5]],"Float4x4s":[],"Floats":[0.07999999821186066],"Ints":[5,1,0],"Pass":22,"Textures":["..\\Bin\\Resources\\UI\\Front_UI\\HpGaeuge5.png\u0000","..\\Bin\\Resources\\UI\\Front_UI\\HpGaeuge10.png\u0000","..\\Bin\\Resources\\UI\\Front_UI\\HpDefault.png\u0000"]},"SizeX":40.0,"SizeY":40.0,"Transform":{"WorldMatrix":[28.0,0.0,0.0,0.0,0.0,28.0,0.0,0.0,0.0,0.0,1.0,0.0,12.010520935058594,-302.0105285644531,0.0,1.0]}},{"ChildTag":"PlayerInfo_Hp5\u0000","ObjectTag":"PlayerInfo_Hp5","Pivot":6,"PositionX":40.0,"PositionY":58.0,"Priority":2,"Prototype_GameObject":"PlayerInfo_HpUI\u0000","ScaleX":0.699999988079071,"ScaleY":0.699999988079071,"ShaderParams":{"Float2s":[],"Float4s":[[0.9372549057006836,0.929411768913269,0.6705882549285889,0.5]],"Float4x4s":[],"Floats":[0.07999999821186066],"Ints":[5,1,0],"Pass":22,"Textures":["..\\Bin\\Resources\\UI\\Front_UI\\HpGaeuge5.png\u0000","..\\Bin\\Resources\\UI\\Front_UI\\HpGaeuge10.png\u0000","..\\Bin\\Resources\\UI\\Front_UI\\HpDefault.png\u0000"]},"SizeX":40.0,"SizeY":40.0,"Transform":{"WorldMatrix":[28.0,0.0,0.0,0.0,0.0,28.0,0.0,0.0,0.0,0.0,1.0,0.0,40.010520935058594,-302.0105285644531,0.0,1.0]}},{"ChildTag":"PlayerInfo_HpBack0\u0000","ObjectTag":"PlayerInfo_HpBack0","Pivot":6,"PositionX":-100.0,"PositionY":58.0,"Priority":1,"Prototype_GameObject":"PlayerInfo_HpUI\u0000","ScaleX":0.699999988079071,"ScaleY":0.699999988079071,"ShaderParams":{"Float2s":[],"Float4s":[[1.0,0.1764705926179886,0.21568627655506134,0.7019608020782471]],"Float4x4s":[],"Floats":[0.07999999821186066],"Ints":[5,1,0],"Pass":22,"Textures":["..\\Bin\\Resources\\UI\\Front_UI\\HpGaeugeBack5.png\u0000","..\\Bin\\Resources\\UI\\Front_UI\\HpGaeugeBack10.png\u0000","..\\Bin\\Resources\\UI\\Front_UI\\HpDefaultBack.png\u0000"]},"SizeX":40.0,"SizeY":40.0,"Transform":{"WorldMatrix":[28.0,0.0,0.0,0.0,0.0,28.0,0.0,0.0,0.0,0.0,1.0,0.0,-99.9894790649414,-302.0105285644531,0.0,1.0]}},{"ChildTag":"PlayerInfo_HpBack1\u0000","ObjectTag":"PlayerInfo_HpBack1","Pivot":6,"PositionX":-72.0,"PositionY":58.0,"Priority":1,"Prototype_GameObject":"PlayerInfo_HpUI\u0000","ScaleX":0.699999988079071,"ScaleY":0.699999988079071,"ShaderParams":{"Float2s":[],"Float4s":[[1.0,0.1764705926179886,0.21568627655506134,0.7019608020782471]],"Float4x4s":[],"Floats":[0.07999999821186066],"Ints":[5,1,0],"Pass":22,"Textures":["..\\Bin\\Resources\\UI\\Front_UI\\HpGaeugeBack5.png\u0000","..\\Bin\\Resources\\UI\\Front_UI\\HpGaeugeBack10.png\u0000","..\\Bin\\Resources\\UI\\Front_UI\\HpDefaultBack.png\u0000"]},"SizeX":40.0,"SizeY":40.0,"Transform":{"WorldMatrix":[28.0,0.0,0.0,0.0,0.0,28.0,0.0,0.0,0.0,0.0,1.0,0.0,-71.9894790649414,-302.0105285644531,0.0,1.0]}},{"ChildTag":"PlayerInfo_HpBack2\u0000","ObjectTag":"PlayerInfo_HpBack2","Pivot":6,"PositionX":-44.0,"PositionY":58.0,"Priority":1,"Prototype_GameObject":"PlayerInfo_HpUI\u0000","ScaleX":0.699999988079071,"ScaleY":0.699999988079071,"ShaderParams":{"Float2s":[],"Float4s":[[1.0,0.1764705926179886,0.21568627655506134,0.7019608020782471]],"Float4x4s":[],"Floats":[0.07999999821186066],"Ints":[5,1,0],"Pass":22,"Textures":["..\\Bin\\Resources\\UI\\Front_UI\\HpGaeugeBack5.png\u0000","..\\Bin\\Resources\\UI\\Front_UI\\HpGaeugeBack10.png\u0000","..\\Bin\\Resources\\UI\\Front_UI\\HpDefaultBack.png\u0000"]},"SizeX":40.0,"SizeY":40.0,"Transform":{"WorldMatrix":[28.0,0.0,0.0,0.0,0.0,28.0,0.0,0.0,0.0,0.0,1.0,0.0,-43.989479064941406,-302.0105285644531,0.0,1.0]}},{"ChildTag":"PlayerInfo_HpBack3\u0000","ObjectTag":"PlayerInfo_HpBack3","Pivot":6,"PositionX":-16.0,"PositionY":58.0,