{"ChildrenUI":[{"ChildTag":"SASInfoLeft_EndHp\u0000","ObjectTag":"SASInfoLeft_EndHp","Pivot":6,"PositionX":-212.0,"PositionY":69.0,"Priority":2,"Prototype_GameObject":"SASInfoLeft_HpBothEndsUI\u0000","ScaleX":0.699999988079071,"ScaleY":0.699999988079071,"ShaderParams":{"Float2s":[],"Float4s":[[0.6705882549285889,0.12156862765550613,0.12156862765550613,1.0]],"Float4x4s":[],"Floats":[1.000000238418579,0.0,0.30000001192092896],"Ints":[0,0,2],"Pass":22,"Textures":["","","..\\Bin\\Resources\\UI\\Front_UI\\EndHp.png\u0000","","","..\\Bin\\Resources\\UI\\Front_UI\\EndHpBack.png\u0000","..\\Bin\\Resources\\UI\\Front_UI\\T_White.png\u0000"]},"SizeX":20.0,"SizeY":40.0,"Transform":{"WorldMatrix":[14.0,0.0,0.0,0.0,0.0,28.0,0.0,0.0,0.0,0.0,1.0,0.0,-212.0,-291.0,0.0,1.0]}},{"ChildTag":"SASInfoLeft_EndHpBack\u0000","ObjectTag":"SASInfoLeft_EndHpBack","Pivot":6,"PositionX":-212.0,"PositionY":70.0,"Priority":1,"Prototype_GameObject":"SASInfoLeft_HpBothEndsUI\u0000","ScaleX":0.699999988079071,"ScaleY":0.699999988079071,"ShaderParams":{"Float2s":[],"Float4s":[[1.0,0.12941177189350128,0.10980392247438431,0.5]],"Float4x4s":[],"Floats":[0.9801948070526123,0.0],"Ints":[0,0,2],"Pass":23,"Textures":["","","..\\Bin\\Resources\\UI\\Front_UI\\EndHpBack.png\u0000"]},"SizeX":20.0,"SizeY":40.0,"Transform":{"WorldMatrix":[14.0,0.0,0.0,0.0,0.0,28.0,0.0,0.0,0.0,0.0,1.0,0.0,-212.0,-290.0,0.0,1.0]}},{"ChildTag":"SASInfoLeft_Hp0\u0000","ObjectTag":"SASInfoLeft_Hp0","Pivot":6,"PositionX":-287.0,"PositionY":66.5,"Priority":2,"Prototype_GameObject":"SASInfoLeft_HpUI\u0000","ScaleX":0.699999988079071,"ScaleY":0.699999988079071,"ShaderParams":{"Float2s":[],"Float4s":[[0.6705882549285889,0.12156862765550613,0.12156862765550613,1.0]],"Float4x4s":[],"Floats":[0.9948181509971619,0.07999999821186066,0.30000001192092896],"Ints":[5,1,0],"Pass":22,"Textures":["..\\Bin\\Resources\\UI\\Front_UI\\HpGaeuge5.png\u0000","..\\Bin\\Resources\\UI\\Front_UI\\HpGaeuge10.png\u0000","..\\Bin\\Resources\\UI\\Front_UI\\HpDefault.png\u0000","..\\Bin\\Resources\\UI\\Front_UI\\HpGaeugeBack5.png\u0000","..\\Bin\\Resources\\UI\\Front_UI\\HpGaeugeBack10.png\u0000","..\\Bin\\Resources\\UI\\Front_UI\\HpDefaultBack.png\u0000","..\\Bin\\Resources\\UI\\Front_UI\\T_White.png\u0000"]},"SizeX":40.0,"SizeY":40.0,"Transform":{"WorldMatrix":[27.987401962280273,0.8398740291595459,0.0,0.0,-0.8398740291595459,27.987401962280273,0.0,0.0,0.0,0.0,1.0,0.0,-287.0,-293.5,0.0,1.0]}},{"ChildTag":"SASInfoLeft_Hp1\u0000","ObjectTag":"SASInfoLeft_Hp1","Pivot":6,"PositionX":-259.1000061035156,"PositionY":67.5,"Priority":2,"Prototype_GameObject":"SASInfoLeft_HpUI\u0000","ScaleX":0.699999988079071,"ScaleY":0.699999988079071,"ShaderParams":{"Float2s":[],"Float4s":[[0.6705882549285889,0.12156862765550613,0.12156862765550613,1.0]],"Float4x4s":[],"Floats":[0.9951319694519043,0.07999999821186066,0.30000001192092896],"Ints":[10,1,2],"Pass":22,"Textures":["..\\Bin\\Resources\\UI\\Front_UI\\HpGaeuge5.png\u0000","..\\Bin\\Resources\\UI\\Front_UI\\HpGaeuge10.png\u0000","..\\Bin\\Resources\\UI\\Front_UI\\HpDefault.png\u0000","..\\Bin\\Resources\\UI\\Front_UI\\HpGaeugeBack5.png\u0000","..\\Bin\\Resources\\UI\\Front_UI\\HpGaeugeBack10.png\u0000","..\\Bin\\Resources\\UI\\Front_UI\\HpDefaultBack.png\u0000","..\\Bin\\Resources\\UI\\Front_UI\\T_White.png\u0000"]},"SizeX":40.0,"SizeY":40.0,"Transform":{"WorldMatrix":[27.982851028442383,0.9797999262809753,0.0,0.0,-0.9797999262809753,27.982851028442383,0.0,0.0,0.0,0.0,1.0,0.0,-259.1000061035156,-292.5,0.0,1.0]}},{"ChildTag":"SASInfoLeft_Hp2\u0000","ObjectTag":"SASInfoLeft_Hp2","Pivot":6,"PositionX":-232.10000610351563,"PositionY":68.5,"Priority":2,"Prototype_GameObject":"SASInfoLeft_HpUI\u0000","ScaleX":0.699999988079071,"ScaleY":0.699999988079071,"ShaderParams":{"Float2s":[],"Float4s":[[0.6705882549285889,0.12156862765550613,0.12156862765550613,1.0]],"Float4x4s":[],"Floats":[0.9954690337181091,0.07999999821186066,0.30000001192092896],"Ints":[10,1,2],"Pass":22,"Textures":["..\\Bin\\Resources\\UI\\Front_UI\\HpGaeuge5.png\u0000","..\\Bin\\Resources\\UI\\Front_UI\\HpGaeuge10.png\u0000","..\\Bin\\Resources\\UI\\Front_UI\\HpDefault.png\u0000","..\\Bin\\Resources\\UI\\Front_UI\\HpGaeugeBack5.png\u0000","..\\Bin\\Resources\\UI\\Front_UI\\HpGaeugeBack10.png\u0000","..\\Bin\\Resources\\UI\\Front_UI\\HpDefaultBack.png\u0000","..\\Bin\\Resources\\UI\\Front_UI\\T_White.png\u0000"]},"SizeX":40.0,"SizeY":40.0,"Transform":{"WorldMatrix":[27.987401962280273,0.8398740291595459,0.0,0.0,-0.8398740291595459,27.987401962280273,0.0,0.0,0.0,0.0,1.0,0.0,-232.10000610351563,-291.5,0.0,1.0]}},{"ChildTag":"SASInfoLeft_HpBack0\u0000","ObjectTag":"SASInfoLeft_HpBack0","Pivot":6,"PositionX":-287.0,"PositionY":65.5,"Priority":1,"Prototype_GameObject":"SASInfoLeft_HpBackUI\u0000","ScaleX":0.699999988079071,"ScaleY":0.800000011920929,"ShaderParams":{"Float2s":[],"Float4s":[[1.0,0.12941177189350128,0.10980392247438431,0.5]],"Float4x4s":[],"Floats":[0.9950502514839172,0.07999999821186066],"Ints":[5,1,0],"Pass":23,"Textures":["..\\Bin\\Resources\\UI\\Front_UI\\HpGaeugeBack5.png\u0000","..\\Bin\\Resources\\UI\\Front_UI\\HpGaeugeBack10.png\u0000","..\\Bin\\Resources\\UI\\Front_UI\\HpDefaultBack.png\u0000"]},"SizeX":40.0,"SizeY":40.0,"Transform":{"WorldMatrix":[27.987401962280273,0.8398740291595459,0.0,0.0,-0.9598560333251953,31.9856014251709,0.0,0.0,0.0,0.0,1.0,0.0,-287.0,-294.5,0.0,1.0]}},{"ChildTag":"SASInfoLeft_HpBack1\u0000","ObjectTag":"SASInfoLeft_HpBack1","Pivot":6,"PositionX":-259.1000061035156,"PositionY":66.5,"Priority":1,"Prototype_GameObject":"SASInfoLeft_HpBackUI\u0000","ScaleX":0.699999988079071,"ScaleY":0.800000011920929,"ShaderParams":{"Float2s":[],"Float4s":[[1.0,0.12941177189350128,0.10980392247438431,0.5]],"Float4x4s":[],"Floats":[0.9953640699386597,0.07999999821186066],"Ints":[10,1,2],"Pass":23,"Textures":["..\\Bin\\Resources\\UI\\Front_UI\\HpGaeugeBack5.png\u0000","..\\Bin\\Resources\\UI\\Front_UI\\HpGaeugeBack10.png\u0000","..\\Bin\\Resources\\UI\\Front_UI\\HpDefaultBack.png\u0000"]},"SizeX":40.0,"SizeY":40.0,"Transform":{"WorldMatrix":[27.982851028442383,0.9797999262809753,0.0,0.0,-1.1197713613510132,31.98040199279785,0.0,0.0,0.0,0.0,1.0,0.0,-259.1000061035156,-293.5,0.0,1.0]}},{"ChildTag":"SASInfoLeft_HpBack2\u0000","ObjectTag":"SASInfoLeft_HpBack2","Pivot":6,"PositionX":-232.10000610351563,"PositionY":67.5,"Priority":1,"Prototype_GameObject":"SASInfoLeft_HpBackUI\u0000","ScaleX":0.699999988079071,"ScaleY":0.800000011920929,"ShaderParams":{"Float2s":[],"Float4s":[[1.0,0.12941177189350128,0.10980392247438431,0.5]],"Float4x4s":[],"Floats":[0.9957011342048645,0.07999999821186066],"Ints":[10,1,2],"Pass":23,"Textures":["..\\Bin\\Resources\\UI\\Front_UI\\HpGaeugeBack5.png\u0000","..\\Bin\\Resources\\UI\\Front_UI\\HpGaeugeBack10.png\u0000","..\\Bin\\Resources\\UI\\Front_UI\\HpDefaultBack.png\u0000"]},"SizeX":40.0,"SizeY":40.0,"Transform":{"WorldMatrix":[27.987401962280273,0.8398740291595459,0.0,0.0,-0.9598560333251953,31.9856014251709,0.0,0.0,0.0,0.0,1.0,0.0,-232.10000610351563,-292.5,0.0,1.0]}},{"ChildTag":"SASInfoLeft_StartHp\u0000","ObjectTag":"SASInfoLeft_StartHp","Pivot":6,"PositionX":-308.0,"PositionY":66.0999984741211,"Priority":2,"Prototype_GameObject":"SASInfoLeft_HpBothEndsUI\u0000","ScaleX":0.699999988079071,"ScaleY":0.699999988079071,"ShaderParams":{"Float2s":[],"Float4s":[],"Float4x4s":[],"Floats":[1.0,0.0,0.30000001192092896],"Ints":[0,0,2],"Pass":22,"Textures":["","","..\\Bin\\Resources\\UI\\Front_UI\\StartHp.png\u0000","","","..\\Bin\\Resources\\UI\\Front_UI\\StartHpBack.png\u0000","..\\Bin\\Resources\\UI\\Front_UI\\T_White.png\u0000"]},"SizeX":20.0,"SizeY":40.0,"Transform":{"WorldMatrix":[14.0,0.0,0.0,0.0,0.0,28.0,0.0,0.0,0.0,0.0,1.0,0.0,-308.0,-293.8999938964844,0.0,1.0]}},{"ChildTag":"SASInfoLeft_StartHpBack\u0000","ObjectTag":"SASInfoLeft_StartHpBack","Pivot":6,"PositionX":-308.0,"PositionY":65.5,"Priority":1,"Prototype_GameObject":"SASInfoLeft_HpBothEndsUI\u0000","ScaleX":0.699999988079071,