{"ChildrenUI":[{"ChildTag":"HillBar\u0000","ObjectTag":"HillBar","Pivot":6,"PositionX":-336.0,"PositionY":79.0,"Priority":2,"Prototype_GameObject":"Shader_UI\u0000","ScaleX":1.0,"ScaleY":1.0,"ShaderParams":{"Float2s":[],"Float4s":[],"Float4x4s":[],"Floats":[0.0],"Ints":[],"Pass":32,"Textures":["..\\Bin\\Resources\\UI\\Front_UI\\HillBar.png\u0000"]},"SizeX":134.0,"SizeY":8.0,"Transform":{"WorldMatrix":[133.9581298828125,3.3496510982513428,0.0,0.0,-0.19997917115688324,7.997499942779541,0.0,0.0,0.0,0.0,1.0,0.0,-336.0954895019531,-371.2227783203125,0.0,1.0]}},{"ChildTag":"SASInfoLeft_EndHp\u0000","ObjectTag":"SASInfoLeft_EndHp","Pivot":6,"PositionX":-274.0,"PositionY":67.0,"Priority":2,"Prototype_GameObject":"SASInfoLeft_HpBothEndsUI\u0000","ScaleX":1.0,"ScaleY":0.800000011920929,"ShaderParams":{"Float2s":[],"Float4s":[[0.6705882549285889,0.12156862765550613,0.12156862765550613,1.0]],"Float4x4s":[],"Floats":[1.000000238418579,0.0,0.30000001192092896],"Ints":[0,0,2],"Pass":22,"Textures":["","","..\\Bin\\Resources\\UI\\Front_UI\\EndHp.png\u0000","","","..\\Bin\\Resources\\UI\\Front_UI\\EndHpBack.png\u0000","..\\Bin\\Resources\\UI\\Front_UI\\T_White.png\u0000"]},"SizeX":20.0,"SizeY":40.0,"Transform":{"WorldMatrix":[20.0,0.0,0.0,0.0,0.0,32.0,0.0,0.0,0.0,0.0,1.0,0.0,-274.0954895019531,-383.2227783203125,0.0,1.0]}},{"ChildTag":"SASInfoLeft_EndHpBack\u0000","ObjectTag":"SASInfoLeft_EndHpBack","Pivot":6,"PositionX":-274.0,"PositionY":67.0,"Priority":1,"Prototype_GameObject":"SASInfoLeft_HpBothEndsUI\u0000","ScaleX":0.8500000238418579,"ScaleY":0.800000011920929,"ShaderParams":{"Float2s":[],"Float4s":[[1.0,0.12941177189350128,0.10980392247438431,0.5]],"Float4x4s":[],"Floats":[0.9777438640594482,0.0],"Ints":[0,0,2],"Pass":23,"Textures":["","","..\\Bin\\Resources\\UI\\Front_UI\\EndHpBack.png\u0000"]},"SizeX":20.0,"SizeY":40.0,"Transform":{"WorldMatrix":[17.0,0.0,0.0,0.0,0.0,32.0,0.0,0.0,0.0,0.0,1.0,0.0,-274.0954895019531,-383.2227783203125,0.0,1.0]}},{"ChildTag":"SASInfoLeft_Hp0\u0000","ObjectTag":"SASInfoLeft_Hp0","Pivot":6,"PositionX":-368.0,"PositionY":65.5,"Priority":2,"Prototype_GameObject":"SASInfoLeft_HpUI\u0000","ScaleX":0.8399999737739563,"ScaleY":0.800000011920929,"ShaderParams":{"Float2s":[],"Float4s":[[0.6705882549285889,0.12156862765550613,0.12156862765550613,1.0]],"Float4x4s":[],"Floats":[0.998462975025177,0.07999999821186066,0.30000001192092896],"Ints":[10,1,1],"Pass":22,"Textures":["..\\Bin\\Resources\\UI\\Front_UI\\HpGaeuge5.png\u0000","..\\Bin\\Resources\\UI\\Front_UI\\HpGaeuge10.png\u0000","..\\Bin\\Resources\\UI\\Front_UI\\HpDefault.png\u0000","..\\Bin\\Resources\\UI\\Front_UI\\HpGaeugeBack5.png\u0000","..\\Bin\\Resources\\UI\\Front_UI\\HpGaeugeBack10.png\u0000","..\\Bin\\Resources\\UI\\Front_UI\\HpDefaultBack.png\u0000","..\\Bin\\Resources\\UI\\Front_UI\\T_White.png\u0000"]},"SizeX":40.0,"SizeY":40.0,"Transform":{"WorldMatrix":[33.58488082885742,1.0078486204147339,0.0,0.0,-0.9598560333251953,31.98560333251953,0.0,0.0,0.0,0.0,1.0,0.0,-368.0954895019531,-384.7227783203125,0.0,1.0]}},{"ChildTag":"SASInfoLeft_Hp1\u0000","ObjectTag":"SASInfoLeft_Hp1","Pivot":6,"PositionX":-335.0,"PositionY":66.0,"Priority":2,"Prototype_GameObject":"SASInfoLeft_HpUI\u0000","ScaleX":0.8500000238418579,"ScaleY":0.800000011920929,"ShaderParams":{"Float2s":[],"Float4s":[[0.6705882549285889,0.12156862765550613,0.12156862765550613,1.0]],"Float4x4s":[],"Floats":[0.9949398636817932,0.07999999821186066,0.30000001192092896],"Ints":[10,1,2],"Pass":22,"Textures":["..\\Bin\\Resources\\UI\\Front_UI\\HpGaeuge5.png\u0000","..\\Bin\\Resources\\UI\\Front_UI\\HpGaeuge10.png\u0000","..\\Bin\\Resources\\UI\\Front_UI\\HpDefault.png\u0000","..\\Bin\\Resources\\UI\\Front_UI\\HpGaeugeBack5.png\u0000","..\\Bin\\Resources\\UI\\Front_UI\\HpGaeugeBack10.png\u0000","..\\Bin\\Resources\\UI\\Front_UI\\HpDefaultBack.png\u0000","..\\Bin\\Resources\\UI\\Front_UI\\T_White.png\u0000"]},"SizeX":40.0,"SizeY":40.0,"Transform":{"WorldMatrix":[33.99829864501953,0.33999431133270264,0.0,0.0,-0.3199946880340576,31.99839973449707,0.0,0.0,0.0,0.0,1.0,0.0,-335.0954895019531,-384.2227783203125,0.0,1.0]}},{"ChildTag":"SASInfoLeft_Hp2\u0000","ObjectTag":"SASInfoLeft_Hp2","Pivot":6,"PositionX":-300.5,"PositionY":66.5,"Priority":2,"Prototype_GameObject":"SASInfoLeft_HpUI\u0000","ScaleX":0.8500000238418579,"ScaleY":0.800000011920929,"ShaderParams":{"Float2s":[],"Float4s":[[0.6705882549285889,0.12156862765550613,0.12156862765550613,1.0]],"Float4x4s":[],"Floats":[0.9961997866630554,0.07999999821186066,0.30000001192092896],"Ints":[5,1,0],"Pass":22,"Textures":["..\\Bin\\Resources\\UI\\Front_UI\\HpGaeuge5.png\u0000","..\\Bin\\Resources\\UI\\Front_UI\\HpGaeuge10.png\u0000","..\\Bin\\Resources\\UI\\Front_UI\\HpDefault.png\u0000","..\\Bin\\Resources\\UI\\Front_UI\\HpGaeugeBack5.png\u0000","..\\Bin\\Resources\\UI\\Front_UI\\HpGaeugeBack10.png\u0000","..\\Bin\\Resources\\UI\\Front_UI\\HpDefaultBack.png\u0000","..\\Bin\\Resources\\UI\\Front_UI\\T_White.png\u0000"]},"SizeX":40.0,"SizeY":40.0,"Transform":{"WorldMatrix":[33.984703063964844,1.01984703540802,0.0,0.0,-0.9598560333251953,31.98560333251953,0.0,0.0,0.0,0.0,1.0,0.0,-300.5954895019531,-383.7227783203125,0.0,1.0]}},{"ChildTag":"SASInfoLeft_HpBack0\u0000","ObjectTag":"SASInfoLeft_HpBack0","Pivot":6,"PositionX":-368.0,"PositionY":65.5,"Priority":1,"Prototype_GameObject":"SASInfoLeft_HpBackUI\u0000","ScaleX":0.8399999737739563,"ScaleY":0.800000011920929,"ShaderParams":{"Float2s":[],"Float4s":[[1.0,0.12941177189350128,0.10980392247438431,0.5]],"Float4x4s":[],"Floats":[0.9970030784606934,0.07999999821186066],"Ints":[10,1,1],"Pass":23,"Textures":["..\\Bin\\Resources\\UI\\Front_UI\\HpGaeugeBack5.png\u0000","..\\Bin\\Resources\\UI\\Front_UI\\HpGaeugeBack10.png\u0000","..\\Bin\\Resources\\UI\\Front_UI\\HpDefaultBack.png\u0000"]},"SizeX":40.0,"SizeY":40.0,"Transform":{"WorldMatrix":[33.58488082885742,1.0078487396240234,0.0,0.0,-0.9598560333251953,31.98560333251953,0.0,0.0,0.0,0.0,1.0,0.0,-368.0954895019531,-384.7227783203125,0.0,1.0]}},{"ChildTag":"SASInfoLeft_HpBack1\u0000","ObjectTag":"SASInfoLeft_HpBack1","Pivot":6,"PositionX":-335.0,"PositionY":66.0,"Priority":1,"Prototype_GameObject":"SASInfoLeft_HpBackUI\u0000","ScaleX":0.8500000238418579,"ScaleY":0.800000011920929,"ShaderParams":{"Float2s":[],"Float4s":[[1.0,0.12941177189350128,0.10980392247438431,0.5]],"Float4x4s":[],"Floats":[0.9886434078216553,0.07999999821186066],"Ints":[10,1,2],"Pass":23,"Textures":["..\\Bin\\Resources\\UI\\Front_UI\\HpGaeugeBack5.png\u0000","..\\Bin\\Resources\\UI\\Front_UI\\HpGaeugeBack10.png\u0000","..\\Bin\\Resources\\UI\\Front_UI\\HpDefaultBack.png\u0000"]},"SizeX":40.0,"SizeY":40.0,"Transform":{"WorldMatrix":[33.97917556762695,1.1897571086883545,0.0,0.0,-1.1197714805603027,31.98040199279785,0.0,0.0,0.0,0.0,1.0,0.0,-335.0954895019531,-384.2227783203125,0.0,1.0]}},{"ChildTag":"SASInfoLeft_HpBack2\u0000","ObjectTag":"SASInfoLeft_HpBack2","Pivot":6,"PositionX":-300.5,"PositionY":66.5,"Priority":1,"Prototype_GameObject":"SASInfoLeft_HpBackUI\u0000","ScaleX":0.8999999761581421,"ScaleY":0.800000011920929,"ShaderParams":{"Float2s":[],"Float4s":[[1.0,0.12941177189350128,0.10980392247438431,0.5]],"Float4x4s":[],"Floats":[0.9930973649024963,0.07999999821186066],"Ints":[5,1,0],"Pass":23,"Textures":["..\\Bin\\Resources\\UI\\Front_UI\\HpGaeugeBack5.png\u0000","..\\Bin\\Resources\\UI\\Front_UI\\HpGaeugeBack10.png\u0000","..\\Bin\\Resources\\UI\\Front_UI\\HpDefaultBack.png\u0000"]},"SizeX":40.0,"SizeY":40.0,"Transform":{"WorldMatrix":[35.999549865722656,0.1799992471933365,0.0,0.0,-0.15999935567378998,31.999601364135742,0.0,0.0,0.0,0.0,1.0,0.0,-300.5954895019531,-383.7227783203125,0.0,1.0]}},{"ChildTag":"SASInfoLeft_StartHp\u0000","ObjectTag":"SASInfoLeft_StartHp","Pivot":6,"PositionX":-395.0,"PositionY":65.0,"Priority":2,"Prototype_GameObject":"SASInfoLeft_HpBothEndsUI\u0000","ScaleX":1.0,"ScaleY":0.800000011920929,"ShaderParams":{"Float2s":[],"Float4s":[],"Float4x4s":[],"Floats":[1.0,0.0,0.30000001192092896],