{"ChildrenUI":[{"ChildTag":"SASInfoRight_EndHp\u0000","ObjectTag":"SASInfoRight_EndHp","Pivot":5,"PositionX":-300.5,"PositionY":66.0,"Priority":2,"Prototype_GameObject":"SASInfoRight_HpBothEndsUI\u0000","ScaleX":0.699999988079071,"ScaleY":0.699999988079071,"ShaderParams":{"Float2s":[],"Float4s":[[0.6705882549285889,0.12156862765550613,0.12156862765550613,1.0]],"Float4x4s":[],"Floats":[-19.0,0.0,0.30000001192092896],"Ints":[0,0,2],"Pass":22,"Textures":["","","..\\Bin\\Resources\\UI\\Front_UI\\EndHp.png\u0000","","","..\\Bin\\Resources\\UI\\Front_UI\\EndHpBack.png\u0000","..\\Bin\\Resources\\UI\\Front_UI\\T_White.png\u0000"]},"SizeX":20.0,"SizeY":40.0,"Transform":{"WorldMatrix":[13.99370002746582,-0.41993698477745056,0.0,0.0,0.8398739695549011,27.98740005493164,0.0,0.0,0.0,0.0,1.0,0.0,339.5,-294.0,0.0,1.0]}},{"ChildTag":"SASInfoRight_EndHpBack\u0000","ObjectTag":"SASInfoRight_EndHpBack","Pivot":5,"PositionX":-300.5,"PositionY":68.0,"Priority":1,"Prototype_GameObject":"SASInfoRight_HpBothEndsUI\u0000","ScaleX":0.699999988079071,"ScaleY":0.699999988079071,"ShaderParams":{"Float2s":[],"Float4s":[[1.0,0.12941177189350128,0.10980392247438431,0.3019607961177826]],"Float4x4s":[],"Floats":[-18.978378295898438,0.0],"Ints":[0,0,2],"Pass":23,"Textures":["","","..\\Bin\\Resources\\UI\\Front_UI\\EndHpBack.png\u0000"]},"SizeX":20.0,"SizeY":40.0,"Transform":{"WorldMatrix":[13.993700981140137,-0.41993701457977295,0.0,0.0,0.8398740291595459,27.987401962280273,0.0,0.0,0.0,0.0,1.0,0.0,339.5,-292.0,0.0,1.0]}},{"ChildTag":"SASInfoRight_Hp0\u0000","ObjectTag":"SASInfoRight_Hp0","Pivot":5,"PositionX":-377.0,"PositionY":68.5,"Priority":2,"Prototype_GameObject":"SASInfoRight_HpUI\u0000","ScaleX":0.699999988079071,"ScaleY":0.699999988079071,"ShaderParams":{"Float2s":[],"Float4s":[[0.6705882549285889,0.12156862765550613,0.12156862765550613,1.0]],"Float4x4s":[],"Floats":[1.0,0.07999999821186066,0.30000001192092896],"Ints":[5,1,0],"Pass":22,"Textures":["..\\Bin\\Resources\\UI\\Front_UI\\HpGaeuge5.png\u0000","..\\Bin\\Resources\\UI\\Front_UI\\HpGaeuge10.png\u0000","..\\Bin\\Resources\\UI\\Front_UI\\HpDefault.png\u0000","..\\Bin\\Resources\\UI\\Front_UI\\HpGaeugeBack5.png\u0000","..\\Bin\\Resources\\UI\\Front_UI\\HpGaeugeBack10.png\u0000","..\\Bin\\Resources\\UI\\Front_UI\\HpDefaultBack.png\u0000","..\\Bin\\Resources\\UI\\Front_UI\\T_White.png\u0000"]},"SizeX":40.0,"SizeY":40.0,"Transform":{"WorldMatrix":[27.98740005493164,-0.8398739695549011,0.0,0.0,0.8398739695549011,27.98740005493164,0.0,0.0,0.0,0.0,1.0,0.0,263.0,-291.5,0.0,1.0]}},{"ChildTag":"SASInfoRight_Hp1\u0000","ObjectTag":"SASInfoRight_Hp1","Pivot":5,"PositionX":-349.0,"PositionY":67.5,"Priority":2,"Prototype_GameObject":"SASInfoRight_HpUI\u0000","ScaleX":0.699999988079071,"ScaleY":0.699999988079071,"ShaderParams":{"Float2s":[],"Float4s":[[0.6705882549285889,0.12156862765550613,0.12156862765550613,1.0]],"Float4x4s":[],"Floats":[1.0,0.07999999821186066,0.30000001192092896],"Ints":[5,1,0],"Pass":22,"Textures":["..\\Bin\\Resources\\UI\\Front_UI\\HpGaeuge5.png\u0000","..\\Bin\\Resources\\UI\\Front_UI\\HpGaeuge10.png\u0000","..\\Bin\\Resources\\UI\\Front_UI\\HpDefault.png\u0000","..\\Bin\\Resources\\UI\\Front_UI\\HpGaeugeBack5.png\u0000","..\\Bin\\Resources\\UI\\Front_UI\\HpGaeugeBack10.png\u0000","..\\Bin\\Resources\\UI\\Front_UI\\HpDefaultBack.png\u0000","..\\Bin\\Resources\\UI\\Front_UI\\T_White.png\u0000"]},"SizeX":40.0,"SizeY":40.0,"Transform":{"WorldMatrix":[27.987401962280273,-0.8398740291595459,0.0,0.0,0.8398740291595459,27.987401962280273,0.0,0.0,0.0,0.0,1.0,0.0,291.0,-292.5,0.0,1.0]}},{"ChildTag":"SASInfoRight_Hp2\u0000","ObjectTag":"SASInfoRight_Hp2","Pivot":5,"PositionX":-321.0,"PositionY":66.5,"Priority":2,"Prototype_GameObject":"SASInfoRight_HpUI\u0000","ScaleX":0.699999988079071,"ScaleY":0.699999988079071,"ShaderParams":{"Float2s":[],"Float4s":[[0.6705882549285889,0.12156862765550613,0.12156862765550613,1.0]],"Float4x4s":[],"Floats":[1.0,0.07999999821186066,0.30000001192092896],"Ints":[5,1,0],"Pass":22,"Textures":["..\\Bin\\Resources\\UI\\Front_UI\\HpGaeuge5.png\u0000","..\\Bin\\Resources\\UI\\Front_UI\\HpGaeuge10.png\u0000","..\\Bin\\Resources\\UI\\Front_UI\\HpDefault.png\u0000","..\\Bin\\Resources\\UI\\Front_UI\\HpGaeugeBack5.png\u0000","..\\Bin\\Resources\\UI\\Front_UI\\HpGaeugeBack10.png\u0000","..\\Bin\\Resources\\UI\\Front_UI\\HpDefaultBack.png\u0000","..\\Bin\\Resources\\UI\\Front_UI\\T_White.png\u0000"]},"SizeX":40.0,"SizeY":40.0,"Transform":{"WorldMatrix":[27.987401962280273,-0.8398740291595459,0.0,0.0,0.8398740291595459,27.987401962280273,0.0,0.0,0.0,0.0,1.0,0.0,319.0,-293.5,0.0,1.0]}},{"ChildTag":"SASInfoRight_HpBack0\u0000","ObjectTag":"SASInfoRight_HpBack0","Pivot":5,"PositionX":-377.0,"PositionY":68.5,"Priority":1,"Prototype_GameObject":"SASInfoRight_HpBackUI\u0000","ScaleX":0.699999988079071,"ScaleY":0.800000011920929,"ShaderParams":{"Float2s":[],"Float4s":[[1.0,0.12941177189350128,0.10980392247438431,0.5]],"Float4x4s":[],"Floats":[1.0,0.07999999821186066],"Ints":[5,1,0],"Pass":23,"Textures":["..\\Bin\\Resources\\UI\\Front_UI\\HpGaeugeBack5.png\u0000","..\\Bin\\Resources\\UI\\Front_UI\\HpGaeugeBack10.png\u0000","..\\Bin\\Resources\\UI\\Front_UI\\HpDefaultBack.png\u0000"]},"SizeX":40.0,"SizeY":40.0,"Transform":{"WorldMatrix":[27.987401962280273,-0.8398740291595459,0.0,0.0,0.9598560333251953,31.9856014251709,0.0,0.0,0.0,0.0,1.0,0.0,263.0,-291.5,0.0,1.0]}},{"ChildTag":"SASInfoRight_HpBack1\u0000","ObjectTag":"SASInfoRight_HpBack1","Pivot":5,"PositionX":-349.0,"PositionY":67.5,"Priority":1,"Prototype_GameObject":"SASInfoRight_HpBackUI\u0000","ScaleX":0.699999988079071,"ScaleY":0.800000011920929,"ShaderParams":{"Float2s":[],"Float4s":[[1.0,0.12941177189350128,0.10980392247438431,0.5]],"Float4x4s":[],"Floats":[1.0,0.07999999821186066],"Ints":[5,1,0],"Pass":23,"Textures":["..\\Bin\\Resources\\UI\\Front_UI\\HpGaeugeBack5.png\u0000","..\\Bin\\Resources\\UI\\Front_UI\\HpGaeugeBack10.png\u0000","..\\Bin\\Resources\\UI\\Front_UI\\HpDefaultBack.png\u0000"]},"SizeX":40.0,"SizeY":40.0,"Transform":{"WorldMatrix":[27.987401962280273,-0.8398740291595459,0.0,0.0,0.9598560333251953,31.9856014251709,0.0,0.0,0.0,0.0,1.0,0.0,291.0,-292.5,0.0,1.0]}},{"ChildTag":"SASInfoRight_HpBack2\u0000","ObjectTag":"SASInfoRight_HpBack2","Pivot":5,"PositionX":-321.0,"PositionY":66.5,"Priority":1,"Prototype_GameObject":"SASInfoRight_HpBackUI\u0000","ScaleX":0.699999988079071,"ScaleY":0.800000011920929,"ShaderParams":{"Float2s":[],"Float4s":[[1.0,0.12941177189350128,0.10980392247438431,0.5]],"Float4x4s":[],"Floats":[1.0,0.07999999821186066],"Ints":[5,1,0],"Pass":23,"Textures":["..\\Bin\\Resources\\UI\\Front_UI\\HpGaeugeBack5.png\u0000","..\\Bin\\Resources\\UI\\Front_UI\\HpGaeugeBack10.png\u0000","..\\Bin\\Resources\\UI\\Front_UI\\HpDefaultBack.png\u0000"]},"SizeX":40.0,"SizeY":40.0,"Transform":{"WorldMatrix":[27.98740005493164,-0.8398739695549011,0.0,0.0,0.9598560333251953,31.9856014251709,0.0,0.0,0.0,0.0,1.0,0.0,319.0,-293.5,0.0,1.0]}},{"ChildTag":"SASInfoRight_StartHp\u0000","ObjectTag":"SASInfoRight_StartHp","Pivot":5,"PositionX":-398.0,"PositionY":69.0,"Priority":2,"Prototype_GameObject":"SASInfoRight_HpBothEndsUI\u0000","ScaleX":0.699999988079071,"ScaleY":0.699999988079071,"ShaderParams":{"Float2s":[],"Float4s":[[0.6705882549285889,0.12156862765550613,0.12156862765550613,1.0]],"Float4x4s":[],"Floats":[0.0,0.0,0.30000001192092896],"Ints":[0,0,2],"Pass":22,"Textures":["","","..\\Bin\\Resources\\UI\\Front_UI\\StartHp.png\u0000","","","..\\Bin\\Resources\\UI\\Front_UI\\StartHpBack.png\u0000","..\\Bin\\Resources\\UI\\Front_UI\\T_White.png\u0000"]},"SizeX":20.0,"SizeY":40.0,"Transform":{"WorldMatrix":[13.993700981140137,-0.41993701457977295,0.0,0.0,0.8398740291595459,27.987401962280273,0.0,0.0,0.0,0.0,1.0,0.0,242.0,-291.0,0.0,1.0]}},{"ChildTag":"SASInfoRight_StartHpBack\u0000","ObjectTag":"SASInfoRight_StartHpBack","Pivot":5,"PositionX":-398.0,"PositionY":70.0,"Priority":1,"Prototype_GameObject":"SASInfoRight_HpBothEndsUI\u0000",