{"ChildrenUI":[{"ChildTag":"SASInfoRight_EndHp\u0000","ObjectTag":"SASInfoRight_EndHp","Pivot":6,"PositionX":450.5,"PositionY":63.5,"Priority":2,"Prototype_GameObject":"SASInfoRight_HpBothEndsUI\u0000","ScaleX":1.0,"ScaleY":0.8500000238418579,"ShaderParams":{"Float2s":[],"Float4s":[[0.6705882549285889,0.12156862765550613,0.12156862765550613,1.0]],"Float4x4s":[],"Floats":[1.000000238418579,0.0,0.30000001192092896],"Ints":[0,0,2],"Pass":22,"Textures":["","","..\\Bin\\Resources\\UI\\Front_UI\\EndHp.png\u0000","","","..\\Bin\\Resources\\UI\\Front_UI\\EndHpBack.png\u0000","..\\Bin\\Resources\\UI\\Front_UI\\T_White.png\u0000"]},"SizeX":20.0,"SizeY":40.0,"Transform":{"WorldMatrix":[19.99100112915039,-0.5999100208282471,0.0,0.0,1.01984703540802,33.984703063964844,0.0,0.0,0.0,0.0,1.0,0.0,450.5,-386.5,0.0,1.0]}},{"ChildTag":"SASInfoRight_EndHpBack\u0000","ObjectTag":"SASInfoRight_EndHpBack","Pivot":6,"PositionX":450.5,"PositionY":63.5,"Priority":1,"Prototype_GameObject":"SASInfoRight_HpBothEndsUI\u0000","ScaleX":1.2000000476837158,"ScaleY":0.8500000238418579,"ShaderParams":{"Float2s":[],"Float4s":[[1.0,0.12941177189350128,0.10980392247438431,0.3019607961177826]],"Float4x4s":[],"Floats":[1.0203111171722412,0.0],"Ints":[0,0,2],"Pass":23,"Textures":["","","..\\Bin\\Resources\\UI\\Front_UI\\EndHpBack.png\u0000"]},"SizeX":20.0,"SizeY":40.0,"Transform":{"WorldMatrix":[23.989200592041016,-0.7198920249938965,0.0,0.0,1.01984703540802,33.984703063964844,0.0,0.0,0.0,0.0,1.0,0.0,450.5,-386.5,0.0,1.0]}},{"ChildTag":"SASInfoRight_Hp0\u0000","ObjectTag":"SASInfoRight_Hp0","Pivot":6,"PositionX":356.0,"PositionY":66.0,"Priority":2,"Prototype_GameObject":"SASInfoRight_HpUI\u0000","ScaleX":0.8500000238418579,"ScaleY":0.8500000238418579,"ShaderParams":{"Float2s":[],"Float4s":[[0.6705882549285889,0.12156862765550613,0.12156862765550613,1.0]],"Float4x4s":[],"Floats":[0.9996599555015564,0.07999999821186066,0.30000001192092896],"Ints":[10,1,2],"Pass":22,"Textures":["..\\Bin\\Resources\\UI\\Front_UI\\HpGaeuge5.png\u0000","..\\Bin\\Resources\\UI\\Front_UI\\HpGaeuge10.png\u0000","..\\Bin\\Resources\\UI\\Front_UI\\HpDefault.png\u0000","..\\Bin\\Resources\\UI\\Front_UI\\HpGaeugeBack5.png\u0000","..\\Bin\\Resources\\UI\\Front_UI\\HpGaeugeBack10.png\u0000","..\\Bin\\Resources\\UI\\Front_UI\\HpDefaultBack.png\u0000","..\\Bin\\Resources\\UI\\Front_UI\\T_White.png\u0000"]},"SizeX":40.0,"SizeY":40.0,"Transform":{"WorldMatrix":[33.984703063964844,-1.01984703540802,0.0,0.0,1.01984703540802,33.984703063964844,0.0,0.0,0.0,0.0,1.0,0.0,356.0,-384.0,0.0,1.0]}},{"ChildTag":"SASInfoRight_Hp1\u0000","ObjectTag":"SASInfoRight_Hp1","Pivot":6,"PositionX":390.0,"PositionY":65.0,"Priority":2,"Prototype_GameObject":"SASInfoRight_HpUI\u0000","ScaleX":0.8500000238418579,"ScaleY":0.8500000238418579,"ShaderParams":{"Float2s":[],"Float4s":[[0.6705882549285889,0.12156862765550613,0.12156862765550613,1.0]],"Float4x4s":[],"Floats":[0.9958194494247437,0.07999999821186066,0.30000001192092896],"Ints":[10,1,1],"Pass":22,"Textures":["..\\Bin\\Resources\\UI\\Front_UI\\HpGaeuge5.png\u0000","..\\Bin\\Resources\\UI\\Front_UI\\HpGaeuge10.png\u0000","..\\Bin\\Resources\\UI\\Front_UI\\HpDefault.png\u0000","..\\Bin\\Resources\\UI\\Front_UI\\HpGaeugeBack5.png\u0000","..\\Bin\\Resources\\UI\\Front_UI\\HpGaeugeBack10.png\u0000","..\\Bin\\Resources\\UI\\Front_UI\\HpDefaultBack.png\u0000","..\\Bin\\Resources\\UI\\Front_UI\\T_White.png\u0000"]},"SizeX":40.0,"SizeY":40.0,"Transform":{"WorldMatrix":[33.984703063964844,-1.01984703540802,0.0,0.0,1.01984703540802,33.984703063964844,0.0,0.0,0.0,0.0,1.0,0.0,390.0,-385.0,0.0,1.0]}},{"ChildTag":"SASInfoRight_Hp2\u0000","ObjectTag":"SASInfoRight_Hp2","Pivot":6,"PositionX":424.0,"PositionY":64.0,"Priority":2,"Prototype_GameObject":"SASInfoRight_HpUI\u0000","ScaleX":0.8500000238418579,"ScaleY":0.8500000238418579,"ShaderParams":{"Float2s":[],"Float4s":[[0.6705882549285889,0.12156862765550613,0.12156862765550613,1.0]],"Float4x4s":[],"Floats":[0.9970608949661255,0.07999999821186066,0.30000001192092896],"Ints":[5,1,0],"Pass":22,"Textures":["..\\Bin\\Resources\\UI\\Front_UI\\HpGaeuge5.png\u0000","..\\Bin\\Resources\\UI\\Front_UI\\HpGaeuge10.png\u0000","..\\Bin\\Resources\\UI\\Front_UI\\HpDefault.png\u0000","..\\Bin\\Resources\\UI\\Front_UI\\HpGaeugeBack5.png\u0000","..\\Bin\\Resources\\UI\\Front_UI\\HpGaeugeBack10.png\u0000","..\\Bin\\Resources\\UI\\Front_UI\\HpDefaultBack.png\u0000","..\\Bin\\Resources\\UI\\Front_UI\\T_White.png\u0000"]},"SizeX":40.0,"SizeY":40.0,"Transform":{"WorldMatrix":[33.984703063964844,-1.01984703540802,0.0,0.0,1.01984703540802,33.984703063964844,0.0,0.0,0.0,0.0,1.0,0.0,424.0,-386.0,0.0,1.0]}},{"ChildTag":"SASInfoRight_HpBack0\u0000","ObjectTag":"SASInfoRight_HpBack0","Pivot":6,"PositionX":356.0,"PositionY":66.0,"Priority":1,"Prototype_GameObject":"SASInfoRight_HpBackUI\u0000","ScaleX":0.8500000238418579,"ScaleY":0.8500000238418579,"ShaderParams":{"Float2s":[],"Float4s":[[1.0,0.12941177189350128,0.10980392247438431,0.5]],"Float4x4s":[],"Floats":[0.9985529184341431,0.07999999821186066],"Ints":[10,1,2],"Pass":23,"Textures":["..\\Bin\\Resources\\UI\\Front_UI\\HpGaeugeBack5.png\u0000","..\\Bin\\Resources\\UI\\Front_UI\\HpGaeugeBack10.png\u0000","..\\Bin\\Resources\\UI\\Front_UI\\HpDefaultBack.png\u0000"]},"SizeX":40.0,"SizeY":40.0,"Transform":{"WorldMatrix":[33.984703063964844,-1.01984703540802,0.0,0.0,1.01984703540802,33.984703063964844,0.0,0.0,0.0,0.0,1.0,0.0,356.0,-384.0,0.0,1.0]}},{"ChildTag":"SASInfoRight_HpBack1\u0000","ObjectTag":"SASInfoRight_HpBack1","Pivot":6,"PositionX":390.0,"PositionY":65.0,"Priority":1,"Prototype_GameObject":"SASInfoRight_HpBackUI\u0000","ScaleX":0.8500000238418579,"ScaleY":0.8500000238418579,"ShaderParams":{"Float2s":[],"Float4s":[[1.0,0.12941177189350128,0.10980392247438431,0.5]],"Float4x4s":[],"Floats":[0.9947123527526855,0.07999999821186066],"Ints":[10,1,1],"Pass":23,"Textures":["..\\Bin\\Resources\\UI\\Front_UI\\HpGaeugeBack5.png\u0000","..\\Bin\\Resources\\UI\\Front_UI\\HpGaeugeBack10.png\u0000","..\\Bin\\Resources\\UI\\Front_UI\\HpDefaultBack.png\u0000"]},"SizeX":40.0,"SizeY":40.0,"Transform":{"WorldMatrix":[33.984703063964844,-1.01984703540802,0.0,0.0,1.01984703540802,33.984703063964844,0.0,0.0,0.0,0.0,1.0,0.0,390.0,-385.0,0.0,1.0]}},{"ChildTag":"SASInfoRight_HpBack2\u0000","ObjectTag":"SASInfoRight_HpBack2","Pivot":6,"PositionX":424.0,"PositionY":64.0,"Priority":1,"Prototype_GameObject":"SASInfoRight_HpBackUI\u0000","ScaleX":0.8500000238418579,"ScaleY":0.8500000238418579,"ShaderParams":{"Float2s":[],"Float4s":[[1.0,0.12941177189350128,0.10980392247438431,0.5]],"Float4x4s":[],"Floats":[0.9959538578987122,0.07999999821186066],"Ints":[5,1,0],"Pass":23,"Textures":["..\\Bin\\Resources\\UI\\Front_UI\\HpGaeugeBack5.png\u0000","..\\Bin\\Resources\\UI\\Front_UI\\HpGaeugeBack10.png\u0000","..\\Bin\\Resources\\UI\\Front_UI\\HpDefaultBack.png\u0000"]},"SizeX":40.0,"SizeY":40.0,"Transform":{"WorldMatrix":[33.984703063964844,-1.01984703540802,0.0,0.0,1.01984703540802,33.984703063964844,0.0,0.0,0.0,0.0,1.0,0.0,424.0,-386.0,0.0,1.0]}},{"ChildTag":"SASInfoRight_StartHp\u0000","ObjectTag":"SASInfoRight_StartHp","Pivot":6,"PositionX":329.0,"PositionY":67.0,"Priority":2,"Prototype_GameObject":"SASInfoRight_HpBothEndsUI\u0000","ScaleX":1.0,"ScaleY":0.8500000238418579,"ShaderParams":{"Float2s":[],"Float4s":[[0.6705882549285889,0.12156862765550613,0.12156862765550613,1.0]],"Float4x4s":[],"Floats":[1.0,0.0,0.30000001192092896],"Ints":[0,0,2],"Pass":22,"Textures":["","","..\\Bin\\Resources\\UI\\Front_UI\\StartHp.png\u0000","","","..\\Bin\\Resources\\UI\\Front_UI\\StartHpBack.png\u0000","..\\Bin\\Resources\\UI\\Front_UI\\T_White.png\u0000"]},"SizeX":20.0,"SizeY":40.0,"Transform":{"WorldMatrix":[19.99100112915039,-0.5999100804328918,0.0,0.0,1.01984703540802,33.984703063964844,0.0,0.0,0.0,0.0,1.0,0.0,329.0,-383.0,0.0,1.0]}},{"ChildTag":"SASInfoRight_StartHpBack\u0000","ObjectTag":"SASInfoRight_StartHpBack","Pivot":6,"PositionX":329.0,"PositionY":67.0,"Priority":1,