{"ChildrenUI":[{"ChildTag":"SASSKill_ColleagueName1\u0000","ObjectTag":"SASSKill_ColleagueName1","Pivot":5,"PositionX":-139.0,"PositionY":147.0,"Priority":3,"Prototype_GameObject":"SASSkillDefault_UI\u0000","ScaleX":0.699999988079071,"ScaleY":0.699999988079071,"ShaderParams":{"Float2s":[[0.0,0.0],[2.0,10.0]],"Float4s":[],"Float4x4s":[],"Floats":[],"Ints":[0],"Pass":13,"Textures":["..\\Bin\\Resources\\UI\\Front_UI\\SASSKill_ColleagueName.dds\u0000"]},"SizeX":128.0,"SizeY":32.0,"Transform":{"WorldMatrix":[89.48802185058594,-4.478133678436279,0.0,0.0,1.1195334196090698,22.372005462646484,0.0,0.0,0.0,0.0,1.0,0.0,501.0,-213.0,0.0,1.0]}},{"ChildTag":"SASSKill_ColleagueName2\u0000","ObjectTag":"SASSKill_ColleagueName2","Pivot":5,"PositionX":-178.0,"PositionY":111.0,"Priority":3,"Prototype_GameObject":"SASSkillDefault_UI\u0000","ScaleX":0.699999988079071,"ScaleY":0.699999988079071,"ShaderParams":{"Float2s":[[0.0,1.0],[2.0,10.0]],"Float4s":[],"Float4x4s":[],"Floats":[],"Ints":[0],"Pass":13,"Textures":["..\\Bin\\Resources\\UI\\Front_UI\\SASSKill_ColleagueName.dds\u0000"]},"SizeX":128.0,"SizeY":32.0,"Transform":{"WorldMatrix":[89.48802185058594,-4.478133678436279,0.0,0.0,1.1195334196090698,22.372005462646484,0.0,0.0,0.0,0.0,1.0,0.0,462.0,-249.0,0.0,1.0]}},{"ChildTag":"SASSKill_ColleagueName3\u0000","ObjectTag":"SASSKill_ColleagueName3","Pivot":5,"PositionX":-95.0,"PositionY":107.0,"Priority":3,"Prototype_GameObject":"SASSkillDefault_UI\u0000","ScaleX":0.699999988079071,"ScaleY":0.699999988079071,"ShaderParams":{"Float2s":[[0.0,2.0],[2.0,10.0]],"Float4s":[],"Float4x4s":[],"Floats":[],"Ints":[0],"Pass":13,"Textures":["..\\Bin\\Resources\\UI\\Front_UI\\SASSKill_ColleagueName.dds\u0000"]},"SizeX":128.0,"SizeY":32.0,"Transform":{"WorldMatrix":[89.48802185058594,-4.478133678436279,0.0,0.0,1.1195334196090698,22.372005462646484,0.0,0.0,0.0,0.0,1.0,0.0,545.0,-253.0,0.0,1.0]}},{"ChildTag":"SASSKill_ColleagueName4\u0000","ObjectTag":"SASSKill_ColleagueName4","Pivot":5,"PositionX":-135.0,"PositionY":65.0,"Priority":3,"Prototype_GameObject":"SASSkillDefault_UI\u0000","ScaleX":0.699999988079071,"ScaleY":0.699999988079071,"ShaderParams":{"Float2s":[[0.0,3.0],[2.0,10.0]],"Float4s":[],"Float4x4s":[],"Floats":[],"Ints":[0],"Pass":13,"Textures":["..\\Bin\\Resources\\UI\\Front_UI\\SASSKill_ColleagueName.dds\u0000"]},"SizeX":128.0,"SizeY":32.0,"Transform":{"WorldMatrix":[89.48802185058594,-4.478133678436279,0.0,0.0,1.1195334196090698,22.372005462646484,0.0,0.0,0.0,0.0,1.0,0.0,505.0,-295.0,0.0,1.0]}},{"ChildTag":"SASSKill_SuperPower1\u0000","ObjectTag":"SASSKill_SuperPower1","Pivot":5,"PositionX":-139.0,"PositionY":147.0,"Priority":3,"Prototype_GameObject":"SASSkillDefault_UI\u0000","ScaleX":0.699999988079071,"ScaleY":0.699999988079071,"ShaderParams":{"Float2s":[[0.0,0.0],[2.0,10.0]],"Float4s":[],"Float4x4s":[],"Floats":[],"Ints":[0],"Pass":13,"Textures":["..\\Bin\\Resources\\UI\\Front_UI\\SASSKill_SuperPower.dds\u0000"]},"SizeX":128.0,"SizeY":32.0,"Transform":{"WorldMatrix":[89.48802185058594,-4.478133678436279,0.0,0.0,1.1195334196090698,22.372005462646484,0.0,0.0,0.0,0.0,1.0,0.0,501.0,-213.0,0.0,1.0]}},{"ChildTag":"SASSKill_SuperPower2\u0000","ObjectTag":"SASSKill_SuperPower2","Pivot":5,"PositionX":-178.0,"PositionY":111.0,"Priority":3,"Prototype_GameObject":"SASSkillDefault_UI\u0000","ScaleX":0.699999988079071,"ScaleY":0.699999988079071,"ShaderParams":{"Float2s":[[1.0,2.0],[2.0,10.0]],"Float4s":[],"Float4x4s":[],"Floats":[],"Ints":[0],"Pass":13,"Textures":["..\\Bin\\Resources\\UI\\Front_UI\\SASSKill_SuperPower.dds\u0000"]},"SizeX":128.0,"SizeY":32.0,"Transform":{"WorldMatrix":[89.48802185058594,-4.478133678436279,0.0,0.0,1.1195334196090698,22.372005462646484,0.0,0.0,0.0,0.0,1.0,0.0,462.0,-249.0,0.0,1.0]}},{"ChildTag":"SASSKill_SuperPower3\u0000","ObjectTag":"SASSKill_SuperPower3","Pivot":5,"PositionX":-95.0,"PositionY":107.0,"Priority":3,"Prototype_GameObject":"SASSkillDefault_UI\u0000","ScaleX":0.699999988079071,"ScaleY":0.699999988079071,"ShaderParams":{"Float2s":[[0.0,6.0],[2.0,10.0]],"Float4s":[],"Float4x4s":[],"Floats":[],"Ints":[0],"Pass":13,"Textures":["..\\Bin\\Resources\\UI\\Front_UI\\SASSKill_SuperPower.dds\u0000"]},"SizeX":128.0,"SizeY":32.0,"Transform":{"WorldMatrix":[89.48802185058594,-4.478133678436279,0.0,0.0,1.1195334196090698,22.372005462646484,0.0,0.0,0.0,0.0,1.0,0.0,545.0,-253.0,0.0,1.0]}},{"ChildTag":"SASSKill_SuperPower4\u0000","ObjectTag":"SASSKill_SuperPower4","Pivot":5,"PositionX":-135.0,"PositionY":65.0,"Priority":3,"Prototype_GameObject":"SASSkillDefault_UI\u0000","ScaleX":0.699999988079071,"ScaleY":0.699999988079071,"ShaderParams":{"Float2s":[[2.0,7.0],[2.0,10.0]],"Float4s":[],"Float4x4s":[],"Floats":[],"Ints":[0],"Pass":13,"Textures":["..\\Bin\\Resources\\UI\\Front_UI\\SASSKill_SuperPower.dds\u0000"]},"SizeX":128.0,"SizeY":32.0,"Transform":{"WorldMatrix":[89.48802185058594,-4.478133678436279,0.0,0.0,1.1195334196090698,22.372005462646484,0.0,0.0,0.0,0.0,1.0,0.0,505.0,-295.0,0.0,1.0]}},{"ChildTag":"SASSkill_Gauge1\u0000","ObjectTag":"SASSkill_Gauge1","Pivot":5,"PositionX":-139.0,"PositionY":155.0,"Priority":2,"Prototype_GameObject":"SASSkillGauge_UI\u0000","ScaleX":0.8999999761581421,"ScaleY":0.8999999761581421,"ShaderParams":{"Float2s":[],"Float4s":[[0.8859999775886536,0.6200000047683716,1.0,1.0]],"Float4x4s":[],"Floats":[-1.6909092664718628e-05],"Ints":[],"Pass":15,"Textures":["..\\Bin\\Resources\\UI\\Front_UI\\SASSkill_Gauge128.128.dds\u0000"]},"SizeX":100.0,"SizeY":100.0,"Transform":{"WorldMatrix":[90.0,0.0,0.0,0.0,0.0,90.0,0.0,0.0,0.0,0.0,1.0,0.0,501.0,-205.0,0.0,1.0]}},{"ChildTag":"SASSkill_Gauge2\u0000","ObjectTag":"SASSkill_Gauge2","Pivot":5,"PositionX":-178.5,"PositionY":115.0,"Priority":2,"Prototype_GameObject":"SASSkillGauge_UI\u0000","ScaleX":0.8999999761581421,"ScaleY":0.8999999761581421,"ShaderParams":{"Float2s":[],"Float4s":[[1.0,0.5490196347236633,0.6352941393852234,1.0]],"Float4x4s":[],"Floats":[1.0],"Ints":[],"Pass":15,"Textures":["..\\Bin\\Resources\\UI\\Front_UI\\SASSkill_Gauge128.128.dds\u0000"]},"SizeX":100.0,"SizeY":100.0,"Transform":{"WorldMatrix":[90.0,0.0,0.0,0.0,0.0,90.0,0.0,0.0,0.0,0.0,1.0,0.0,461.5,-245.0,0.0,1.0]}},{"ChildTag":"SASSkill_Gauge3\u0000","ObjectTag":"SASSkill_Gauge3","Pivot":5,"PositionX":-94.5,"PositionY":111.0,"Priority":2,"Prototype_GameObject":"SASSkillGauge_UI\u0000","ScaleX":0.8999999761581421,"ScaleY":0.8999999761581421,"ShaderParams":{"Float2s":[],"Float4s":[[1.0,0.8235294222831726,0.4274509847164154,1.0]],"Float4x4s":[],"Floats":[1.0],"Ints":[],"Pass":15,"Textures":["..\\Bin\\Resources\\UI\\Front_UI\\SASSkill_Gauge128.128.dds\u0000"]},"SizeX":100.0,"SizeY":100.0,"Transform":{"WorldMatrix":[90.0,0.0,0.0,0.0,0.0,90.0,0.0,0.0,0.0,0.0,1.0,0.0,545.5,-249.0,0.0,1.0]}},{"ChildTag":"SASSkill_Gauge4\u0000","ObjectTag":"SASSkill_Gauge4","Pivot":5,"PositionX":-134.5,"PositionY":73.30000305175781,"Priority":2,"Prototype_GameObject":"SASSkillGauge_UI\u0000","ScaleX":0.8999999761581421,"ScaleY":0.8999999761581421,"ShaderParams":{"Float2s":[],"Float4s":[[0.38823530077934265,0.9921568632125854,0.45490196347236633,1.0]],"Float4x4s":[],"Floats":[1.0],"Ints":[],"Pass":15,"Textures":["..\\Bin\\Resources\\UI\\Front_UI\\SASSkill_Gauge128.128.dds\u0000"]},"SizeX":100.0,"SizeY":100.0,"Transform":{"WorldMatrix":[90.0,0.0,0.0,0.0,0.0,90.0,0.0,0.0,0.0,0.0,1.0,0.0,505.5,-286.70001220703125,0.0,1.0]}},{"ChildTag":"SASSkill_Icon1\u0000","ObjectTag":"SASSkill_Icon1","Pivot":5,"PositionX":-142.0,"PositionY":153.0,"Priority":2,"Prototype_GameObject":"SASSkillIcon_UI\u0000","ScaleX":0.5,"ScaleY":0.5,"ShaderParams":{"Float2s":[[1.0,1.0],[11.0,2.0]],"Float4s":[[0.0,0.0,0.0,1.0]],"Float4x4s":[],"Floats":[],"Ints":[0],"Pass":13,"Textures":["..\\Bin\\Resources\\UI\\Front_UI\\814.148.74.74.11.2.png\u0000"]},"SizeX":74.0,"SizeY":74.0,"Transform":{"WorldMatrix":[37.0,0.0,0.0,0.0,0.0,37.0,0.0,0.0,0.0,0.0,1.0,0.0,498.0,-207.0,0.0,1.0]}},{"ChildTag":"SASSkill_Icon2\u0000","ObjectTag":"SASSkill_Icon2","Pivot":5,"PositionX":-182.0,