{"ChildrenUI":[{"ChildTag":"Dirve_RightDot\u0000","ObjectTag":"Dirve_RightDot","Pivot":6,"PositionX":194.60000610351563,"PositionY":56.0,"Priority":1,"Prototype_GameObject":"Drive_RightDotUI\u0000","ScaleX":0.699999988079071,"ScaleY":0.699999988079071,"ShaderParams":{"Float2s":[[11.0,12.0]],"Float4s":[],"Float4x4s":[],"Floats":[0.07999999821186066],"Ints":[7,1],"Pass":18,"Textures":["..\\Bin\\Resources\\UI\\Front_UI\\140.60.7.20_DruveRightDot.png\u0000"]},"SizeX":20.0,"SizeY":5.0,"Transform":{"WorldMatrix":[14.0,0.0,0.0,0.0,0.0,3.5,0.0,0.0,0.0,0.0,1.0,0.0,194.60105895996094,-304.0010681152344,0.0,1.0]}},{"ChildTag":"Dirve_RightDotFull\u0000","ObjectTag":"Dirve_RightDotFull","Pivot":6,"PositionX":194.5,"PositionY":75.0,"Priority":1,"Prototype_GameObject":"Default_UI\u0000","ScaleX":0.699999988079071,"ScaleY":0.699999988079071,"ShaderParams":{"Float2s":[],"Float4s":[],"Float4x4s":[],"Floats":[],"Ints":[],"Pass":0,"Textures":["..\\Bin\\Resources\\UI\\Front_UI\\DruveRightDotFull.png\u0000"]},"SizeX":20.0,"SizeY":60.0,"Transform":{"WorldMatrix":[14.0,0.0,0.0,0.0,0.0,42.0,0.0,0.0,0.0,0.0,1.0,0.0,194.5010528564453,-285.0010681152344,0.0,1.0]}},{"ChildTag":"Drive_LeftDot\u0000","ObjectTag":"Dirve_LeftDot","Pivot":6,"PositionX":159.3000030517578,"PositionY":75.0,"Priority":1,"Prototype_GameObject":"Default_UI\u0000","ScaleX":0.699999988079071,"ScaleY":0.699999988079071,"ShaderParams":{"Float2s":[],"Float4s":[],"Float4x4s":[],"Floats":[0.07999999821186066],"Ints":[13,1],"Pass":9,"Textures":["..\\Bin\\Resources\\UI\\Front_UI\\91.62.13.0_DriveLeftDot.png\u0000"]},"SizeX":7.0,"SizeY":62.0,"Transform":{"WorldMatrix":[4.900000095367432,0.0,0.0,0.0,0.0,43.39999771118164,0.0,0.0,0.0,0.0,1.0,0.0,159.30105590820313,-285.0010681152344,0.0,1.0]}},{"ChildTag":"Drive_OnCircle\u0000","ObjectTag":"Drive_OnCircle","Pivot":6,"PositionX":216.0,"PositionY":109.0,"Priority":1,"Prototype_GameObject":"Default_UI\u0000","ScaleX":0.800000011920929,"ScaleY":0.800000011920929,"ShaderParams":{"Float2s":[],"Float4s":[],"Float4x4s":[],"Floats":[],"Ints":[],"Pass":0,"Textures":["..\\Bin\\Resources\\UI\\Front_UI\\Drive_Circle2.dds\u0000"]},"SizeX":64.0,"SizeY":64.0,"Transform":{"WorldMatrix":[51.20000076293945,0.0,0.0,0.0,0.0,51.20000076293945,0.0,0.0,0.0,0.0,1.0,0.0,216.0010528564453,-251.00106811523438,0.0,1.0]}}],"ObjectTag":"Canvas_DriveMove","Pivot":0,"PositionX":0.0010533183813095093,"PositionY":-0.0010533183813095093,"Priority":0,"Prototype_GameObject":"Canvas_DriveMove\u0000","ScaleX":0.0,"ScaleY":0.0,"ShaderParams":{"Float2s":[],"Float4s":[],"Float4x4s":[],"Floats":[],"Ints":[],"Pass":0,"Textures":[]},"SizeX":1280.0,"SizeY":720.0,"Transform":{"WorldMatrix":[0.0,0.0,0.0,0.0,0.0,0.0,0.0,0.0,0.0,0.0,1.0,0.0,0.0,0.0,0.0,1.0]}}