{"ChildrenUI":[{"ChildTag":"HillBar\u0000","ObjectTag":"HillBar","Pivot":6,"PositionX":389.0,"PositionY":78.0,"Priority":2,"Prototype_GameObject":"Shader_UI\u0000","ScaleX":1.0,"ScaleY":1.0,"ShaderParams":{"Float2s":[],"Float4s":[],"Float4x4s":[],"Floats":[0.0],"Ints":[],"Pass":32,"Textures":["..\\Bin\\Resources\\UI\\Front_UI\\HillBar.png\u0000"]},"SizeX":135.0,"SizeY":10.0,"Transform":{"WorldMatrix":[134.9578094482422,-3.3746485710144043,0.0,0.0,0.24997396767139435,9.996874809265137,0.0,0.0,0.0,0.0,1.0,0.0,389.0,-372.0,0.0,1.0]}},{"ChildTag":"SASInfoRight_EndHp\u0000","ObjectTag":"SASInfoRight_EndHp","Pivot":6,"PositionX":450.5,"PositionY":63.5,"Priority":2,"Prototype_GameObject":"SASInfoRight_HpBothEndsUI\u0000","ScaleX":1.0,"ScaleY":0.800000011920929,"ShaderParams":{"Float2s":[],"Float4s":[[0.6705882549285889,0.12156862765550613,0.12156862765550613,1.0]],"Float4x4s":[],"Floats":[1.000000238418579,0.0,0.30000001192092896],"Ints":[0,0,2],"Pass":22,"Textures":["","","..\\Bin\\Resources\\UI\\Front_UI\\EndHp.png\u0000","","","..\\Bin\\Resources\\UI\\Front_UI\\EndHpBack.png\u0000","..\\Bin\\Resources\\UI\\Front_UI\\T_White.png\u0000"]},"SizeX":20.0,"SizeY":40.0,"Transform":{"WorldMatrix":[19.99100112915039,-0.5999100208282471,0.0,0.0,0.9598560333251953,31.98560333251953,0.0,0.0,0.0,0.0,1.0,0.0,450.5,-386.5,0.0,1.0]}},{"ChildTag":"SASInfoRight_EndHpBack\u0000","ObjectTag":"SASInfoRight_EndHpBack","Pivot":6,"PositionX":450.5,"PositionY":63.5,"Priority":1,"Prototype_GameObject":"SASInfoRight_HpBothEndsUI\u0000","ScaleX":1.2000000476837158,"ScaleY":0.800000011920929,"ShaderParams":{"Float2s":[],"Float4s":[[1.0,0.12941177189350128,0.10980392247438431,0.3019607961177826]],"Float4x4s":[],"Floats":[1.017223596572876,0.0],"Ints":[0,0,2],"Pass":23,"Textures":["","","..\\Bin\\Resources\\UI\\Front_UI\\EndHpBack.png\u0000"]},"SizeX":20.0,"SizeY":40.0,"Transform":{"WorldMatrix":[23.989200592041016,-0.7198920249938965,0.0,0.0,0.9598560333251953,31.98560333251953,0.0,0.0,0.0,0.0,1.0,0.0,450.5,-386.5,0.0,1.0]}},{"ChildTag":"SASInfoRight_Hp0\u0000","ObjectTag":"SASInfoRight_Hp0","Pivot":6,"PositionX":356.0,"PositionY":66.0,"Priority":2,"Prototype_GameObject":"SASInfoRight_HpUI\u0000","ScaleX":0.8500000238418579,"ScaleY":0.800000011920929,"ShaderParams":{"Float2s":[],"Float4s":[[0.6705882549285889,0.12156862765550613,0.12156862765550613,1.0]],"Float4x4s":[],"Floats":[0.9953868985176086,0.07999999821186066,0.30000001192092896],"Ints":[10,1,1],"Pass":22,"Textures":["..\\Bin\\Resources\\UI\\Front_UI\\HpGaeuge5.png\u0000","..\\Bin\\Resources\\UI\\Front_UI\\HpGaeuge10.png\u0000","..\\Bin\\Resources\\UI\\Front_UI\\HpDefault.png\u0000","..\\Bin\\Resources\\UI\\Front_UI\\HpGaeugeBack5.png\u0000","..\\Bin\\Resources\\UI\\Front_UI\\HpGaeugeBack10.png\u0000","..\\Bin\\Resources\\UI\\Front_UI\\HpDefaultBack.png\u0000","..\\Bin\\Resources\\UI\\Front_UI\\T_White.png\u0000"]},"SizeX":40.0,"SizeY":40.0,"Transform":{"WorldMatrix":[33.984703063964844,-1.01984703540802,0.0,0.0,0.9598560333251953,31.9856014251709,0.0,0.0,0.0,0.0,1.0,0.0,356.0,-384.0,0.0,1.0]}},{"ChildTag":"SASInfoRight_Hp1\u0000","ObjectTag":"SASInfoRight_Hp1","Pivot":6,"PositionX":390.0,"PositionY":65.0,"Priority":2,"Prototype_GameObject":"SASInfoRight_HpUI\u0000","ScaleX":0.8500000238418579,"ScaleY":0.800000011920929,"ShaderParams":{"Float2s":[],"Float4s":[[0.6705882549285889,0.12156862765550613,0.12156862765550613,1.0]],"Float4x4s":[],"Floats":[0.9979089498519897,0.07999999821186066,0.30000001192092896],"Ints":[10,1,2],"Pass":22,"Textures":["..\\Bin\\Resources\\UI\\Front_UI\\HpGaeuge5.png\u0000","..\\Bin\\Resources\\UI\\Front_UI\\HpGaeuge10.png\u0000","..\\Bin\\Resources\\UI\\Front_UI\\HpDefault.png\u0000","..\\Bin\\Resources\\UI\\Front_UI\\HpGaeugeBack5.png\u0000","..\\Bin\\Resources\\UI\\Front_UI\\HpGaeugeBack10.png\u0000","..\\Bin\\Resources\\UI\\Front_UI\\HpDefaultBack.png\u0000","..\\Bin\\Resources\\UI\\Front_UI\\T_White.png\u0000"]},"SizeX":40.0,"SizeY":40.0,"Transform":{"WorldMatrix":[33.984703063964844,-1.01984703540802,0.0,0.0,0.9598560333251953,31.98560333251953,0.0,0.0,0.0,0.0,1.0,0.0,390.0,-385.0,0.0,1.0]}},{"ChildTag":"SASInfoRight_Hp2\u0000","ObjectTag":"SASInfoRight_Hp2","Pivot":6,"PositionX":424.0,"PositionY":64.0,"Priority":2,"Prototype_GameObject":"SASInfoRight_HpUI\u0000","ScaleX":0.8500000238418579,"ScaleY":0.800000011920929,"ShaderParams":{"Float2s":[],"Float4s":[[0.6705882549285889,0.12156862765550613,0.12156862765550613,1.0]],"Float4x4s":[],"Floats":[0.9974560737609863,0.07999999821186066,0.30000001192092896],"Ints":[10,1,1],"Pass":22,"Textures":["..\\Bin\\Resources\\UI\\Front_UI\\HpGaeuge5.png\u0000","..\\Bin\\Resources\\UI\\Front_UI\\HpGaeuge10.png\u0000","..\\Bin\\Resources\\UI\\Front_UI\\HpDefault.png\u0000","..\\Bin\\Resources\\UI\\Front_UI\\HpGaeugeBack5.png\u0000","..\\Bin\\Resources\\UI\\Front_UI\\HpGaeugeBack10.png\u0000","..\\Bin\\Resources\\UI\\Front_UI\\HpDefaultBack.png\u0000","..\\Bin\\Resources\\UI\\Front_UI\\T_White.png\u0000"]},"SizeX":40.0,"SizeY":40.0,"Transform":{"WorldMatrix":[33.984703063964844,-1.01984703540802,0.0,0.0,0.9598560333251953,31.98560333251953,0.0,0.0,0.0,0.0,1.0,0.0,424.0,-386.0,0.0,1.0]}},{"ChildTag":"SASInfoRight_HpBack0\u0000","ObjectTag":"SASInfoRight_HpBack0","Pivot":6,"PositionX":356.0,"PositionY":66.0,"Priority":1,"Prototype_GameObject":"SASInfoRight_HpBackUI\u0000","ScaleX":0.8500000238418579,"ScaleY":0.800000011920929,"ShaderParams":{"Float2s":[],"Float4s":[[1.0,0.12941177189350128,0.10980392247438431,0.5]],"Float4x4s":[],"Floats":[0.9957292079925537,0.07999999821186066],"Ints":[10,1,1],"Pass":23,"Textures":["..\\Bin\\Resources\\UI\\Front_UI\\HpGaeugeBack5.png\u0000","..\\Bin\\Resources\\UI\\Front_UI\\HpGaeugeBack10.png\u0000","..\\Bin\\Resources\\UI\\Front_UI\\HpDefaultBack.png\u0000"]},"SizeX":40.0,"SizeY":40.0,"Transform":{"WorldMatrix":[33.984703063964844,-1.01984703540802,0.0,0.0,0.9598560333251953,31.98560333251953,0.0,0.0,0.0,0.0,1.0,0.0,356.0,-384.0,0.0,1.0]}},{"ChildTag":"SASInfoRight_HpBack1\u0000","ObjectTag":"SASInfoRight_HpBack1","Pivot":6,"PositionX":390.0,"PositionY":65.0,"Priority":1,"Prototype_GameObject":"SASInfoRight_HpBackUI\u0000","ScaleX":0.8500000238418579,"ScaleY":0.800000011920929,"ShaderParams":{"Float2s":[],"Float4s":[[1.0,0.12941177189350128,0.10980392247438431,0.5]],"Float4x4s":[],"Floats":[0.9979320168495178,0.07999999821186066],"Ints":[10,1,2],"Pass":23,"Textures":["..\\Bin\\Resources\\UI\\Front_UI\\HpGaeugeBack5.png\u0000","..\\Bin\\Resources\\UI\\Front_UI\\HpGaeugeBack10.png\u0000","..\\Bin\\Resources\\UI\\Front_UI\\HpDefaultBack.png\u0000"]},"SizeX":40.0,"SizeY":40.0,"Transform":{"WorldMatrix":[33.984703063964844,-1.01984703540802,0.0,0.0,0.9598560333251953,31.98560333251953,0.0,0.0,0.0,0.0,1.0,0.0,390.0,-385.0,0.0,1.0]}},{"ChildTag":"SASInfoRight_HpBack2\u0000","ObjectTag":"SASInfoRight_HpBack2","Pivot":6,"PositionX":424.0,"PositionY":64.0,"Priority":1,"Prototype_GameObject":"SASInfoRight_HpBackUI\u0000","ScaleX":0.8500000238418579,"ScaleY":0.800000011920929,"ShaderParams":{"Float2s":[],"Float4s":[[1.0,0.12941177189350128,0.10980392247438431,0.5]],"Float4x4s":[],"Floats":[0.9958108067512512,0.07999999821186066],"Ints":[10,1,1],"Pass":23,"Textures":["..\\Bin\\Resources\\UI\\Front_UI\\HpGaeugeBack5.png\u0000","..\\Bin\\Resources\\UI\\Front_UI\\HpGaeugeBack10.png\u0000","..\\Bin\\Resources\\UI\\Front_UI\\HpDefaultBack.png\u0000"]},"SizeX":40.0,"SizeY":40.0,"Transform":{"WorldMatrix":[33.984703063964844,-1.01984703540802,0.0,0.0,0.9598560333251953,31.98560333251953,0.0,0.0,0.0,0.0,1.0,0.0,424.0,-386.0,0.0,1.0]}},{"ChildTag":"SASInfoRight_StartHp\u0000","ObjectTag":"SASInfoRight_StartHp","Pivot":6,"PositionX":329.0,"PositionY":67.0,"Priority":2,"Prototype_GameObject":"SASInfoRight_HpBothEndsUI\u0000","ScaleX":1.0,"ScaleY":0.800000011920929,"ShaderParams":{"Float2s":[],"Float4s":[[0.6705882549285889,0.12156862765550613,0.12156862765550613,1.0]],"Float4x4s":[],"Floats":[1.0,0.0,0.30000001192092896],"Ints":[0,0,2],"Pass":22,