{"ChildrenUI":[{"ChildTag":"SASInfoLeft_EndHp\u0000","ObjectTag":"SASInfoLeft_EndHp","Pivot":6,"PositionX":-284.0,"PositionY":66.0,"Priority":2,"Prototype_GameObject":"SASInfoLeft_HpBothEndsUI\u0000","ScaleX":1.0,"ScaleY":1.0,"ShaderParams":{"Float2s":[],"Float4s":[[0.6705882549285889,0.12156862765550613,0.12156862765550613,1.0]],"Float4x4s":[],"Floats":[1.000000238418579,0.0,0.30000001192092896],"Ints":[0,0,2],"Pass":22,"Textures":["","","..\\Bin\\Resources\\UI\\Front_UI\\EndHp.png\u0000","","","..\\Bin\\Resources\\UI\\Front_UI\\EndHpBack.png\u0000","..\\Bin\\Resources\\UI\\Front_UI\\T_White.png\u0000"]},"SizeX":20.0,"SizeY":40.0,"Transform":{"WorldMatrix":[20.0,0.0,0.0,0.0,0.0,40.0,0.0,0.0,0.0,0.0,1.0,0.0,-283.9424133300781,-384.0575866699219,0.0,1.0]}},{"ChildTag":"SASInfoLeft_EndHpBack\u0000","ObjectTag":"SASInfoLeft_EndHpBack","Pivot":6,"PositionX":-284.0,"PositionY":66.0,"Priority":1,"Prototype_GameObject":"SASInfoLeft_HpBothEndsUI\u0000","ScaleX":1.0,"ScaleY":1.0,"ShaderParams":{"Float2s":[],"Float4s":[[1.0,0.12941177189350128,0.10980392247438431,0.5]],"Float4x4s":[],"Floats":[1.0360801219940186,0.0],"Ints":[0,0,2],"Pass":23,"Textures":["","","..\\Bin\\Resources\\UI\\Front_UI\\EndHpBack.png\u0000"]},"SizeX":20.0,"SizeY":40.0,"Transform":{"WorldMatrix":[20.0,0.0,0.0,0.0,0.0,40.0,0.0,0.0,0.0,0.0,1.0,0.0,-283.9424133300781,-384.0575866699219,0.0,1.0]}},{"ChildTag":"SASInfoLeft_Hp0\u0000","ObjectTag":"SASInfoLeft_Hp0","Pivot":6,"PositionX":-392.0,"PositionY":62.5,"Priority":2,"Prototype_GameObject":"SASInfoLeft_HpUI\u0000","ScaleX":1.0,"ScaleY":1.0,"ShaderParams":{"Float2s":[],"Float4s":[[0.6705882549285889,0.12156862765550613,0.12156862765550613,1.0]],"Float4x4s":[],"Floats":[0.9893951416015625,0.07999999821186066,0.30000001192092896],"Ints":[10,1,1],"Pass":22,"Textures":["..\\Bin\\Resources\\UI\\Front_UI\\HpGaeuge5.png\u0000","..\\Bin\\Resources\\UI\\Front_UI\\HpGaeuge10.png\u0000","..\\Bin\\Resources\\UI\\Front_UI\\HpDefault.png\u0000","..\\Bin\\Resources\\UI\\Front_UI\\HpGaeugeBack5.png\u0000","..\\Bin\\Resources\\UI\\Front_UI\\HpGaeugeBack10.png\u0000","..\\Bin\\Resources\\UI\\Front_UI\\HpDefaultBack.png\u0000","..\\Bin\\Resources\\UI\\Front_UI\\T_White.png\u0000"]},"SizeX":40.0,"SizeY":40.0,"Transform":{"WorldMatrix":[39.98200225830078,1.1998200416564941,0.0,0.0,-1.1998200416564941,39.98200225830078,0.0,0.0,0.0,0.0,1.0,0.0,-391.9424133300781,-387.5575866699219,0.0,1.0]}},{"ChildTag":"SASInfoLeft_Hp1\u0000","ObjectTag":"SASInfoLeft_Hp1","Pivot":6,"PositionX":-353.0,"PositionY":64.0,"Priority":2,"Prototype_GameObject":"SASInfoLeft_HpUI\u0000","ScaleX":1.0,"ScaleY":1.0,"ShaderParams":{"Float2s":[],"Float4s":[[0.6705882549285889,0.12156862765550613,0.12156862765550613,1.0]],"Float4x4s":[],"Floats":[1.0,0.07999999821186066,0.30000001192092896],"Ints":[10,1,2],"Pass":22,"Textures":["..\\Bin\\Resources\\UI\\Front_UI\\HpGaeuge5.png\u0000","..\\Bin\\Resources\\UI\\Front_UI\\HpGaeuge10.png\u0000","..\\Bin\\Resources\\UI\\Front_UI\\HpDefault.png\u0000","..\\Bin\\Resources\\UI\\Front_UI\\HpGaeugeBack5.png\u0000","..\\Bin\\Resources\\UI\\Front_UI\\HpGaeugeBack10.png\u0000","..\\Bin\\Resources\\UI\\Front_UI\\HpDefaultBack.png\u0000","..\\Bin\\Resources\\UI\\Front_UI\\T_White.png\u0000"]},"SizeX":40.0,"SizeY":40.0,"Transform":{"WorldMatrix":[39.975502014160156,1.3997142314910889,0.0,0.0,-1.3997142314910889,39.975502014160156,0.0,0.0,0.0,0.0,1.0,0.0,-352.9424133300781,-386.0575866699219,0.0,1.0]}},{"ChildTag":"SASInfoLeft_Hp2\u0000","ObjectTag":"SASInfoLeft_Hp2","Pivot":6,"PositionX":-313.5,"PositionY":65.5,"Priority":2,"Prototype_GameObject":"SASInfoLeft_HpUI\u0000","ScaleX":1.0,"ScaleY":1.0,"ShaderParams":{"Float2s":[],"Float4s":[[0.6705882549285889,0.12156862765550613,0.12156862765550613,1.0]],"Float4x4s":[],"Floats":[0.9967018961906433,0.07999999821186066,0.30000001192092896],"Ints":[5,1,0],"Pass":22,"Textures":["..\\Bin\\Resources\\UI\\Front_UI\\HpGaeuge5.png\u0000","..\\Bin\\Resources\\UI\\Front_UI\\HpGaeuge10.png\u0000","..\\Bin\\Resources\\UI\\Front_UI\\HpDefault.png\u0000","..\\Bin\\Resources\\UI\\Front_UI\\HpGaeugeBack5.png\u0000","..\\Bin\\Resources\\UI\\Front_UI\\HpGaeugeBack10.png\u0000","..\\Bin\\Resources\\UI\\Front_UI\\HpDefaultBack.png\u0000","..\\Bin\\Resources\\UI\\Front_UI\\T_White.png\u0000"]},"SizeX":40.0,"SizeY":40.0,"Transform":{"WorldMatrix":[39.98200225830078,1.1998200416564941,0.0,0.0,-1.1998200416564941,39.98200225830078,0.0,0.0,0.0,0.0,1.0,0.0,-313.4424133300781,-384.5575866699219,0.0,1.0]}},{"ChildTag":"SASInfoLeft_HpBack0\u0000","ObjectTag":"SASInfoLeft_HpBack0","Pivot":6,"PositionX":-392.0,"PositionY":62.5,"Priority":1,"Prototype_GameObject":"SASInfoLeft_HpBackUI\u0000","ScaleX":1.0,"ScaleY":1.0,"ShaderParams":{"Float2s":[],"Float4s":[[1.0,0.12941177189350128,0.10980392247438431,0.5]],"Float4x4s":[],"Floats":[0.9968895316123962,0.07999999821186066],"Ints":[10,1,1],"Pass":23,"Textures":["..\\Bin\\Resources\\UI\\Front_UI\\HpGaeugeBack5.png\u0000","..\\Bin\\Resources\\UI\\Front_UI\\HpGaeugeBack10.png\u0000","..\\Bin\\Resources\\UI\\Front_UI\\HpDefaultBack.png\u0000"]},"SizeX":40.0,"SizeY":40.0,"Transform":{"WorldMatrix":[39.98200225830078,1.1998200416564941,0.0,0.0,-1.1998200416564941,39.98200225830078,0.0,0.0,0.0,0.0,1.0,0.0,-391.9424133300781,-387.5575866699219,0.0,1.0]}},{"ChildTag":"SASInfoLeft_HpBack1\u0000","ObjectTag":"SASInfoLeft_HpBack1","Pivot":6,"PositionX":-354.0,"PositionY":64.0,"Priority":1,"Prototype_GameObject":"SASInfoLeft_HpBackUI\u0000","ScaleX":1.0,"ScaleY":1.0,"ShaderParams":{"Float2s":[],"Float4s":[[1.0,0.12941177189350128,0.10980392247438431,0.5]],"Float4x4s":[],"Floats":[0.9994422197341919,0.07999999821186066],"Ints":[10,1,2],"Pass":23,"Textures":["..\\Bin\\Resources\\UI\\Front_UI\\HpGaeugeBack5.png\u0000","..\\Bin\\Resources\\UI\\Front_UI\\HpGaeugeBack10.png\u0000","..\\Bin\\Resources\\UI\\Front_UI\\HpDefaultBack.png\u0000"]},"SizeX":40.0,"SizeY":40.0,"Transform":{"WorldMatrix":[39.975502014160156,1.3997142314910889,0.0,0.0,-1.3997142314910889,39.975502014160156,0.0,0.0,0.0,0.0,1.0,0.0,-353.9424133300781,-386.0575866699219,0.0,1.0]}},{"ChildTag":"SASInfoLeft_HpBack2\u0000","ObjectTag":"SASInfoLeft_HpBack2","Pivot":6,"PositionX":-313.5,"PositionY":65.5,"Priority":1,"Prototype_GameObject":"SASInfoLeft_HpBackUI\u0000","ScaleX":1.0,"ScaleY":1.0,"ShaderParams":{"Float2s":[],"Float4s":[[1.0,0.12941177189350128,0.10980392247438431,0.5]],"Float4x4s":[],"Floats":[0.9983589053153992,0.07999999821186066],"Ints":[5,1,0],"Pass":23,"Textures":["..\\Bin\\Resources\\UI\\Front_UI\\HpGaeugeBack5.png\u0000","..\\Bin\\Resources\\UI\\Front_UI\\HpGaeugeBack10.png\u0000","..\\Bin\\Resources\\UI\\Front_UI\\HpDefaultBack.png\u0000"]},"SizeX":40.0,"SizeY":40.0,"Transform":{"WorldMatrix":[39.9995002746582,0.1999991238117218,0.0,0.0,-0.19999918341636658,39.9995002746582,0.0,0.0,0.0,0.0,1.0,0.0,-313.4424133300781,-384.5575866699219,0.0,1.0]}},{"ChildTag":"SASInfoLeft_StartHp\u0000","ObjectTag":"SASInfoLeft_StartHp","Pivot":6,"PositionX":-422.0,"PositionY":62.099998474121094,"Priority":2,"Prototype_GameObject":"SASInfoLeft_HpBothEndsUI\u0000","ScaleX":1.0,"ScaleY":1.0,"ShaderParams":{"Float2s":[],"Float4s":[],"Float4x4s":[],"Floats":[1.0,0.0,0.30000001192092896],"Ints":[0,0,2],"Pass":22,"Textures":["","","..\\Bin\\Resources\\UI\\Front_UI\\StartHp.png\u0000","","","..\\Bin\\Resources\\UI\\Front_UI\\StartHpBack.png\u0000","..\\Bin\\Resources\\UI\\Front_UI\\T_White.png\u0000"]},"SizeX":20.0,"SizeY":40.0,"Transform":{"WorldMatrix":[20.0,0.0,0.0,0.0,0.0,40.0,0.0,0.0,0.0,0.0,1.0,0.0,-421.9424133300781,-387.95758056640625,0.0,1.0]}},{"ChildTag":"SASInfoLeft_StartHpBack\u0000","ObjectTag":"SASInfoLeft_StartHpBack","Pivot":6,"PositionX":-422.0,"PositionY":62.099998474121094,"Priority":1,"Prototype_GameObject":"SASInfoLeft_HpBothEndsUI\u0000","ScaleX":1.0,"ScaleY":1.0,"ShaderParams":{"Float2s":[],"Float4s":[[1.0,0.12941177189350128,0.10980392247438431,0.5]],"Float4x4s":[],"Floats":[1.0,0.0],"Ints":[0,0,2],"Pass":23,