{
    "ChildrenUI": [
        {
            "ChildTag": "Itme\u0000",
            "ObjectTag": "Itme",
            "Pivot": 0,
            "PositionX": -306.0,
            "PositionY": 270.0,
            "Priority": 1,
            "Prototype_GameObject": "Default_UI\u0000",
            "ScaleX": 0.8500000238418579,
            "ScaleY": 0.8500000238418579,
            "ShaderParams": {
                "Float2s": [],
                "Float4s": [],
                "Float4x4s": [],
                "Floats": [],
                "Ints": [],
                "Pass": 30,
                "Textures": [
                    "..\\Bin\\Resources\\UI\\Main_UI\\Item\\Item_Window.png\u0000"
                ]
            },
            "SizeX": 669.0,
            "SizeY": 57.0,
            "Transform": {
                "WorldMatrix": [
                    568.6500244140625,
                    0.0,
                    0.0,
                    0.0,
                    0.0,
                    48.45000076293945,
                    0.0,
                    0.0,
                    0.0,
                    0.0,
                    1.0,
                    0.0,
                    -306.0,
                    270.0,
                    0.0,
                    1.0
                ]
            }
        },
        {
            "ChildTag": "Itme_B\u0000",
            "ObjectTag": "Itme_B",
            "Pivot": 0,
            "PositionX": -306.0,
            "PositionY": 270.0,
            "Priority": 2,
            "Prototype_GameObject": "Main_PickUI\u0000",
            "ScaleX": 0.8500000238418579,
            "ScaleY": 0.8500000238418579,
            "ShaderParams": {
                "Float2s": [],
                "Float4s": [
                    [
                        1.0,
                        1.0,
                        1.0,
                        0.08012260496616364
                    ]
                ],
                "Float4x4s": [],
                "Floats": [],
                "Ints": [],
                "Pass": 31,
                "Textures": [
                    "..\\Bin\\Resources\\UI\\Main_UI\\Item\\Item_Window_B.png\u0000"
                ]
            },
            "SizeX": 669.0,
            "SizeY": 57.0,
            "Transform": {
                "WorldMatrix": [
                    568.6500244140625,
                    0.0,
                    0.0,
                    0.0,
                    0.0,
                    48.45000076293945,
                    0.0,
                    0.0,
                    0.0,
                    0.0,
                    1.0,
                    0.0,
                    -306.0,
                    270.0,
                    0.0,
                    1.0
                ]
            }
        },
        {
            "ChildTag": "Icon\u0000",
            "ObjectTag": "Icon",
            "Pivot": 0,
            "PositionX": -566.0,
            "PositionY": 270.0,
            "Priority": 2,
            "Prototype_GameObject": "ItemIconUI\u0000",
            "ScaleX": 1.0,
            "ScaleY": 1.0,
            "ShaderParams": {
                "Float2s": [
                    [
                        1.0,
                        0.0
                    ],
                    [
                        5.0,
                        7.0
                    ]
                ],
                "Float4s": [],
                "Float4x4s": [],
                "Floats": [],
                "Ints": [],
                "Pass": 13,
                "Textures": [
                    "..\\Bin\\Resources\\UI\\Front_UI\\160.224.32.32.5.7.png\u0000"
                ]
            },
            "SizeX": 32.0,
            "SizeY": 32.0,
            "Transform": {
                "WorldMatrix": [
                    32.0,
                    0.0,
                    0.0,
                    0.0,
                    0.0,
                    32.0,
                    0.0,
                    0.0,
                    0.0,
                    0.0,
                    1.0,
                    0.0,
                    -566.0,
                    270.0,
                    0.0,
                    1.0
                ]
            }
        }
    ],
    "ObjectTag": "Canvas_ItemWindow",
    "Pivot": 0,
    "PositionX": 0.0,
    "PositionY": 0.0,
    "Priority": 0,
    "Prototype_GameObject": "Canvas_ItemWindow\u0000",
    "ScaleX": 0.5,
    "ScaleY": 0.5,
    "ShaderParams": {
        "Float2s": [],
        "Float4s": [],
        "Float4x4s": [],
        "Floats": [],
        "Ints": [],
        "Pass": 0,
        "Textures": []
    },
    "SizeX": 1600.0,
    "SizeY": 900.0,
    "Transform": {
        "WorldMatrix": [
            0.0,
            0.0,
            0.0,
            0.0,
            0.0,
            0.0,
            0.0,
            0.0,
            0.0,
            0.0,
            1.0,
            0.0,
            0.0,
            0.0,
            0.0,
            1.0
        ]
    }
}