{"ChildrenUI":[{"ChildTag":"HillBar\u0000","ObjectTag":"HillBar","Pivot":6,"PositionX":461.0,"PositionY":79.0,"Priority":2,"Prototype_GameObject":"Shader_UI\u0000","ScaleX":1.2000000476837158,"ScaleY":1.0,"ShaderParams":{"Float2s":[],"Float4s":[],"Float4x4s":[],"Floats":[0.0],"Ints":[],"Pass":32,"Textures":["..\\Bin\\Resources\\UI\\Front_UI\\HillBar.png\u0000"]},"SizeX":135.0,"SizeY":10.0,"Transform":{"WorldMatrix":[161.94937133789063,-4.0495781898498535,0.0,0.0,0.24997396767139435,9.996874809265137,0.0,0.0,0.0,0.0,1.0,0.0,461.0,-461.0,0.0,1.0]}},{"ChildTag":"SASInfoRight_EndHp\u0000","ObjectTag":"SASInfoRight_EndHp","Pivot":6,"PositionX":533.2000122070313,"PositionY":63.0,"Priority":2,"Prototype_GameObject":"SASInfoRight_HpBothEndsUI\u0000","ScaleX":1.2999999523162842,"ScaleY":0.8999999761581421,"ShaderParams":{"Float2s":[],"Float4s":[[0.699999988079071,0.30000001192092896,0.30000001192092896,1.0]],"Float4x4s":[],"Floats":[1.000000238418579,0.0,0.30000001192092896],"Ints":[0,0,2],"Pass":22,"Textures":["","","..\\Bin\\Resources\\UI\\Front_UI\\EndHp.png\u0000","","","..\\Bin\\Resources\\UI\\Front_UI\\EndHpBack.png\u0000","..\\Bin\\Resources\\UI\\Front_UI\\T_White.png\u0000"]},"SizeX":20.0,"SizeY":40.0,"Transform":{"WorldMatrix":[25.98830223083496,-0.779883086681366,0.0,0.0,1.0798380374908447,35.983802795410156,0.0,0.0,0.0,0.0,1.0,0.0,533.2000122070313,-477.0,0.0,1.0]}},{"ChildTag":"SASInfoRight_EndHpBack\u0000","ObjectTag":"SASInfoRight_EndHpBack","Pivot":6,"PositionX":533.2000122070313,"PositionY":63.0,"Priority":1,"Prototype_GameObject":"SASInfoRight_HpBothEndsUI\u0000","ScaleX":1.2999999523162842,"ScaleY":0.8999999761581421,"ShaderParams":{"Float2s":[],"Float4s":[[1.0,0.12941177189350128,0.10980392247438431,0.3019607961177826]],"Float4x4s":[],"Floats":[1.0060656070709229,0.0],"Ints":[0,0,2],"Pass":23,"Textures":["","","..\\Bin\\Resources\\UI\\Front_UI\\EndHpBack.png\u0000"]},"SizeX":20.0,"SizeY":40.0,"Transform":{"WorldMatrix":[25.988300323486328,-0.7798830270767212,0.0,0.0,1.0798380374908447,35.983802795410156,0.0,0.0,0.0,0.0,1.0,0.0,533.2000122070313,-477.0,0.0,1.0]}},{"ChildTag":"SASInfoRight_Hp0\u0000","ObjectTag":"SASInfoRight_Hp0","Pivot":6,"PositionX":421.0,"PositionY":66.0,"Priority":2,"Prototype_GameObject":"SASInfoRight_HpUI\u0000","ScaleX":1.0,"ScaleY":0.8999999761581421,"ShaderParams":{"Float2s":[],"Float4s":[[0.699999988079071,0.30000001192092896,0.30000001192092896,1.0]],"Float4x4s":[],"Floats":[1.0,0.07999999821186066,0.30000001192092896],"Ints":[5,1,0],"Pass":22,"Textures":["..\\Bin\\Resources\\UI\\Front_UI\\HpGaeuge5.png\u0000","..\\Bin\\Resources\\UI\\Front_UI\\HpGaeuge10.png\u0000","..\\Bin\\Resources\\UI\\Front_UI\\HpDefault.png\u0000","..\\Bin\\Resources\\UI\\Front_UI\\HpGaeugeBack5.png\u0000","..\\Bin\\Resources\\UI\\Front_UI\\HpGaeugeBack10.png\u0000","..\\Bin\\Resources\\UI\\Front_UI\\HpDefaultBack.png\u0000","..\\Bin\\Resources\\UI\\Front_UI\\T_White.png\u0000"]},"SizeX":40.0,"SizeY":40.0,"Transform":{"WorldMatrix":[39.98200225830078,-1.1998200416564941,0.0,0.0,1.0798380374908447,35.983802795410156,0.0,0.0,0.0,0.0,1.0,0.0,421.0,-474.0,0.0,1.0]}},{"ChildTag":"SASInfoRight_Hp1\u0000","ObjectTag":"SASInfoRight_Hp1","Pivot":6,"PositionX":461.0,"PositionY":65.0,"Priority":2,"Prototype_GameObject":"SASInfoRight_HpUI\u0000","ScaleX":1.0,"ScaleY":0.8999999761581421,"ShaderParams":{"Float2s":[],"Float4s":[[0.699999988079071,0.30000001192092896,0.30000001192092896,1.0]],"Float4x4s":[],"Floats":[1.0,0.07999999821186066,0.30000001192092896],"Ints":[5,1,0],"Pass":22,"Textures":["..\\Bin\\Resources\\UI\\Front_UI\\HpGaeuge5.png\u0000","..\\Bin\\Resources\\UI\\Front_UI\\HpGaeuge10.png\u0000","..\\Bin\\Resources\\UI\\Front_UI\\HpDefault.png\u0000","..\\Bin\\Resources\\UI\\Front_UI\\HpGaeugeBack5.png\u0000","..\\Bin\\Resources\\UI\\Front_UI\\HpGaeugeBack10.png\u0000","..\\Bin\\Resources\\UI\\Front_UI\\HpDefaultBack.png\u0000","..\\Bin\\Resources\\UI\\Front_UI\\T_White.png\u0000"]},"SizeX":40.0,"SizeY":40.0,"Transform":{"WorldMatrix":[39.98200225830078,-1.1998200416564941,0.0,0.0,1.0798379182815552,35.983802795410156,0.0,0.0,0.0,0.0,1.0,0.0,461.0,-475.0,0.0,1.0]}},{"ChildTag":"SASInfoRight_Hp2\u0000","ObjectTag":"SASInfoRight_Hp2","Pivot":6,"PositionX":501.0,"PositionY":64.0,"Priority":2,"Prototype_GameObject":"SASInfoRight_HpUI\u0000","ScaleX":1.0,"ScaleY":0.8999999761581421,"ShaderParams":{"Float2s":[],"Float4s":[[0.699999988079071,0.30000001192092896,0.30000001192092896,1.0]],"Float4x4s":[],"Floats":[1.0,0.07999999821186066,0.30000001192092896],"Ints":[10,1,2],"Pass":22,"Textures":["..\\Bin\\Resources\\UI\\Front_UI\\HpGaeuge5.png\u0000","..\\Bin\\Resources\\UI\\Front_UI\\HpGaeuge10.png\u0000","..\\Bin\\Resources\\UI\\Front_UI\\HpDefault.png\u0000","..\\Bin\\Resources\\UI\\Front_UI\\HpGaeugeBack5.png\u0000","..\\Bin\\Resources\\UI\\Front_UI\\HpGaeugeBack10.png\u0000","..\\Bin\\Resources\\UI\\Front_UI\\HpDefaultBack.png\u0000","..\\Bin\\Resources\\UI\\Front_UI\\T_White.png\u0000"]},"SizeX":40.0,"SizeY":40.0,"Transform":{"WorldMatrix":[39.98200225830078,-1.1998199224472046,0.0,0.0,1.0798380374908447,35.983802795410156,0.0,0.0,0.0,0.0,1.0,0.0,501.0,-476.0,0.0,1.0]}},{"ChildTag":"SASInfoRight_HpBack0\u0000","ObjectTag":"SASInfoRight_HpBack0","Pivot":6,"PositionX":421.0,"PositionY":66.0,"Priority":1,"Prototype_GameObject":"SASInfoRight_HpBackUI\u0000","ScaleX":1.0,"ScaleY":0.8999999761581421,"ShaderParams":{"Float2s":[],"Float4s":[[1.0,0.12941177189350128,0.10980392247438431,0.5]],"Float4x4s":[],"Floats":[1.0,0.07999999821186066],"Ints":[5,1,0],"Pass":23,"Textures":["..\\Bin\\Resources\\UI\\Front_UI\\HpGaeugeBack5.png\u0000","..\\Bin\\Resources\\UI\\Front_UI\\HpGaeugeBack10.png\u0000","..\\Bin\\Resources\\UI\\Front_UI\\HpDefaultBack.png\u0000"]},"SizeX":40.0,"SizeY":40.0,"Transform":{"WorldMatrix":[39.98200225830078,-1.1998200416564941,0.0,0.0,1.0798380374908447,35.983802795410156,0.0,0.0,0.0,0.0,1.0,0.0,421.0,-474.0,0.0,1.0]}},{"ChildTag":"SASInfoRight_HpBack1\u0000","ObjectTag":"SASInfoRight_HpBack1","Pivot":6,"PositionX":461.0,"PositionY":65.0,"Priority":1,"Prototype_GameObject":"SASInfoRight_HpBackUI\u0000","ScaleX":1.0,"ScaleY":0.8999999761581421,"ShaderParams":{"Float2s":[],"Float4s":[[1.0,0.12941177189350128,0.10980392247438431,0.5]],"Float4x4s":[],"Floats":[1.0,0.07999999821186066],"Ints":[5,1,0],"Pass":23,"Textures":["..\\Bin\\Resources\\UI\\Front_UI\\HpGaeugeBack5.png\u0000","..\\Bin\\Resources\\UI\\Front_UI\\HpGaeugeBack10.png\u0000","..\\Bin\\Resources\\UI\\Front_UI\\HpDefaultBack.png\u0000"]},"SizeX":40.0,"SizeY":40.0,"Transform":{"WorldMatrix":[39.98200225830078,-1.1998200416564941,0.0,0.0,1.0798380374908447,35.983802795410156,0.0,0.0,0.0,0.0,1.0,0.0,461.0,-475.0,0.0,1.0]}},{"ChildTag":"SASInfoRight_HpBack2\u0000","ObjectTag":"SASInfoRight_HpBack2","Pivot":6,"PositionX":501.0,"PositionY":64.0,"Priority":1,"Prototype_GameObject":"SASInfoRight_HpBackUI\u0000","ScaleX":1.0,"ScaleY":0.8999999761581421,"ShaderParams":{"Float2s":[],"Float4s":[[1.0,0.12941177189350128,0.10980392247438431,0.5]],"Float4x4s":[],"Floats":[0.994295060634613,0.07999999821186066],"Ints":[10,1,2],"Pass":23,"Textures":["..\\Bin\\Resources\\UI\\Front_UI\\HpGaeugeBack5.png\u0000","..\\Bin\\Resources\\UI\\Front_UI\\HpGaeugeBack10.png\u0000","..\\Bin\\Resources\\UI\\Front_UI\\HpDefaultBack.png\u0000"]},"SizeX":40.0,"SizeY":40.0,"Transform":{"WorldMatrix":[39.98200225830078,-1.1998199224472046,0.0,0.0,1.0798380374908447,35.983802795410156,0.0,0.0,0.0,0.0,1.0,0.0,501.0,-476.0,0.0,1.0]}},{"ChildTag":"SASInfoRight_StartHp\u0000","ObjectTag":"SASInfoRight_StartHp","Pivot":6,"PositionX":388.0,"PositionY":67.0,"Priority":2,"Prototype_GameObject":"SASInfoRight_HpBothEndsUI\u0000","ScaleX":1.2999999523162842,"ScaleY":0.8999999761581421,"ShaderParams":{"Float2s":[],"Float4s":[[0.699999988079071,0.30000001192092896,0.30000001192092896,1.0]],"Float4x4s":[],"Floats":[1.0,0.0,0.30000001192092896],"Ints":[0,0,2],"Pass":22,