{"ChildrenUI":[{"ChildTag":"SASInfoRight_EndHp\u0000","ObjectTag":"SASInfoRight_EndHp","Pivot":6,"PositionX":485.5,"PositionY":61.0,"Priority":2,"Prototype_GameObject":"SASInfoRight_HpBothEndsUI\u0000","ScaleX":1.0,"ScaleY":1.0,"ShaderParams":{"Float2s":[],"Float4s":[[0.6705882549285889,0.12156862765550613,0.12156862765550613,1.0]],"Float4x4s":[],"Floats":[1.000000238418579,0.0,0.30000001192092896],"Ints":[0,0,2],"Pass":22,"Textures":["","","..\\Bin\\Resources\\UI\\Front_UI\\EndHp.png\u0000","","","..\\Bin\\Resources\\UI\\Front_UI\\EndHpBack.png\u0000","..\\Bin\\Resources\\UI\\Front_UI\\T_White.png\u0000"]},"SizeX":20.0,"SizeY":40.0,"Transform":{"WorldMatrix":[19.99100112915039,-0.5999100208282471,0.0,0.0,1.1998200416564941,39.98200225830078,0.0,0.0,0.0,0.0,1.0,0.0,485.5,-389.0,0.0,1.0]}},{"ChildTag":"SASInfoRight_EndHpBack\u0000","ObjectTag":"SASInfoRight_EndHpBack","Pivot":6,"PositionX":485.5,"PositionY":61.0,"Priority":1,"Prototype_GameObject":"SASInfoRight_HpBothEndsUI\u0000","ScaleX":1.0,"ScaleY":1.0,"ShaderParams":{"Float2s":[],"Float4s":[[1.0,0.12941177189350128,0.10980392247438431,0.3019607961177826]],"Float4x4s":[],"Floats":[0.9823036193847656,0.0],"Ints":[0,0,2],"Pass":23,"Textures":["","","..\\Bin\\Resources\\UI\\Front_UI\\EndHpBack.png\u0000"]},"SizeX":20.0,"SizeY":40.0,"Transform":{"WorldMatrix":[19.99100112915039,-0.5999100208282471,0.0,0.0,1.1998200416564941,39.98200225830078,0.0,0.0,0.0,0.0,1.0,0.0,485.5,-389.0,0.0,1.0]}},{"ChildTag":"SASInfoRight_Hp0\u0000","ObjectTag":"SASInfoRight_Hp0","Pivot":6,"PositionX":376.0,"PositionY":64.0,"Priority":2,"Prototype_GameObject":"SASInfoRight_HpUI\u0000","ScaleX":1.0,"ScaleY":1.0,"ShaderParams":{"Float2s":[],"Float4s":[[0.6705882549285889,0.12156862765550613,0.12156862765550613,1.0]],"Float4x4s":[],"Floats":[0.9975407123565674,0.07999999821186066,0.30000001192092896],"Ints":[10,1,1],"Pass":22,"Textures":["..\\Bin\\Resources\\UI\\Front_UI\\HpGaeuge5.png\u0000","..\\Bin\\Resources\\UI\\Front_UI\\HpGaeuge10.png\u0000","..\\Bin\\Resources\\UI\\Front_UI\\HpDefault.png\u0000","..\\Bin\\Resources\\UI\\Front_UI\\HpGaeugeBack5.png\u0000","..\\Bin\\Resources\\UI\\Front_UI\\HpGaeugeBack10.png\u0000","..\\Bin\\Resources\\UI\\Front_UI\\HpDefaultBack.png\u0000","..\\Bin\\Resources\\UI\\Front_UI\\T_White.png\u0000"]},"SizeX":40.0,"SizeY":40.0,"Transform":{"WorldMatrix":[39.98200225830078,-1.1998200416564941,0.0,0.0,1.1998200416564941,39.98200225830078,0.0,0.0,0.0,0.0,1.0,0.0,376.0,-386.0,0.0,1.0]}},{"ChildTag":"SASInfoRight_Hp1\u0000","ObjectTag":"SASInfoRight_Hp1","Pivot":6,"PositionX":416.0,"PositionY":63.0,"Priority":2,"Prototype_GameObject":"SASInfoRight_HpUI\u0000","ScaleX":1.0,"ScaleY":1.0,"ShaderParams":{"Float2s":[],"Float4s":[[0.6705882549285889,0.12156862765550613,0.12156862765550613,1.0]],"Float4x4s":[],"Floats":[0.9986631870269775,0.07999999821186066,0.30000001192092896],"Ints":[5,1,0],"Pass":22,"Textures":["..\\Bin\\Resources\\UI\\Front_UI\\HpGaeuge5.png\u0000","..\\Bin\\Resources\\UI\\Front_UI\\HpGaeuge10.png\u0000","..\\Bin\\Resources\\UI\\Front_UI\\HpDefault.png\u0000","..\\Bin\\Resources\\UI\\Front_UI\\HpGaeugeBack5.png\u0000","..\\Bin\\Resources\\UI\\Front_UI\\HpGaeugeBack10.png\u0000","..\\Bin\\Resources\\UI\\Front_UI\\HpDefaultBack.png\u0000","..\\Bin\\Resources\\UI\\Front_UI\\T_White.png\u0000"]},"SizeX":40.0,"SizeY":40.0,"Transform":{"WorldMatrix":[39.98200225830078,-1.1998200416564941,0.0,0.0,1.1998200416564941,39.98200225830078,0.0,0.0,0.0,0.0,1.0,0.0,416.0,-387.0,0.0,1.0]}},{"ChildTag":"SASInfoRight_Hp2\u0000","ObjectTag":"SASInfoRight_Hp2","Pivot":6,"PositionX":456.0,"PositionY":62.0,"Priority":2,"Prototype_GameObject":"SASInfoRight_HpUI\u0000","ScaleX":1.0,"ScaleY":1.0,"ShaderParams":{"Float2s":[],"Float4s":[[0.6705882549285889,0.12156862765550613,0.12156862765550613,1.0]],"Float4x4s":[],"Floats":[0.9996803402900696,0.07999999821186066,0.30000001192092896],"Ints":[10,1,2],"Pass":22,"Textures":["..\\Bin\\Resources\\UI\\Front_UI\\HpGaeuge5.png\u0000","..\\Bin\\Resources\\UI\\Front_UI\\HpGaeuge10.png\u0000","..\\Bin\\Resources\\UI\\Front_UI\\HpDefault.png\u0000","..\\Bin\\Resources\\UI\\Front_UI\\HpGaeugeBack5.png\u0000","..\\Bin\\Resources\\UI\\Front_UI\\HpGaeugeBack10.png\u0000","..\\Bin\\Resources\\UI\\Front_UI\\HpDefaultBack.png\u0000","..\\Bin\\Resources\\UI\\Front_UI\\T_White.png\u0000"]},"SizeX":40.0,"SizeY":40.0,"Transform":{"WorldMatrix":[39.98200225830078,-1.1998200416564941,0.0,0.0,1.1998200416564941,39.98200225830078,0.0,0.0,0.0,0.0,1.0,0.0,456.0,-388.0,0.0,1.0]}},{"ChildTag":"SASInfoRight_HpBack0\u0000","ObjectTag":"SASInfoRight_HpBack0","Pivot":6,"PositionX":376.0,"PositionY":64.0,"Priority":1,"Prototype_GameObject":"SASInfoRight_HpBackUI\u0000","ScaleX":1.0,"ScaleY":1.0,"ShaderParams":{"Float2s":[],"Float4s":[[1.0,0.12941177189350128,0.10980392247438431,0.5]],"Float4x4s":[],"Floats":[0.9978934526443481,0.07999999821186066],"Ints":[10,1,1],"Pass":23,"Textures":["..\\Bin\\Resources\\UI\\Front_UI\\HpGaeugeBack5.png\u0000","..\\Bin\\Resources\\UI\\Front_UI\\HpGaeugeBack10.png\u0000","..\\Bin\\Resources\\UI\\Front_UI\\HpDefaultBack.png\u0000"]},"SizeX":40.0,"SizeY":40.0,"Transform":{"WorldMatrix":[39.98200225830078,-1.1998200416564941,0.0,0.0,1.1998200416564941,39.98200225830078,0.0,0.0,0.0,0.0,1.0,0.0,376.0,-386.0,0.0,1.0]}},{"ChildTag":"SASInfoRight_HpBack1\u0000","ObjectTag":"SASInfoRight_HpBack1","Pivot":6,"PositionX":416.0,"PositionY":63.0,"Priority":1,"Prototype_GameObject":"SASInfoRight_HpBackUI\u0000","ScaleX":1.0,"ScaleY":1.0,"ShaderParams":{"Float2s":[],"Float4s":[[1.0,0.12941177189350128,0.10980392247438431,0.5]],"Float4x4s":[],"Floats":[0.9990136623382568,0.07999999821186066],"Ints":[5,1,0],"Pass":23,"Textures":["..\\Bin\\Resources\\UI\\Front_UI\\HpGaeugeBack5.png\u0000","..\\Bin\\Resources\\UI\\Front_UI\\HpGaeugeBack10.png\u0000","..\\Bin\\Resources\\UI\\Front_UI\\HpDefaultBack.png\u0000"]},"SizeX":40.0,"SizeY":40.0,"Transform":{"WorldMatrix":[39.98200225830078,-1.1998200416564941,0.0,0.0,1.1998200416564941,39.98200225830078,0.0,0.0,0.0,0.0,1.0,0.0,416.0,-387.0,0.0,1.0]}},{"ChildTag":"SASInfoRight_HpBack2\u0000","ObjectTag":"SASInfoRight_HpBack2","Pivot":6,"PositionX":456.0,"PositionY":62.0,"Priority":1,"Prototype_GameObject":"SASInfoRight_HpBackUI\u0000","ScaleX":1.0,"ScaleY":1.0,"ShaderParams":{"Float2s":[],"Float4s":[[1.0,0.12941177189350128,0.10980392247438431,0.5]],"Float4x4s":[],"Floats":[0.9944748282432556,0.07999999821186066],"Ints":[10,1,2],"Pass":23,"Textures":["..\\Bin\\Resources\\UI\\Front_UI\\HpGaeugeBack5.png\u0000","..\\Bin\\Resources\\UI\\Front_UI\\HpGaeugeBack10.png\u0000","..\\Bin\\Resources\\UI\\Front_UI\\HpDefaultBack.png\u0000"]},"SizeX":40.0,"SizeY":40.0,"Transform":{"WorldMatrix":[39.98200225830078,-1.1998200416564941,0.0,0.0,1.1998200416564941,39.98200225830078,0.0,0.0,0.0,0.0,1.0,0.0,456.0,-388.0,0.0,1.0]}},{"ChildTag":"SASInfoRight_StartHp\u0000","ObjectTag":"SASInfoRight_StartHp","Pivot":6,"PositionX":346.0,"PositionY":65.0,"Priority":2,"Prototype_GameObject":"SASInfoRight_HpBothEndsUI\u0000","ScaleX":1.0,"ScaleY":1.0,"ShaderParams":{"Float2s":[],"Float4s":[[0.6705882549285889,0.12156862765550613,0.12156862765550613,1.0]],"Float4x4s":[],"Floats":[1.0,0.0,0.30000001192092896],"Ints":[0,0,2],"Pass":22,"Textures":["","","..\\Bin\\Resources\\UI\\Front_UI\\StartHp.png\u0000","","","..\\Bin\\Resources\\UI\\Front_UI\\StartHpBack.png\u0000","..\\Bin\\Resources\\UI\\Front_UI\\T_White.png\u0000"]},"SizeX":20.0,"SizeY":40.0,"Transform":{"WorldMatrix":[19.99100112915039,-0.5999100208282471,0.0,0.0,1.1998200416564941,39.98200225830078,0.0,0.0,0.0,0.0,1.0,0.0,346.0,-385.0,0.0,1.0]}},{"ChildTag":"SASInfoRight_StartHpBack\u0000","ObjectTag":"SASInfoRight_StartHpBack","Pivot":6,"PositionX":350.0,"PositionY":65.0,"Priority":1,"Prototype_GameObject":"SASInfoRight_HpBothEndsUI\u0000","ScaleX":1.0,"ScaleY":1.0,"ShaderParams":{"Float2s":[],"Float4s":[[1.0,0.12941177189350128,0.10980392247438431,0.3019607961177826]],"Float4x4s":[],"Floats":[1.0,0.0],