{"ChildrenUI":[{"ChildTag":"HillBar\u0000","ObjectTag":"HillBar","Pivot":6,"PositionX":-391.0,"PositionY":80.0,"Priority":2,"Prototype_GameObject":"Shader_UI\u0000","ScaleX":1.2000000476837158,"ScaleY":1.2000000476837158,"ShaderParams":{"Float2s":[],"Float4s":[],"Float4x4s":[],"Floats":[0.0],"Ints":[],"Pass":32,"Textures":["..\\Bin\\Resources\\UI\\Front_UI\\HillBar.png\u0000"]},"SizeX":134.0,"SizeY":8.0,"Transform":{"WorldMatrix":[160.749755859375,4.019581317901611,0.0,0.0,-0.23997505009174347,9.597001075744629,0.0,0.0,0.0,0.0,1.0,0.0,-391.0954895019531,-460.2227783203125,0.0,1.0]}},{"ChildTag":"SASInfoLeft_EndHp\u0000","ObjectTag":"SASInfoLeft_EndHp","Pivot":6,"PositionX":-318.0,"PositionY":68.0,"Priority":2,"Prototype_GameObject":"SASInfoLeft_HpBothEndsUI\u0000","ScaleX":1.2999999523162842,"ScaleY":0.8999999761581421,"ShaderParams":{"Float2s":[],"Float4s":[[0.699999988079071,0.30000001192092896,0.30000001192092896,1.0]],"Float4x4s":[],"Floats":[1.000000238418579,0.0,0.30000001192092896],"Ints":[0,0,2],"Pass":22,"Textures":["","","..\\Bin\\Resources\\UI\\Front_UI\\EndHp.png\u0000","","","..\\Bin\\Resources\\UI\\Front_UI\\EndHpBack.png\u0000","..\\Bin\\Resources\\UI\\Front_UI\\T_White.png\u0000"]},"SizeX":20.0,"SizeY":40.0,"Transform":{"WorldMatrix":[26.0,0.0,0.0,0.0,0.0,36.0,0.0,0.0,0.0,0.0,1.0,0.0,-318.0954895019531,-472.2227783203125,0.0,1.0]}},{"ChildTag":"SASInfoLeft_EndHpBack\u0000","ObjectTag":"SASInfoLeft_EndHpBack","Pivot":6,"PositionX":-318.0,"PositionY":68.0,"Priority":1,"Prototype_GameObject":"SASInfoLeft_HpBothEndsUI\u0000","ScaleX":1.2999999523162842,"ScaleY":0.8999999761581421,"ShaderParams":{"Float2s":[],"Float4s":[[1.0,0.12941177189350128,0.10980392247438431,0.5]],"Float4x4s":[],"Floats":[0.9215939044952393,0.0],"Ints":[0,0,2],"Pass":23,"Textures":["","","..\\Bin\\Resources\\UI\\Front_UI\\EndHpBack.png\u0000"]},"SizeX":20.0,"SizeY":40.0,"Transform":{"WorldMatrix":[26.0,0.0,0.0,0.0,0.0,36.0,0.0,0.0,0.0,0.0,1.0,0.0,-318.0954895019531,-472.2227783203125,0.0,1.0]}},{"ChildTag":"SASInfoLeft_Hp0\u0000","ObjectTag":"SASInfoLeft_Hp0","Pivot":6,"PositionX":-431.0,"PositionY":65.5,"Priority":2,"Prototype_GameObject":"SASInfoLeft_HpUI\u0000","ScaleX":1.0,"ScaleY":0.8999999761581421,"ShaderParams":{"Float2s":[],"Float4s":[[0.699999988079071,0.30000001192092896,0.30000001192092896,1.0]],"Float4x4s":[],"Floats":[1.0,0.07999999821186066,0.30000001192092896],"Ints":[10,1,2],"Pass":22,"Textures":["..\\Bin\\Resources\\UI\\Front_UI\\HpGaeuge5.png\u0000","..\\Bin\\Resources\\UI\\Front_UI\\HpGaeuge10.png\u0000","..\\Bin\\Resources\\UI\\Front_UI\\HpDefault.png\u0000","..\\Bin\\Resources\\UI\\Front_UI\\HpGaeugeBack5.png\u0000","..\\Bin\\Resources\\UI\\Front_UI\\HpGaeugeBack10.png\u0000","..\\Bin\\Resources\\UI\\Front_UI\\HpDefaultBack.png\u0000","..\\Bin\\Resources\\UI\\Front_UI\\T_White.png\u0000"]},"SizeX":40.0,"SizeY":40.0,"Transform":{"WorldMatrix":[39.992000579833984,0.799946665763855,0.0,0.0,-0.7199519872665405,35.992801666259766,0.0,0.0,0.0,0.0,1.0,0.0,-431.0954895019531,-474.7227783203125,0.0,1.0]}},{"ChildTag":"SASInfoLeft_Hp1\u0000","ObjectTag":"SASInfoLeft_Hp1","Pivot":6,"PositionX":-391.0,"PositionY":66.5,"Priority":2,"Prototype_GameObject":"SASInfoLeft_HpUI\u0000","ScaleX":1.0,"ScaleY":0.8999999761581421,"ShaderParams":{"Float2s":[],"Float4s":[[0.699999988079071,0.30000001192092896,0.30000001192092896,1.0]],"Float4x4s":[],"Floats":[1.0,0.07999999821186066,0.30000001192092896],"Ints":[10,1,1],"Pass":22,"Textures":["..\\Bin\\Resources\\UI\\Front_UI\\HpGaeuge5.png\u0000","..\\Bin\\Resources\\UI\\Front_UI\\HpGaeuge10.png\u0000","..\\Bin\\Resources\\UI\\Front_UI\\HpDefault.png\u0000","..\\Bin\\Resources\\UI\\Front_UI\\HpGaeugeBack5.png\u0000","..\\Bin\\Resources\\UI\\Front_UI\\HpGaeugeBack10.png\u0000","..\\Bin\\Resources\\UI\\Front_UI\\HpDefaultBack.png\u0000","..\\Bin\\Resources\\UI\\Front_UI\\T_White.png\u0000"]},"SizeX":40.0,"SizeY":40.0,"Transform":{"WorldMatrix":[39.992000579833984,0.799946665763855,0.0,0.0,-0.7199519872665405,35.992801666259766,0.0,0.0,0.0,0.0,1.0,0.0,-391.0954895019531,-473.7227783203125,0.0,1.0]}},{"ChildTag":"SASInfoLeft_Hp2\u0000","ObjectTag":"SASInfoLeft_Hp2","Pivot":6,"PositionX":-350.5,"PositionY":67.5,"Priority":2,"Prototype_GameObject":"SASInfoLeft_HpUI\u0000","ScaleX":1.0,"ScaleY":0.8999999761581421,"ShaderParams":{"Float2s":[],"Float4s":[[0.699999988079071,0.30000001192092896,0.30000001192092896,1.0]],"Float4x4s":[],"Floats":[1.0,0.07999999821186066,0.30000001192092896],"Ints":[10,1,1],"Pass":22,"Textures":["..\\Bin\\Resources\\UI\\Front_UI\\HpGaeuge5.png\u0000","..\\Bin\\Resources\\UI\\Front_UI\\HpGaeuge10.png\u0000","..\\Bin\\Resources\\UI\\Front_UI\\HpDefault.png\u0000","..\\Bin\\Resources\\UI\\Front_UI\\HpGaeugeBack5.png\u0000","..\\Bin\\Resources\\UI\\Front_UI\\HpGaeugeBack10.png\u0000","..\\Bin\\Resources\\UI\\Front_UI\\HpDefaultBack.png\u0000","..\\Bin\\Resources\\UI\\Front_UI\\T_White.png\u0000"]},"SizeX":40.0,"SizeY":40.0,"Transform":{"WorldMatrix":[39.992000579833984,0.799946665763855,0.0,0.0,-0.7199519872665405,35.992801666259766,0.0,0.0,0.0,0.0,1.0,0.0,-350.5954895019531,-472.7227783203125,0.0,1.0]}},{"ChildTag":"SASInfoLeft_HpBack0\u0000","ObjectTag":"SASInfoLeft_HpBack0","Pivot":6,"PositionX":-431.0,"PositionY":65.5,"Priority":1,"Prototype_GameObject":"SASInfoLeft_HpBackUI\u0000","ScaleX":1.0,"ScaleY":0.8999999761581421,"ShaderParams":{"Float2s":[],"Float4s":[[1.0,0.12941177189350128,0.10980392247438431,0.5]],"Float4x4s":[],"Floats":[1.0,0.07999999821186066],"Ints":[10,1,2],"Pass":23,"Textures":["..\\Bin\\Resources\\UI\\Front_UI\\HpGaeugeBack5.png\u0000","..\\Bin\\Resources\\UI\\Front_UI\\HpGaeugeBack10.png\u0000","..\\Bin\\Resources\\UI\\Front_UI\\HpDefaultBack.png\u0000"]},"SizeX":40.0,"SizeY":40.0,"Transform":{"WorldMatrix":[39.98200225830078,1.1998199224472046,0.0,0.0,-1.0798380374908447,35.983802795410156,0.0,0.0,0.0,0.0,1.0,0.0,-431.0954895019531,-474.7227783203125,0.0,1.0]}},{"ChildTag":"SASInfoLeft_HpBack1\u0000","ObjectTag":"SASInfoLeft_HpBack1","Pivot":6,"PositionX":-391.0,"PositionY":66.5,"Priority":1,"Prototype_GameObject":"SASInfoLeft_HpBackUI\u0000","ScaleX":1.0,"ScaleY":0.8999999761581421,"ShaderParams":{"Float2s":[],"Float4s":[[1.0,0.12941177189350128,0.10980392247438431,0.5]],"Float4x4s":[],"Floats":[1.0,0.07999999821186066],"Ints":[10,1,1],"Pass":23,"Textures":["..\\Bin\\Resources\\UI\\Front_UI\\HpGaeugeBack5.png\u0000","..\\Bin\\Resources\\UI\\Front_UI\\HpGaeugeBack10.png\u0000","..\\Bin\\Resources\\UI\\Front_UI\\HpDefaultBack.png\u0000"]},"SizeX":40.0,"SizeY":40.0,"Transform":{"WorldMatrix":[39.975502014160156,1.3997142314910889,0.0,0.0,-1.2597429752349854,35.97795104980469,0.0,0.0,0.0,0.0,1.0,0.0,-391.0954895019531,-473.7227783203125,0.0,1.0]}},{"ChildTag":"SASInfoLeft_HpBack2\u0000","ObjectTag":"SASInfoLeft_HpBack2","Pivot":6,"PositionX":-350.5,"PositionY":67.5,"Priority":1,"Prototype_GameObject":"SASInfoLeft_HpBackUI\u0000","ScaleX":1.100000023841858,"ScaleY":0.8999999761581421,"ShaderParams":{"Float2s":[],"Float4s":[[1.0,0.12941177189350128,0.10980392247438431,0.5]],"Float4x4s":[],"Floats":[0.994295060634613,0.07999999821186066],"Ints":[10,1,1],"Pass":23,"Textures":["..\\Bin\\Resources\\UI\\Front_UI\\HpGaeugeBack5.png\u0000","..\\Bin\\Resources\\UI\\Front_UI\\HpGaeugeBack10.png\u0000","..\\Bin\\Resources\\UI\\Front_UI\\HpDefaultBack.png\u0000"]},"SizeX":40.0,"SizeY":40.0,"Transform":{"WorldMatrix":[43.99945068359375,0.21999907493591309,0.0,0.0,-0.17999927699565887,35.999549865722656,0.0,0.0,0.0,0.0,1.0,0.0,-350.5954895019531,-472.7227783203125,0.0,1.0]}},{"ChildTag":"SASInfoLeft_StartHp\u0000","ObjectTag":"SASInfoLeft_StartHp","Pivot":6,"PositionX":-463.5,"PositionY":65.0,"Priority":2,"Prototype_GameObject":"SASInfoLeft_HpBothEndsUI\u0000","ScaleX":1.2999999523162842,"ScaleY":0.8999999761581421,"ShaderParams":{"Float2s":[],"Float4s":[[0.699999988079071,0.30000001192092896,0.30000001192092896,1.0]],"Float4x4s":[],"Floats":[1.0,0.0,0.30000001192092896],"Ints":[0,0,2],