{"ChildrenUI":[{"ChildTag":"PlauerInfo_GaugeArrow\u0000","ObjectTag":"PlauerInfo_GaugeArrow","Pivot":6,"PositionX":0.0,"PositionY":112.0,"Priority":0,"Prototype_GameObject":"Default_UI\u0000","ScaleX":0.8500000238418579,"ScaleY":0.8500000238418579,"ShaderParams":{"Float2s":[],"Float4s":[],"Float4x4s":[],"Floats":[],"Ints":[],"Pass":0,"Textures":["..\\Bin\\Resources\\UI\\Front_UI\\PlayerInfo_PsychokinesisArrow.png\u0000"]},"SizeX":13.0,"SizeY":11.0,"Transform":{"WorldMatrix":[11.050000190734863,0.0,0.0,0.0,0.0,9.350000381469727,0.0,0.0,0.0,0.0,1.0,0.0,0.0,-338.1737060546875,0.0,1.0]}},{"ChildTag":"PlayerInfo_EndHp\u0000","ObjectTag":"PlayerInfo_EndHp","Pivot":6,"PositionX":78.5,"PositionY":52.0,"Priority":2,"Prototype_GameObject":"PlayerInfo_HpBothEndsUI\u0000","ScaleX":0.8500000238418579,"ScaleY":0.8500000238418579,"ShaderParams":{"Float2s":[],"Float4s":[[0.6745098233222961,0.12156862765550613,0.12156862765550613,1.0]],"Float4x4s":[],"Floats":[-0.19999980926513672,0.0,0.30000001192092896],"Ints":[0,0,2],"Pass":22,"Textures":["","","..\\Bin\\Resources\\UI\\Front_UI\\EndHp.png\u0000","","","..\\Bin\\Resources\\UI\\Front_UI\\EndHpBack.png\u0000","..\\Bin\\Resources\\UI\\Front_UI\\T_White.png\u0000"]},"SizeX":20.0,"SizeY":40.0,"Transform":{"WorldMatrix":[17.0,0.0,0.0,0.0,0.0,34.0,0.0,0.0,0.0,0.0,1.0,0.0,78.5,-398.1737060546875,0.0,1.0]}},{"ChildTag":"PlayerInfo_EndHpBack\u0000","ObjectTag":"PlayerInfo_EndHpBack","Pivot":6,"PositionX":79.0,"PositionY":52.0,"Priority":1,"Prototype_GameObject":"PlayerInfo_HpBothEndsUI\u0000","ScaleX":0.8500000238418579,"ScaleY":0.8500000238418579,"ShaderParams":{"Float2s":[],"Float4s":[[1.0,0.12941177189350128,0.10980392247438431,0.30000001192092896]],"Float4x4s":[],"Floats":[-0.24170637130737305,0.0],"Ints":[0,0,2],"Pass":23,"Textures":["","","..\\Bin\\Resources\\UI\\Front_UI\\EndHpBack.png\u0000"]},"SizeX":20.0,"SizeY":40.0,"Transform":{"WorldMatrix":[17.0,0.0,0.0,0.0,0.0,34.0,0.0,0.0,0.0,0.0,1.0,0.0,79.0,-398.1737060546875,0.0,1.0]}},{"ChildTag":"PlayerInfo_Hp0\u0000","ObjectTag":"PlayerInfo_Hp0","Pivot":6,"PositionX":-124.0,"PositionY":52.0,"Priority":2,"Prototype_GameObject":"PlayerInfo_HpUI\u0000","ScaleX":0.8500000238418579,"ScaleY":0.8500000238418579,"ShaderParams":{"Float2s":[],"Float4s":[[0.6705882549285889,0.12156862765550613,0.12156862765550613,1.0]],"Float4x4s":[],"Floats":[0.9863560199737549,0.07999999821186066,0.30000001192092896],"Ints":[10,1,2],"Pass":22,"Textures":["..\\Bin\\Resources\\UI\\Front_UI\\HpGaeuge5.png\u0000","..\\Bin\\Resources\\UI\\Front_UI\\HpGaeuge10.png\u0000","..\\Bin\\Resources\\UI\\Front_UI\\HpDefault.png\u0000","..\\Bin\\Resources\\UI\\Front_UI\\HpGaeugeBack5.png\u0000","..\\Bin\\Resources\\UI\\Front_UI\\HpGaeugeBack10.png\u0000","..\\Bin\\Resources\\UI\\Front_UI\\HpDefaultBack.png\u0000","..\\Bin\\Resources\\UI\\Front_UI\\T_White.png\u0000"]},"SizeX":40.0,"SizeY":40.0,"Transform":{"WorldMatrix":[34.0,0.0,0.0,0.0,0.0,34.0,0.0,0.0,0.0,0.0,1.0,0.0,-124.0,-398.1737060546875,0.0,1.0]}},{"ChildTag":"PlayerInfo_Hp1\u0000","ObjectTag":"PlayerInfo_Hp1","Pivot":6,"PositionX":-90.0,"PositionY":52.0,"Priority":2,"Prototype_GameObject":"PlayerInfo_HpUI\u0000","ScaleX":0.8500000238418579,"ScaleY":0.8500000238418579,"ShaderParams":{"Float2s":[],"Float4s":[[0.6705882549285889,0.12156862765550613,0.12156862765550613,1.0]],"Float4x4s":[],"Floats":[0.982321560382843,0.07999999821186066,0.30000001192092896],"Ints":[10,1,2],"Pass":22,"Textures":["..\\Bin\\Resources\\UI\\Front_UI\\HpGaeuge5.png\u0000","..\\Bin\\Resources\\UI\\Front_UI\\HpGaeuge10.png\u0000","..\\Bin\\Resources\\UI\\Front_UI\\HpDefault.png\u0000","..\\Bin\\Resources\\UI\\Front_UI\\HpGaeugeBack5.png\u0000","..\\Bin\\Resources\\UI\\Front_UI\\HpGaeugeBack10.png\u0000","..\\Bin\\Resources\\UI\\Front_UI\\HpDefaultBack.png\u0000","..\\Bin\\Resources\\UI\\Front_UI\\T_White.png\u0000"]},"SizeX":40.0,"SizeY":40.0,"Transform":{"WorldMatrix":[34.0,0.0,0.0,0.0,0.0,34.0,0.0,0.0,0.0,0.0,1.0,0.0,-90.0,-398.1737060546875,0.0,1.0]}},{"ChildTag":"PlayerInfo_Hp2\u0000","ObjectTag":"PlayerInfo_Hp2","Pivot":6,"PositionX":-57.0,"PositionY":52.0,"Priority":2,"Prototype_GameObject":"PlayerInfo_HpUI\u0000","ScaleX":0.8500000238418579,"ScaleY":0.8500000238418579,"ShaderParams":{"Float2s":[],"Float4s":[[0.6705882549285889,0.12156862765550613,0.12156862765550613,1.0]],"Float4x4s":[],"Floats":[0.9983906745910645,0.07999999821186066,0.30000001192092896],"Ints":[5,1,0],"Pass":22,"Textures":["..\\Bin\\Resources\\UI\\Front_UI\\HpGaeuge5.png\u0000","..\\Bin\\Resources\\UI\\Front_UI\\HpGaeuge10.png\u0000","..\\Bin\\Resources\\UI\\Front_UI\\HpDefault.png\u0000","..\\Bin\\Resources\\UI\\Front_UI\\HpGaeugeBack5.png\u0000","..\\Bin\\Resources\\UI\\Front_UI\\HpGaeugeBack10.png\u0000","..\\Bin\\Resources\\UI\\Front_UI\\HpDefaultBack.png\u0000","..\\Bin\\Resources\\UI\\Front_UI\\T_White.png\u0000"]},"SizeX":40.0,"SizeY":40.0,"Transform":{"WorldMatrix":[34.0,0.0,0.0,0.0,0.0,34.0,0.0,0.0,0.0,0.0,1.0,0.0,-57.0,-398.1737060546875,0.0,1.0]}},{"ChildTag":"PlayerInfo_Hp3\u0000","ObjectTag":"PlayerInfo_Hp3","Pivot":6,"PositionX":-23.0,"PositionY":52.0,"Priority":2,"Prototype_GameObject":"PlayerInfo_HpUI\u0000","ScaleX":0.8500000238418579,"ScaleY":0.8500000238418579,"ShaderParams":{"Float2s":[],"Float4s":[[0.6705882549285889,0.12156862765550613,0.12156862765550613,1.0]],"Float4x4s":[],"Floats":[0.9877740740776062,0.07999999821186066,0.30000001192092896],"Ints":[10,1,1],"Pass":22,"Textures":["..\\Bin\\Resources\\UI\\Front_UI\\HpGaeuge5.png\u0000","..\\Bin\\Resources\\UI\\Front_UI\\HpGaeuge10.png\u0000","..\\Bin\\Resources\\UI\\Front_UI\\HpDefault.png\u0000","..\\Bin\\Resources\\UI\\Front_UI\\HpGaeugeBack5.png\u0000","..\\Bin\\Resources\\UI\\Front_UI\\HpGaeugeBack10.png\u0000","..\\Bin\\Resources\\UI\\Front_UI\\HpDefaultBack.png\u0000","..\\Bin\\Resources\\UI\\Front_UI\\T_White.png\u0000"]},"SizeX":40.0,"SizeY":40.0,"Transform":{"WorldMatrix":[34.0,0.0,0.0,0.0,0.0,34.0,0.0,0.0,0.0,0.0,1.0,0.0,-23.0,-398.1737060546875,0.0,1.0]}},{"ChildTag":"PlayerInfo_Hp4\u0000","ObjectTag":"PlayerInfo_Hp4","Pivot":6,"PositionX":11.0,"PositionY":52.0,"Priority":2,"Prototype_GameObject":"PlayerInfo_HpUI\u0000","ScaleX":0.8500000238418579,"ScaleY":0.8500000238418579,"ShaderParams":{"Float2s":[],"Float4s":[[0.6705882549285889,0.12156862765550613,0.12156862765550613,1.0]],"Float4x4s":[],"Floats":[0.9987067580223083,0.07999999821186066,0.30000001192092896],"Ints":[10,1,2],"Pass":22,"Textures":["..\\Bin\\Resources\\UI\\Front_UI\\HpGaeuge5.png\u0000","..\\Bin\\Resources\\UI\\Front_UI\\HpGaeuge10.png\u0000","..\\Bin\\Resources\\UI\\Front_UI\\HpDefault.png\u0000","..\\Bin\\Resources\\UI\\Front_UI\\HpGaeugeBack5.png\u0000","..\\Bin\\Resources\\UI\\Front_UI\\HpGaeugeBack10.png\u0000","..\\Bin\\Resources\\UI\\Front_UI\\HpDefaultBack.png\u0000","..\\Bin\\Resources\\UI\\Front_UI\\T_White.png\u0000"]},"SizeX":40.0,"SizeY":40.0,"Transform":{"WorldMatrix":[34.0,0.0,0.0,0.0,0.0,34.0,0.0,0.0,0.0,0.0,1.0,0.0,11.0,-398.1737060546875,0.0,1.0]}},{"ChildTag":"PlayerInfo_Hp5\u0000","ObjectTag":"PlayerInfo_Hp5","Pivot":6,"PositionX":45.0,"PositionY":52.0,"Priority":2,"Prototype_GameObject":"PlayerInfo_HpUI\u0000","ScaleX":0.8500000238418579,"ScaleY":0.8500000238418579,"ShaderParams":{"Float2s":[],"Float4s":[[0.6705882549285889,0.12156862765550613,0.12156862765550613,1.0]],"Float4x4s":[],"Floats":[0.9333332180976868,0.07999999821186066,0.30000001192092896],"Ints":[10,1,2],"Pass":22,"Textures":["..\\Bin\\Resources\\UI\\Front_UI\\HpGaeuge5.png\u0000","..\\Bin\\Resources\\UI\\Front_UI\\HpGaeuge10.png\u0000","..\\Bin\\Resources\\UI\\Front_UI\\HpDefault.png\u0000","..\\Bin\\Resources\\UI\\Front_UI\\HpGaeugeBack5.png\u0000","..\\Bin\\Resources\\UI\\Front_UI\\HpGaeugeBack10.png\u0000","..\\Bin\\Resources\\UI\\Front_UI\\HpDefaultBack.png\u0000","..\\Bin\\Resources\\UI\\Front_UI\\T_White.png\u0000"]},"SizeX":40.0,"SizeY":40.0,