{
    "ChildTag": "IconColor\u0000",
    "ObjectTag": "IconColor",
    "Pivot": 0,
    "PositionX": -332.0,
    "PositionY": -70.0,
    "Priority": 3,
    "Prototype_GameObject": "Main_OnMouseColorUI\u0000",
    "ScaleX": 0.8500000238418579,
    "ScaleY": 0.8500000238418579,
    "ShaderParams": {
        "Float2s": [
            [
                0.0,
                6.0
            ],
            [
                4.0,
                7.0
            ]
        ],
        "Float4s": [],
        "Float4x4s": [],
        "Floats": [],
        "Ints": [],
        "Pass": 13,
        "Textures": [
            "..\\Bin\\Resources\\UI\\Main_UI\\BrainMap\\208.364.54.54.4.7.png\u0000"
        ]
    },
    "SizeX": 54.0,
    "SizeY": 54.0,
    "Transform": {
        "WorldMatrix": [
            45.900001525878906,
            0.0,
            0.0,
            0.0,
            0.0,
            45.900001525878906,
            0.0,
            0.0,
            0.0,
            0.0,
            1.0,
            0.0,
            -332.0,
            -70.0,
            0.0,
            1.0
        ]
    }
}
