{"LocalMatrix":[1.0,0.0,0.0,0.0,0.0,1.0,0.0,0.0,0.0,0.0,1.0,0.0,0.0,0.0,0.0,1.0],"ModelTags":["Model_HBeam_Bundle\u0000","Model_HBeam_Bundle\u0000"],"ObjectTag":"","Prototype_GameObject":"Prototype_GameObject_Special_HBeam_Bundle\u0000","RigidBody":{"ColliderType":4,"Density":10.0,"OriginTransform":[1.0,0.0,0.0,0.0,0.0,1.5,0.0,0.0,0.0,0.0,1.0,0.0,0.0,0.25,0.0,1.0],"ShapeType":2,"bKinematic":false,"bTrigger":false},"Transform":{"WorldMatrix":[1.0,-6.372786629071925e-06,-9.241585274821773e-08,0.0,6.372786629071925e-06,1.0,8.63742926071609e-08,0.0,9.241529852488384e-08,-8.637487525220422e-08,1.0,0.0,1.4384193420410156,0.9999940395355225,8.419515609741211,1.0]}}