{"LocalMatrix":[1.0,0.0,0.0,0.0,0.0,1.0,0.0,0.0,0.0,0.0,1.0,0.0,0.0,-1.600000023841858,-2.0,1.0],"ModelTags":["Model_TankLorry_Head\u0000"],"ObjectTag":"","Prototype_GameObject":"Prototype_GameObject_Special_TankLorry_Head\u0000","RigidBody":{"ColliderType":7,"Density":10.0,"OriginTransform":[3.0,0.0,0.0,0.0,0.0,3.200000047683716,0.0,0.0,0.0,0.0,2.5,0.0,0.0,0.0,0.0,1.0],"ShapeType":0,"bKinematic":true,"bTrigger":false},"Transform":{"WorldMatrix":[1.0,-2.408291663869022e-07,6.710750767524587e-06,0.0,2.408308432677586e-07,1.0,-2.484867707153171e-07,0.0,-6.710750767524587e-06,2.4848839075275464e-07,1.0,0.0,-103.76425170898438,1.7399982213974,-11.31272029876709,1.0]}}