{"LocalMatrix":[1.0,0.0,0.0,0.0,0.0,1.0,0.0,0.0,0.0,0.0,1.0,0.0,0.0,-0.10000000149011612,0.0,1.0],"ModelTags":["Model_HBeam_Single\u0000","Model_HBeam_Single\u0000","Model_HBeam_Single\u0000"],"ObjectTag":"","Prototype_GameObject":"Prototype_GameObject_Special_HBeam_Single\u0000","RigidBody":{"ColliderType":13,"Density":10.0,"OriginTransform":[3.5,0.0,0.0,0.0,0.0,0.30000001192092896,0.0,0.0,0.0,0.0,0.30000001192092896,0.0,0.0,0.125,0.0,1.0],"ShapeType":0,"bKinematic":false,"bTrigger":false},"Transform":{"WorldMatrix":[0.9997692704200745,-0.021226724609732628,0.003289012238383293,0.0,0.020944757387042046,0.9973295331001282,0.06996442377567291,0.0,-0.00476534478366375,-0.06987939774990082,0.9975440502166748,0.0,-1.24815034866333,0.352837473154068,9.379805564880371,1.0]}}