{
    "LocalMatrix": [
        -4.370869177705572e-08,
        0.9999383091926575,
        0.0,
        0.0,
        -0.9999905228614807,
        -4.371097261923751e-08,
        0.0,
        0.0,
        0.0,
        0.0,
        0.9998598694801331,
        0.0,
        1.0,
        0.0,
        0.0,
        1.0
    ],
    "ModelTags": [
        "Model_IronBars_SingleBars\u0000",
        "Model_IronBars_SingleBars\u0000",
        "Model_IronBars_SingleBars\u0000",
        "Model_IronBars_SingleBars\u0000"
    ],
    "ObjectTag": "",
    "Prototype_GameObject": "Prototype_GameObject_Special_IronBars_SingleBars\u0000",
    "RigidBody": {
        "ColliderType": 4,
        "Density": 10.0,
        "OriginTransform": [
            0.49998459219932556,
            0.0,
            0.0,
            0.0,
            0.0,
            -4.371138828673793e-08,
            1.0,
            0.0,
            0.0,
            -0.5,
            -2.1855694143368964e-08,
            0.0,
            0.0,
            0.0,
            0.0,
            1.0
        ],
        "ShapeType": 2,
        "bKinematic": false,
        "bTrigger": true
    },
    "Transform": {
        "WorldMatrix": [
            -0.9561503529548645,
            1.9997358322143555e-05,
            0.29287824034690857,
            0.0,
            0.2903420627117157,
            0.131381094455719,
            0.9478613138198853,
            0.0,
            -0.03845977783203125,
            0.9913321733474731,
            -0.12562644481658936,
            0.0,
            -60.131004333496094,
            1.1399435997009277,
            -33.56576156616211,
            1.0
        ]
    }
}