{
    "LocalMatrix": [
        -4.371138828673793e-08,
        1.0,
        0.0,
        0.0,
        -1.0,
        -4.371138828673793e-08,
        0.0,
        0.0,
        0.0,
        0.0,
        0.999977707862854,
        0.0,
        1.0,
        0.0,
        0.0,
        1.0
    ],
    "ModelTags": [
        "Model_IronBars_MultiBars\u0000"
    ],
    "ObjectTag": "",
    "Prototype_GameObject": "Prototype_GameObject_Special_IronBars_MultiBars\u0000",
    "RigidBody": {
        "ColliderType": 4,
        "Density": 10.0,
        "OriginTransform": [
            0.5,
            0.0,
            0.0,
            0.0,
            0.0,
            1.0,
            0.0,
            0.0,
            0.0,
            0.0,
            1.0,
            0.0,
            0.0,
            0.0,
            0.0,
            1.0
        ],
        "ShapeType": 2,
        "bKinematic": false,
        "bTrigger": true
    },
    "Transform": {
        "WorldMatrix": [
            1.0,
            -7.64218839321984e-08,
            0.00019366195192560554,
            0.0,
            2.289979192937608e-06,
            0.9999346733093262,
            -0.01143003348261118,
            0.0,
            -0.00019364841864444315,
            0.01143003348261118,
            0.9999346733093262,
            0.0,
            -58.826576232910156,
            0.38995298743247986,
            -35.09210205078125,
            1.0
        ]
    }
}