{"LocalMatrix":[1.0,0.0,0.0,0.0,0.0,1.0,0.0,0.0,0.0,0.0,1.0,0.0,0.0,-0.30000001192092896,0.0,1.0],"ModelTags":["Model_HBeam_Bundle\u0000","Model_HBeam_Bundle\u0000","Model_HBeam_Bundle\u0000"],"ObjectTag":"","Prototype_GameObject":"Prototype_GameObject_Special_HBeam_Bundle\u0000","RigidBody":{"ColliderType":4,"Density":10.0,"OriginTransform":[3.5,0.0,0.0,0.0,0.0,0.699999988079071,0.0,0.0,0.0,0.0,1.0,0.0,0.0,0.25,0.0,1.0],"ShapeType":0,"bKinematic":false,"bTrigger":false},"Transform":{"WorldMatrix":[0.9826291799545288,-3.684132025227882e-06,0.1855798214673996,0.0,-6.440587640099693e-06,1.0,5.3954376198817044e-05,0.0,-0.1855798214673996,-5.42123889317736e-05,0.9826291799545288,0.0,-105.84193420410156,0.4900258779525757,-12.107523918151855,1.0]}}