{
    "LocalMatrix": [
        1.0,
        0.0,
        0.0,
        0.0,
        0.0,
        1.0,
        0.0,
        0.0,
        0.0,
        0.0,
        1.0,
        0.0,
        0.0,
        0.0,
        0.0,
        1.0
    ],
    "ModelTags": [
        "Model_TelephonePole\u0000"
    ],
    "ObjectTag": "",
    "Prototype_GameObject": "Prototype_GameObject_Special_TelephonePole\u0000",
    "RigidBody": {
        "ColliderType": 4,
        "Density": 10.0,
        "OriginTransform": [
            -4.371132433789171e-08,
            0.9999985694885254,
            0.0,
            0.0,
            -3.950756549835205,
            -1.7269304919409478e-07,
            0.6257182955741882,
            0.0,
            0.15642529726028442,
            6.837566957074159e-09,
            0.9876620173454285,
            0.0,
            0.0,
            5.95741081237793,
            0.0,
            1.0
        ],
        "ShapeType": 2,
        "bKinematic": false,
        "bTrigger": true
    },
    "Transform": {
        "WorldMatrix": [
            1.0,
            0.0,
            0.0,
            0.0,
            0.0,
            1.0,
            0.0,
            0.0,
            0.0,
            0.0,
            1.0,
            0.0,
            2.5797433853149414,
            1.4999994039535522,
            6.349615573883057,
            1.0
        ]
    }
}