{"LocalMatrix":[1.0,0.0,0.0,0.0,0.0,1.0,0.0,0.0,0.0,0.0,1.0,0.0,0.0,-2.799999952316284,4.9081621170043945,1.0],"ModelTags":["Model_TankLorry_Tank_0\u0000","Model_TankLorry_Tank_1\u0000","Model_TankLorry_Tank_2\u0000","Model_TankLorry_Tank_3\u0000"],"ObjectTag":"","Prototype_GameObject":"Prototype_GameObject_Special_TankLorry_Tank\u0000","RigidBody":{"ColliderType":7,"Density":10.0,"OriginTransform":[3.200000762939453,0.0,0.0,0.0,0.0,3.000000238418579,0.0,0.0,0.0,0.0,10.0,0.0,0.0,0.0,0.0,1.0],"ShapeType":0,"bKinematic":false,"bTrigger":false},"Transform":{"WorldMatrix":[0.00010579824447631836,-1.0,-0.00019181519746780396,0.0,0.9924485683441162,8.147954940795898e-05,0.1226620227098465,0.0,-0.1226620078086853,-0.0002033524215221405,0.9924484491348267,0.0,-99.58934020996094,1.7485817670822144,-17.149662017822266,1.0]}}