{
    "LocalMatrix": [
        3.0,
        0.0,
        0.0,
        0.0,
        0.0,
        5.0,
        0.0,
        0.0,
        0.0,
        0.0,
        5.0,
        0.0,
        0.0,
        -0.6000000238418579,
        0.10000000149011612,
        1.0
    ],
    "ModelTags": [
        "Model_HBeam_Single\u0000",
        "Model_HBeam_Single\u0000",
        "Model_HBeam_Single\u0000"
    ],
    "ObjectTag": "",
    "OptionalMatrix": [
        3.0,
        0.0,
        0.0,
        0.0,
        0.0,
        5.0,
        0.0,
        0.0,
        0.0,
        0.0,
        5.0,
        0.0,
        0.0,
        -0.6000000238418579,
        0.10000000149011612,
        1.0
    ],
    "Prototype_GameObject": "Prototype_GameObject_Special_DropObject_Single\u0000",
    "RigidBody": {
        "ColliderType": 7,
        "Density": 10.0,
        "OriginTransform": [
            10.0,
            0.0,
            0.0,
            0.0,
            0.0,
            1.2000000476837158,
            0.0,
            0.0,
            0.0,
            0.0,
            1.0,
            0.0,
            0.0,
            0.0,
            0.0,
            1.0
        ],
        "ShapeType": 0,
        "bKinematic": false,
        "bTrigger": false
    },
    "Transform": {
        "WorldMatrix": [
            2.423774480819702,
            -0.014750344678759575,
            1.7677950859069824,
            0.0,
            0.035634301602840424,
            4.9998674392700195,
            -0.007138692308217287,
            0.0,
            -2.9462125301361084,
            0.026765575632452965,
            4.039692401885986,
            0.0,
            3.046942710876465,
            0.5129444003105164,
            8.189108848571777,
            1.0
        ]
    }
}