{"LocalMatrix":[9.099629210140847e-07,1.6560627652192905e-12,-1.0,0.0,0.0,0.9999974966049194,1.656058645251035e-12,0.0,1.0,0.0,9.099629210140847e-07,0.0,0.0,-1.2999999523162842,0.0,1.0],"ModelTags":["Model_Container_01\u0000","Model_Container_02\u0000","Model_Container_03\u0000","Model_Container_04\u0000","Model_Container_05\u0000","Model_Container_06\u0000","Model_Container_01\u0000","Model_Container_02\u0000","Model_Container_03\u0000","Model_Container_04\u0000","Model_Container_05\u0000","Model_Container_06\u0000"],"ObjectTag":"","Prototype_GameObject":"Prototype_GameObject_Special_Container\u0000","RigidBody":{"ColliderType":4,"Density":10.0,"OriginTransform":[6.0,0.0,0.0,0.0,0.0,2.700000047683716,0.0,0.0,0.0,0.0,2.700000047683716,0.0,0.0,0.0,0.0,1.0],"ShapeType":0,"bKinematic":true,"bTrigger":false},"Transform":{"WorldMatrix":[0.14173144102096558,3.5454977478366345e-05,0.9899052381515503,0.0,1.033024182106601e-05,1.0,-3.7295591027941555e-05,0.0,-0.9899052381515503,1.551191962789744e-05,0.14173144102096558,0.0,-111.36397552490234,1.4999988079071045,-25.525007247924805,1.0]}}