{
    "LocalMatrix": [
        1.0,
        0.0,
        0.0,
        0.0,
        0.0,
        1.0,
        0.0,
        0.0,
        0.0,
        0.0,
        1.0,
        0.0,
        0.0,
        -0.10000000149011612,
        0.0,
        1.0
    ],
    "ModelTags": [
        "Model_HBeam_Single\u0000",
        "Model_HBeam_Single\u0000"
    ],
    "ObjectTag": "",
    "Prototype_GameObject": "Prototype_GameObject_Special_HBeam_Single\u0000",
    "RigidBody": {
        "ColliderType": 4,
        "Density": 10.0,
        "OriginTransform": [
            3.5,
            0.0,
            0.0,
            0.0,
            0.0,
            0.30000001192092896,
            0.0,
            0.0,
            0.0,
            0.0,
            0.30000001192092896,
            0.0,
            0.0,
            0.125,
            0.0,
            1.0
        ],
        "ShapeType": 0,
        "bKinematic": false,
        "bTrigger": false
    }
}