{"LocalMatrix":[1.0,0.0,0.0,0.0,0.0,1.0,0.0,0.0,0.0,0.0,1.0,0.0,0.0,-2.0999999046325684,4.800000190734863,1.0],"ModelTags":["Model_TankLorry_Trailer\u0000","Model_TankLorry_Trailer\u0000","Model_TankLorry_Tank_0\u0000","Model_TankLorry_Tank_1\u0000","Model_TankLorry_Tank_2\u0000","Model_TankLorry_Tank_3\u0000","Model_TankLorry_Trailer\u0000","Model_TankLorry_Tank_0\u0000","Model_TankLorry_Tank_1\u0000","Model_TankLorry_Tank_2\u0000","Model_TankLorry_Tank_3\u0000","Model_TankLorry_Trailer\u0000","Model_TankLorry_Tank_0\u0000","Model_TankLorry_Tank_1\u0000","Model_TankLorry_Tank_2\u0000","Model_TankLorry_Tank_3\u0000","Model_TankLorry_Trailer\u0000","Model_TankLorry_Tank_0\u0000","Model_TankLorry_Tank_1\u0000","Model_TankLorry_Tank_2\u0000","Model_TankLorry_Tank_3\u0000"],"ObjectTag":"","Prototype_GameObject":"Prototype_GameObject_Special_TankLorry_Trailer\u0000","RigidBody":{"ColliderType":7,"Density":10.0,"OriginTransform":[3.700000047683716,0.0,0.0,0.0,0.0,4.199999809265137,0.0,0.0,0.0,0.0,10.0,0.0,0.0,0.0,0.0,1.0],"ShapeType":0,"bKinematic":false,"bTrigger":false},"TankMatrix":[1.0,0.0,0.0,0.0,0.0,1.0,0.0,0.0,0.0,0.0,1.0,0.0,0.0,-2.0999999046325684,5.0,1.0],"Transform":{"WorldMatrix":[0.9004493951797485,-0.00038970063906162977,-0.4349607229232788,0.0,5.3905576351098716e-05,0.9999997019767761,-0.0007843496860004961,0.0,0.43496090173721313,0.0006828203913755715,0.9004490971565247,0.0,-106.10384368896484,2.2484989166259766,-20.228683471679688,1.0]}}