{"LocalMatrix":[1.0,0.0,0.0,0.0,0.0,1.0,0.0,0.0,0.0,0.0,1.0,0.0,0.0,0.0,0.0,1.0],"ModelTags":["Model_HBeam_Single\u0000","Model_HBeam_Single\u0000"],"ObjectTag":"","Prototype_GameObject":"Prototype_GameObject_Special_DropObject_Single\u0000","RigidBody":{"ColliderType":7,"Density":10.0,"OriginTransform":[3.4000000953674316,0.0,0.0,0.0,0.0,0.25,0.0,0.0,0.0,0.0,0.25,0.0,0.0,0.0,0.0,1.0],"ShapeType":0,"bKinematic":true,"bTrigger":false},"Transform":{"WorldMatrix":[1.0,0.0,0.0,0.0,0.0,1.0,0.0,0.0,0.0,0.0,1.0,0.0,3.0993127822875977,5.695802688598633,29.30908203125,1.0]}}