{"LocalMatrix":[1.0,0.0,0.0,0.0,0.0,-1.0,-1.8199258420281694e-06,0.0,0.0,1.8199258420281694e-06,-1.0,0.0,0.0,-5.5,0.0,1.0],"ModelTags":["Model_IronBars_Door\u0000"],"ObjectTag":"","Prototype_GameObject":"Prototype_GameObject_Special_IronBars_Door\u0000","RigidBody":{"ColliderType":7,"Density":10.0,"OriginTransform":[2.5,0.0,0.0,0.0,0.0,5.5,0.0,0.0,0.0,0.0,0.5,0.0,-1.2000000476837158,-2.7558693885803223,0.0,1.0],"ShapeType":0,"bKinematic":true,"bTrigger":false},"Transform":{"WorldMatrix":[1.0,0.0,0.0,0.0,0.0,1.0,0.0,0.0,0.0,0.0,1.0,0.0,-68.61517333984375,5.755316257476807,-34.896854400634766,1.0]}}