{
    "LocalMatrix": [
        1.0,
        0.0,
        0.0,
        0.0,
        0.0,
        1.0,
        0.0,
        0.0,
        0.0,
        0.0,
        1.0,
        0.0,
        0.0,
        0.0,
        0.0,
        1.0
    ],
    "ModelTags": [
        "Model_HBeam_Single\u0000"
    ],
    "ObjectTag": "",
    "Prototype_GameObject": "Prototype_GameObject_Special_HBeam_Single\u0000",
    "RigidBody": {
        "ColliderType": 4,
        "Density": 10.0,
        "OriginTransform": [
            0.5,
            0.0,
            0.0,
            0.0,
            0.0,
            2.0,
            0.0,
            0.0,
            0.0,
            0.0,
            1.0,
            0.0,
            0.0,
            0.125,
            0.0,
            1.0
        ],
        "ShapeType": 2,
        "bKinematic": true,
        "bTrigger": false
    },
    "Transform": {
        "WorldMatrix": [
            0.9999817609786987,
            -2.8276343073230237e-05,
            0.006037406623363495,
            0.0,
            2.723106081248261e-05,
            1.0,
            0.00017321674386039376,
            0.0,
            -0.006037411279976368,
            -0.00017304919310845435,
            0.9999817609786987,
            0.0,
            5.905665874481201,
            0.9999990463256836,
            8.319791793823242,
            1.0
        ]
    }
}