{"HeadMatrix":[1.0,0.0,0.0,0.0,0.0,1.0,0.0,0.0,0.0,0.0,1.0,0.0,0.0,0.6200000047683716,6.300000190734863,1.0],"LocalMatrix":[1.0,0.0,0.0,0.0,0.0,1.0,0.0,0.0,0.0,0.0,1.0,0.0,0.0,0.0,0.0,1.0],"ObjectTag":"","Prototype_GameObject":"Prototype_GameObject_Special_TankLorry\u0000","TrailerMatrix":[1.0,0.0,0.0,0.0,0.0,1.0,0.0,0.0,0.0,0.0,1.0,0.0,0.0,1.149999976158142,0.0,1.0],"Transform":{"WorldMatrix":[1.0,0.0,0.0,0.0,0.0,1.0,0.0,0.0,0.0,0.0,1.0,0.0,-135.79225158691406,1.1399929523468018,-14.10536003112793,1.0]}}