{"FOV":120.5,"Far":1000.0,"Height":1.0,"Near":0.10000000149011612,"ObjectTag":"ShadowCam","Prototype_GameObject":"Prototype_GameObject_Camera_Dynamic\u0000","Transform":{"WorldMatrix":[-0.8069993257522583,-9.89530235528946e-10,0.590551495552063,0.0,-0.4293418824672699,0.686618983745575,-0.5867034792900085,0.0,-0.4054838716983795,-0.727017343044281,-0.554101288318634,0.0,13.279365539550781,80.22280883789063,71.0635757446289,1.0]},"UseViewPortSize":false,"Width":1.0}