{"FOV":120.0,"Far":500.0,"Height":1.0,"Near":0.10000000149011612,"ObjectTag":"","Prototype_GameObject":"Prototype_GameObject_Camera_Dynamic\u0000","Transform":{"WorldMatrix":[-0.8184792399406433,-1.0244548320770264e-08,-0.5745387077331543,0.0,0.41527801752090454,0.6910542249679565,-0.591600775718689,0.0,0.39703717827796936,-0.7228039503097534,-0.565613329410553,0.0,-26.384363174438477,56.6812629699707,80.8007583618164,1.0]},"UseViewportSize":false,"Width":1.0}