{
    "RigidBody": {
        "ColliderType": 12,
        "Density": 10.0,
        "OriginTransform": [
            9.399999618530273,
            0.0,
            0.0,
            0.0,
            0.0,
            5.400000095367432,
            0.0,
            0.0,
            0.0,
            0.0,
            0.5,
            0.0,
            0.0,
            2.700000047683716,
            0.0,
            1.0
        ],
        "ShapeType": 0,
        "bKinematic": true,
        "bTrigger": false
    }
}