{"ObjectTag":"","Prototype_GameObject":"PlayerWeapon\u0000","RigidBody":{"ColliderType":2,"Density":10.0,"OriginTransform":[3.6398517977431766e-07,6.624164649964015e-13,-0.4000000059604645,0.0,-9.777068044058979e-12,1.0,1.6560321907180264e-12,0.0,0.4000000059604645,3.910827391095939e-12,3.6398517977431766e-07,0.0,0.0,0.0,-0.6499999761581421,1.0],"ShapeType":2,"bKinematic":false,"bTrigger":true},"Transform":{"WorldMatrix":[0.9999702572822571,-8.53798192110844e-05,0.007712299004197121,0.0,0.00011989766062470153,0.9999899864196777,-0.004475336521863937,0.0,-0.007711839862167835,0.0044761281460523605,0.9999602437019348,0.0,0.0339927077293396,0.5646985173225403,-0.971022367477417,1.0]}}