{"RigidBody":{"ColliderType":2,"Density":10.0,"OriginTransform":[3.6398517977431766e-07,6.624164649964015e-13,-0.4000000059604645,0.0,-1.9554136088117957e-11,2.0,3.312064381436053e-12,0.0,0.4000000059604645,3.910827391095939e-12,3.6398517977431766e-07,0.0,0.0,0.0,-0.6499999761581421,1.0],"ShapeType":2,"bKinematic":false,"bTrigger":true}}