{
    "ObjectTag": "",
    "Prototype_GameObject": "PlayerWeapon\u0000",
    "RigidBody": {
        "ColliderType": 2,
        "Density": 10.0,
        "OriginTransform": [
            1.8199258988715883e-07,
            3.3120823249820075e-13,
            -0.20000000298023224,
            0.0,
            -4.888534022029489e-12,
            0.5,
            8.280160953590132e-13,
            0.0,
            0.20000000298023224,
            1.9554136955479695e-12,
            1.8199258988715883e-07,
            0.0,
            0.0,
            0.0,
            -0.6499999761581421,
            1.0
        ],
        "ShapeType": 2,
        "bKinematic": false,
        "bTrigger": true
    },
    "Transform": {
        "WorldMatrix": [
            0.9999702572822571,
            -8.53798192110844e-05,
            0.007712299004197121,
            0.0,
            0.00011989766062470153,
            0.9999899864196777,
            -0.004475336521863937,
            0.0,
            -0.007711839862167835,
            0.0044761281460523605,
            0.9999602437019348,
            0.0,
            0.0339927077293396,
            0.5646985173225403,
            -0.971022367477417,
            1.0
        ]
    }
}