{"ObjectTag":"","Prototype_GameObject":"HanabiWeapon\u0000","RigidBody":{"ColliderType":2,"Density":10.0,"OriginTransform":[2.7298889904159296e-07,0.0,-0.30000001192092896,0.0,0.0,1.0,0.0,0.0,1.0,0.0,9.099629210140847e-07,0.0,0.0,0.0,-0.9281244277954102,1.0],"ShapeType":2,"bKinematic":false,"bTrigger":true},"Transform":{"WorldMatrix":[0.9999999403953552,0.0,0.0,0.0,0.0,1.0,0.0,0.0,0.0,0.0,1.0,0.0,0.0,0.0,0.0,1.0]}}