{"Density":0.009999999776482582,"FogColor":[0.6464539766311646,0.6441521048545837,0.6259751319885254],"FogHighlightColor":[0.800000011920929,0.699999988079071,0.4000000059604645],"HeightFalloff":0.05000000074505806,"StartDepth":5.0,"bFog":true}