{"Density":0.009999999776482582,"FogColor":[0.34495115280151367,0.24365486204624176,0.2174120396375656],"FogHighlightColor":[0.800000011920929,0.699999988079071,0.4000000059604645],"HeightFalloff":0.0010000000474974513,"StartDepth":50.0,"bFog":false}