{"Density":0.029999999329447746,"FogColor":[0.2371925413608551,0.2646596133708954,0.28845661878585815],"FogHighlightColor":[0.800000011920929,0.699999988079071,0.4000000059604645],"HeightFalloff":0.10000000149011612,"StartDepth":5.0,"bFog":true}