{"Density":0.009999999776482582,"FogColor":[0.3037823438644409,0.2768034040927887,0.25866273045539856],"FogHighlightColor":[0.800000011920929,0.699999988079071,0.4000000059604645],"HeightFalloff":0.20000000298023224,"StartDepth":7.0,"bFog":true}