{"Duration":4.139999866485596,"Events":[{"EventName":"BrainCrushDefaultCamStart","EventTime":0.0}],"KeyFrames":[{"FOV":60.0,"Position":[-0.2758694589138031,0.8571010231971741,-1.016886591911316],"Rotation":[-0.08646391332149506,-0.020859820768237114,-0.001810781774111092,0.9960349202156067],"Time":0.0},{"FOV":60.0,"Position":[-0.2520202696323395,1.1364809274673462,-0.8897914290428162],"Rotation":[-0.03448011353611946,-0.013304322957992554,-0.00045903181307949126,0.9993166923522949],"Time":0.10899999737739563}],"Name":"BrainCrush_DefaultCam","Near":0.10000000149011612,"TickPerSec":1.0}