{"Duration":2.450000047683716,"Events":[{"EventName":"StartDriveModeOpen","EventTime":0.0},{"EventName":"StartMaskOn","EventTime":0.8899999856948853}],"KeyFrames":[{"FOV":17.200000762939453,"Position":[-0.0030497584957629442,1.2856706380844116,0.9076255559921265],"Rotation":[0.0020433315075933933,0.9898462295532227,-0.14140601456165314,0.014303449541330338],"Time":0.0},{"FOV":17.200000762939453,"Position":[-0.0030497584957629442,1.2856706380844116,0.9076255559921265],"Rotation":[0.0020433315075933933,0.9898462295532227,-0.14140601456165314,0.014303449541330338],"Time":0.7950000166893005},{"FOV":17.200000762939453,"Position":[0.008509043604135513,1.2216137647628784,0.9126288890838623],"Rotation":[0.00048813220928423107,0.995449960231781,-0.09514760971069336,0.005107024684548378],"Time":2.450000047683716}],"Name":"DriveModeCam","Near":0.009999999776482582,"TickPerSec":1.0}