{"Duration":0.20000000298023224,"Events":[{"EventName":"StartDriveModeInsertCam","EventTime":0.0}],"KeyFrames":[{"FOV":60.0,"Position":[-0.31112632155418396,3.524138927459717,-8.996943473815918],"Rotation":[0.1094086617231369,0.016008777543902397,-0.0017622470622882247,0.9938663840293884],"Time":0.0},{"FOV":60.0,"Position":[-0.03137648105621338,1.588289737701416,-0.31538429856300354],"Rotation":[0.1094086617231369,0.016008777543902397,-0.0017622470622882247,0.9938663840293884],"Time":0.20000000298023224}],"Name":"DriveModeInsertCam","Near":0.10000000149011612,"TickPerSec":1.0}