{"Duration":3.0,"Events":[{"EventName":"em1100Intro","EventTime":0.0}],"KeyFrames":[{"FOV":60.0,"Position":[0.35924792289733887,1.6228291988372803,11.095797538757324],"Rotation":[-1.777309327949438e-15,0.0,-0.0,1.0],"Time":0.0}],"LookAt":[{"Position":[-0.6578729152679443,3.2729172706604004,0.0],"Time":0.0}],"Name":"em1100Intro","Near":0.10000000149011612,"TickPerSec":1.0}