{"Duration":24.280000686645508,"Events":[{"EventName":"em1200Change","EventTime":0.0},{"EventName":"em1200ChangeEnd","EventTime":24.280000686645508}],"KeyFrames":[{"FOV":60.0,"Position":[3.869169235229492,0.4423833191394806,8.088504791259766],"Rotation":[7.84629861625731e-14,0.0,-0.0,1.0],"Time":0.0}],"LookAt":[{"Position":[-4.233201026916504,2.1952567100524902,0.0],"Time":0.0}],"Name":"em1200Change","Near":0.10000000149011612,"TickPerSec":1.0}