{"Duration":5.0,"Events":[{"EventName":"em320Intro2","EventTime":0.0}],"KeyFrames":[{"FOV":60.0,"Position":[0.25742107629776,2.5589003562927246,6.192178249359131],"Rotation":[0.0009515246492810547,0.9955408573150635,0.09378407150506973,-0.010101115331053734],"Time":0.0}],"LookAt":[{"Position":[0.0,0.0,0.0],"Time":0.0}],"Name":"em320Intro2","Near":0.10000000149011612,"TickPerSec":1.0}