{"Duration":3.0,"Events":[{"EventName":"em320IntroEnd","EventTime":2.9100000858306885}],"KeyFrames":[{"FOV":60.0,"Position":[-0.01582697033882141,1.1807818412780762,11.967995643615723],"Rotation":[-4.4426399509872854e-15,0.0,-0.0,1.0],"Time":0.0}],"LookAt":[{"Position":[-0.42755115032196045,5.166022300720215,0.0],"Time":0.0}],"Name":"em320Intro","Near":0.10000000149011612,"TickPerSec":1.0}