{"Duration":4.0,"Events":[{"EventName":"em320Intro","EventTime":1.1829999685287476}],"KeyFrames":[{"FOV":60.0,"Position":[-1.6621229648590088,0.5130013823509216,16.895591735839844],"Rotation":[-0.009954595938324928,0.9899002313613892,0.0911126434803009,0.10815266519784927],"Time":1.1829999685287476}],"LookAt":[{"Position":[0.0,0.0,0.0],"Time":1.1829999685287476}],"Name":"em320Intro","Near":0.10000000149011612,"TickPerSec":1.0}