{"Duration":5.0,"Events":[],"KeyFrames":[{"FOV":10.0,"Position":[1.0800000429153442,0.9263920187950134,-0.6890047192573547],"Rotation":[9.553309884705388e-14,0.0,-0.0,1.0],"Time":0.0},{"FOV":20.0,"Position":[1.3556636571884155,0.9068667888641357,-0.9174947142601013],"Rotation":[-1.1598107728123114e-13,-5.289393825390691e-20,4.560566253530851e-07,1.0],"Time":2.134999990463257},{"FOV":59.20664596557617,"Position":[1.0468144416809082,0.9931874871253967,-0.7514203190803528],"Rotation":[-0.0,0.0,1.13320936634409e-06,1.0],"Time":4.959000110626221}],"LookAt":[{"Position":[0.0,1.6577178239822388,-0.15821929275989532],"Time":0.0},{"Position":[0.0,1.5910295248031616,-0.15807592868804932],"Time":4.188000202178955}],"Name":"Karen_BrainField_Trans","Near":0.10000000149011612,"TickPerSec":1.0}