{"Duration":5.0,"Events":[],"KeyFrames":[{"FOV":12.051522254943848,"Position":[1.0656238794326782,0.9223863482475281,-0.8506588339805603],"Rotation":[-0.0,0.0,-0.0,1.0],"Time":0.0},{"FOV":19.918094635009766,"Position":[1.2203960418701172,0.9070267081260681,-1.1133190393447876],"Rotation":[-0.0,0.0,7.26410462448257e-07,1.0],"Time":2.11299991607666},{"FOV":58.73461151123047,"Position":[0.9442476034164429,0.9921476244926453,-0.8854362368583679],"Rotation":[-2.619214253037766e-13,-4.0763320999884835e-19,1.556318693474168e-06,1.0],"Time":4.925000190734863}],"LookAt":[{"Position":[0.0,1.6577178239822388,-0.2156032919883728],"Time":0.0},{"Position":[0.0,1.4055323600769043,-0.2572266161441803],"Time":4.188000202178955}],"Name":"Karen_BrainField_Trans","Near":0.10000000149011612,"TickPerSec":1.0}