{"Duration":5.5,"Events":[],"KeyFrames":[{"FOV":60.0,"Position":[-0.2742879390716553,1.5450276136398315,0.31298115849494934],"Rotation":[4.74963655645172e-13,0.0,-0.0,1.0],"Time":0.0},{"FOV":60.0,"Position":[-0.1245366781949997,1.5534968376159668,0.2756730020046234],"Rotation":[-0.0,0.0,-0.0,1.0],"Time":1.13100004196167},{"FOV":60.0,"Position":[-0.15531955659389496,1.548634648323059,0.3367390036582947],"Rotation":[6.524112034032165e-14,0.0,-0.0,1.0],"Time":1.1319999694824219},{"FOV":60.0,"Position":[0.572267472743988,0.8407812714576721,7.431573867797852],"Rotation":[-0.0,0.0,-0.0,1.0],"Time":5.063000202178955}],"LookAt":[{"Position":[0.0,1.573006272315979,0.0313735231757164],"Time":0.0}],"Name":"Karen_Mask_On","Near":0.10000000149011612,"TickPerSec":1.0}