{"Duration":7.0,"Events":[{"EventName":"LookAtTest","EventTime":0.0}],"KeyFrames":[{"FOV":60.0,"Position":[1.752817153930664,2.1236765384674072,-1.296708583831787],"Rotation":[0.2490689605474472,-0.4266323447227478,0.12346699833869934,0.8606423735618591],"Time":0.0},{"FOV":60.0,"Position":[24.78074073791504,4.594789981842041,0.7087963223457336],"Rotation":[0.4243766665458679,-0.02063548006117344,0.009674490429461002,0.9051989316940308],"Time":2.5829999446868896}],"LookAt":[{"Position":[12.861817359924316,0.058227989822626114,24.274030685424805],"Time":0.0},{"Position":[-10.841121673583984,0.288947731256485,8.328737258911133],"Time":2.5439999103546143}],"Name":"LookAtTest","Near":0.10000000149011612,"TickPerSec":1.0}