{"BufferType":0,"BurstCnt":3,"ConeDirDegree":15.0,"ConeOriginRadius":0.15000000596046448,"Duration":5.0,"FromOrigin":true,"GravityPowerMinMax":[0.0,0.0],"IncreaseMaxSize":0.10000000149011612,"Life":1.0,"LifeMinMax":[0.5,1.0],"LifeRand":true,"Loop":true,"MeshBufferProtoTag":"","MeshSize":[1.0,1.0,1.0],"ObjectTag":"","Prototype_GameObject":"ProtoVFX_ParticleSystem\u0000","RotationToTimeMax":[45.0,45.0,45.0],"RotationToTimeMin":[10.0,10.0,10.0],"ScaleVariation":[1.0,1.0,1.0],"ShaderParams":{"Float2s":[],"Float4s":[[0.7432311773300171,0.05195605009794235,0.05195605009794235,0.0]],"Float4x4s":[],"Floats":[5.0],"Ints":[],"Pass":6,"Textures":["..\\Bin\\Resources\\Texture\\VFX\\T_White_01.png\u0000","..\\Bin\\Resources\\Texture\\VFX\\Cir_004.dds\u0000"]},"ShaderProtoTag":"Prototype_Component_Shader_VtxPointInstance_Particle","Shape":1,"SpawnTickTime":0.15000000596046448,"Speed":1.0,"SpeedMinMax":[2.0,3.0],"SpeedRand":true,"SphereRadius":4.0,"Transform":{"WorldMatrix":[0.9988471865653992,0.0,0.0,0.0,0.0,-4.371127459990021e-08,-0.9999974370002747,0.0,0.0,0.9999974370002747,-4.371127459990021e-08,0.0,0.0,0.0,0.0,1.0]},"bGravity":false,"bLocal":false,"bRotate":false,"bSizeDecreaseByLife":true,"bSizeIncreaseByLife":true,"pSize":[0.05000000074505806,0.05000000074505806]}