{"FOV":120.5,"Far":1000.0,"Height":1.0,"Near":0.10000000149011612,"ObjectTag":"ConstructionSite3F_ShadowCam","Prototype_GameObject":"Prototype_GameObject_Camera_Dynamic\u0000","Transform":{"WorldMatrix":[0.9496479034423828,9.313225746154785e-10,0.3133026659488678,0.0,-0.27930450439453125,0.4530392587184906,0.8466048836708069,0.0,-0.14193648099899292,-0.8914896249771118,0.43022674322128296,0.0,-9.031057357788086,122.72940826416016,-58.35721206665039,1.0]},"UseViewPortSize":false,"Width":1.0}