{"FOV":120.5,"Far":1000.0,"Height":1.0,"Near":0.10000000149011612,"ObjectTag":"ConstructionSite3F_ShadowCam","Prototype_GameObject":"Prototype_GameObject_Camera_Dynamic\u0000","Transform":{"WorldMatrix":[0.4325532615184784,-6.984920974950626e-10,-0.901597261428833,0.0,0.7772403955459595,0.5067934989929199,0.3728913962841034,0.0,0.45692819356918335,-0.8620617389678955,0.21921736001968384,0.0,-104.61495971679688,121.7211685180664,-44.61247253417969,1.0]},"UseViewPortSize":false,"Width":1.0}