{"FOV":120.5,"Far":1000.0,"Height":1.0,"Near":0.10000000149011612,"ObjectTag":"ShadowCam","Prototype_GameObject":"Prototype_GameObject_Camera_Dynamic\u0000","Transform":{"WorldMatrix":[0.4850728511810303,-4.889443516731262e-09,-0.874472975730896,0.0,0.7135089039802551,0.5781527161598206,0.39578598737716675,0.0,0.50557941198349,-0.8159283995628357,0.2804465889930725,0.0,-120.59366607666016,90.9968490600586,-161.87022399902344,1.0]},"UseViewPortSize":false,"Width":1.0}