{"FOV":120.5,"Far":1000.0,"Height":1.0,"Near":0.10000000149011612,"ObjectTag":"Hospital_1F_ShadowCam","Prototype_GameObject":"Prototype_GameObject_Camera_Dynamic\u0000","Transform":{"WorldMatrix":[-0.19149577617645264,-1.6007106751203537e-09,0.9814908504486084,0.0,-0.7804521322250366,0.6063872575759888,-0.15227022767066956,0.0,-0.5951622128486633,-0.7951705455780029,-0.11611992120742798,0.0,54.59064483642578,77.33971405029297,-95.42577362060547,1.0]},"UseViewPortSize":false,"Width":1.0}