{"FOV":119.9000015258789,"Far":1000.0,"Height":1.0,"Near":0.10000000149011612,"ObjectTag":"Hospital_1F_ShadowCam","Prototype_GameObject":"Prototype_GameObject_Camera_Dynamic\u0000","Transform":{"WorldMatrix":[0.7640159130096436,-1.3678796983995767e-09,-0.6451889276504517,0.0,0.517412006855011,0.5973869562149048,0.6127058267593384,0.0,0.38542860746383667,-0.8019480109214783,0.45641452074050903,0.0,-71.0008773803711,85.06159210205078,-12.97386360168457,1.0]},"UseViewPortSize":false,"Width":1.0}