{"FOV":90.80000305175781,"Far":1000.0,"Height":1.0,"Near":0.10000000149011612,"ObjectTag":"NaomiRoom_ShadowCam","Prototype_GameObject":"Prototype_GameObject_Camera_Dynamic\u0000","Transform":{"WorldMatrix":[-0.003574191592633724,-6.504763838677263e-09,0.9999909996986389,0.0,-0.9913382530212402,-0.13127188384532928,-0.0035432656295597553,0.0,0.131271094083786,-0.9913449287414551,0.0004691858193837106,0.0,-6.050639629364014,89.40187072753906,6.826186180114746,1.0]},"UseViewPortSize":false,"Width":1.0}