{"BilboardType":1,"BufferType":0,"BurstCnt":300,"ConeDirDegree":30.0,"ConeOriginRadius":1.0,"Curves":[{"Frames":[[0.0,38.0],[3.0,38.20000076293945],[-10000.0,16.999998092651367],[0.11999999731779099,50.0],[0.14249999821186066,16.999998092651367],[0.19499999284744263,50.0],[0.2849999964237213,50.0],[0.32999998331069946,17.19999885559082],[0.3824999928474426,49.83333206176758],[0.4050000309944153,17.299999237060547],[0.4724999964237213,50.0],[0.4724999964237213,17.400001525878906],[0.5550000071525574,50.0],[0.5774999856948853,17.400001525878906],[0.6375000476837158,50.0],[0.6675000190734863,17.16666603088379],[0.8400000333786011,50.0],[1.3050000667572021,50.0],[1.3050000667572021,19.999998092651367],[1.4249999523162842,50.0],[1.4625000953674316,20.33333396911621],[1.5149999856948853,50.0],[1.5975000858306885,21.0],[1.6649999618530273,50.0],[1.7774999141693115,20.33333396911621],[1.7774999141693115,50.0],[1.9199999570846558,20.33333396911621],[1.9199999570846558,50.0],[3.0,50.0],[-10000.0,0.0],[0.0,0.0],[0.0,0.0],[0.0,0.0],[0.0,0.0],[0.0,0.0],[0.0,0.0],[0.0,0.0],[0.0,0.0],[0.0,0.0],[0.0,0.0],[0.0,0.0],[0.0,0.0],[0.0,0.0],[0.0,0.0],[0.0,0.0],[0.0,0.0],[0.0,0.0],[0.0,0.0],[0.0,0.0],[0.0,0.0],[0.0,0.0],[0.0,0.0],[0.0,0.0],[0.0,0.0],[0.0,0.0],[0.0,0.0],[0.0,0.0],[0.0,0.0],[0.0,0.0],[0.0,0.0],[0.0,0.0],[0.0,0.0],[0.0,0.0],[0.0,0.0],[0.0,0.0],[0.0,0.0],[0.0,0.0],[0.0,0.0],[0.0,0.0],[0.0,0.0],[0.0,0.0],[0.0,0.0],[0.0,0.0],[0.0,0.0],[0.0,0.0],[0.0,0.0],[0.0,0.0],[0.0,0.0],[0.0,0.0],[0.0,0.0]],"Name":"ObjectScale_All","RangeMax":[3.0,60.0],"RangeMin":[0.0,0.0]},{"Frames":[[0.0,1.3333320617675781],[0.3149999976158142,18.5],[0.6075000166893005,5.333333969116211],[0.8250000476837158,19.0],[1.027500033378601,4.833334922790527],[1.2300000190734863,19.16666603088379],[1.3725000619888306,4.666665077209473],[1.6200001239776611,19.0],[1.7549998760223389,5.166667938232422],[1.9574999809265137,18.83333396911621],[2.129999876022339,6.0],[2.3625001907348633,19.999998092651367],[2.504999876022339,6.0],[2.7225000858306885,20.16666603088379],[3.0,6.0],[-10000.0,0.0],[0.0,0.0],[0.0,0.0],[0.0,0.0],[0.0,0.0],[0.0,0.0],[0.0,0.0],[0.0,0.0],[0.0,0.0],[0.0,0.0],[0.0,0.0],[0.0,0.0],[0.0,0.0],[0.0,0.0],[0.0,0.0],[0.0,0.0],[0.0,0.0],[0.0,0.0],[0.0,0.0],[0.0,0.0],[0.0,0.0],[0.0,0.0],[0.0,0.0],[0.0,0.0],[0.0,0.0],[0.0,0.0],[0.0,0.0],[0.0,0.0],[0.0,0.0],[0.0,0.0],[0.0,0.0],[0.0,0.0],[0.0,0.0],[0.0,0.0],[0.0,0.0],[0.0,0.0],[0.0,0.0],[0.0,0.0],[0.0,0.0],[0.0,0.0],[0.0,0.0],[0.0,0.0],[0.0,0.0],[0.0,0.0],[0.0,0.0],[0.0,0.0],[0.0,0.0],[0.0,0.0],[0.0,0.0],[0.0,0.0],[0.0,0.0],[0.0,0.0],[0.0,0.0],[0.0,0.0],[0.0,0.0],[0.0,0.0],[0.0,0.0],[0.0,0.0],[0.0,0.0],[0.0,0.0],[0.0,0.0],[0.0,0.0],[0.0,0.0],[0.0,0.0],[0.0,0.0]],"Name":"ObjectScale_Y","RangeMax":[3.0,50.0],"RangeMin":[0.0,0.0]}],"Duration":0.30000001192092896,"EndTime":3.0,"FinishFunc":1,"FromOrigin":true,"GravityPowerMinMax":[5.0,10.0],"IncreaseMaxSize":2.0,"Life":1.0,"LifeMinMax":[0.5,1.0],"LifeRand":true,"Loop":false,"MeshBufferProtoTag":"","MeshSize":[1.0,1.0,1.0],"ModelCurveProtoTag":"../Bin/Resources/Meshes/VFX/Effect_Twist/VFX_Mesh_Twist_01.static_model","ModelProtoTag":"../Bin/Resources/Meshes/VFX/Effect_Twist/VFX_Mesh_Twist_01.static_model","ObjectTag":"","Prototype_GameObject":"ProtoVFX_ParticleSystem\u0000","RandDirMax":[1.0,1.0,1.0],"RandDirMin":[0.0,0.0,0.0],"RotationToTimeMax":[0.0,0.0,0.0],"RotationToTimeMin":[0.0,0.0,0.0],"ScaleVariation":[1.0,1.0,1.0],"ShaderParams":{"Float2s":[],"Float4s":[[9.999999747378752e-05,9.998999303206801e-05,9.999163739848882e-05,1.0]],"Float4x4s":[],"Floats":[1.0,1.0],"Ints":[],"Pass":13,"Textures":["..\\Bin\\Resources\\Texture\\VFX\\T_White_01.png\u0000","..\\Bin\\Resources\\Texture\\VFX\\T_ef_mip_noi_002.png\u0000"]},"ShaderProtoTag":"Prototype_Component_Shader_VtxPointInstance_Particle","Shape":1,"SpawnTickTime":0.009999999776482582,"Speed":1.0,"SpeedMinMax":[0.009999999776482582,0.009999999776482582],"SpeedRand":true,"SphereDetail":false,"SphereRadius":4.0,"Transform":{"WorldMatrix":[76.4000015258789,0.0,0.0,0.0,0.0,6.0,0.0,0.0,0.0,0.0,76.4000015258789,0.0,0.0,-0.5,0.0,1.0]},"TurnAngle":0.0,"TurnAxis":[0.0,0.0,0.0],"UseMeshData":true,"VtxRangeRatioValue":1.0,"VtxRangeTimelineCurve":"Simple_Increase","VtxStartRatioValue":0.0,"VtxStartTimelineCurve":"Simple_Decrease","XDirCurveName":"","YDirCurveName":"","ZDirCurveName":"","bCurveDir":false,"bGravity":false,"bLocal":false,"bMeshCurve":true,"bNonAlpha":false,"bPhysX":false,"bRotate":false,"bSizeDecreaseByLife":false,"bSizeIncreaseByLife":false,"bTurn":false,"bUseMainCurve":true,"pSize":[2.0,2.0]}