{"BilboardType":2,"BufferType":1,"BurstCnt":3,"ConeDirDegree":60.0,"ConeOriginRadius":1.0,"Duration":3.0,"EndTime":0.0,"FinishFunc":1,"FromOrigin":true,"GravityPowerMinMax":[2.0,3.5],"IncreaseMaxSize":1.0,"Life":5.5,"LifeMinMax":[1.0,1.5],"LifeRand":true,"Loop":false,"MeshBufferProtoTag":"Prototype_Component_Obj_056_Mesh_Instance","MeshSize":[0.5,0.5,0.5],"ModelCurveProtoTag":"","ModelProtoTag":"","ObjectTag":"","Prototype_GameObject":"ProtoVFX_ParticleSystem\u0000","RandDirMax":[1.0,1.0,1.0],"RandDirMin":[0.0,0.0,0.0],"RotationToTimeMax":[45.0,15.0,65.0],"RotationToTimeMin":[0.0,0.0,0.0],"ScaleVariation":[0.10000000149011612,0.10000000149011612,0.10000000149011612],"ShaderParams":{"Float2s":[],"Float4s":[[0.13469630479812622,0.10497502982616425,0.0,1.0]],"Float4x4s":[],"Floats":[0.0,0.42100000381469727,0.3700000047683716,1.0,1.0],"Ints":[],"Pass":5,"Textures":["..\\Bin\\Resources\\Texture\\VFX\\T_en_RockE_AO.png\u0000","..\\Bin\\Resources\\Texture\\VFX\\T_en_RockE_NML.png\u0000"]},"ShaderProtoTag":"Prototype_Component_Shader_VtxMesh_Instance","Shape":1,"SpawnTickTime":0.20000000298023224,"Speed":1.0,"SpeedMinMax":[7.0,10.0],"SpeedRand":true,"SphereDetail":false,"SphereRadius":4.0,"Transform":{"WorldMatrix":[0.9118883609771729,0.06594695895910263,0.40508076548576355,0.0,-0.06026793643832207,0.9978108406066895,-0.026772333309054375,0.0,-0.40596839785575867,-3.7252887441496796e-09,0.9138866662979126,0.0,-6.212954521179199,0.0,-2.4387199878692627,1.0]},"TurnAngle":0.0,"TurnAxis":[0.0,0.0,0.0],"UseMeshData":false,"VtxRangeRatioValue":0.0,"VtxRangeTimelineCurve":"","VtxStartRatioValue":0.0,"VtxStartTimelineCurve":"","XDirCurveName":"","YDirCurveName":"","ZDirCurveName":"","bCurveDir":false,"bGravity":false,"bLocal":false,"bMeshCurve":false,"bNonAlpha":true,"bPhysX":true,"bRotate":true,"bSizeDecreaseByLife":false,"bSizeIncreaseByLife":false,"bTurn":false,"bUseMainCurve":false,"pSize":[0.10000000149011612,0.10000000149011612]}