{"BilboardType":2,"BufferType":1,"BurstCnt":3,"ConeDirDegree":60.0,"ConeOriginRadius":1.0,"Duration":0.30000001192092896,"EndTime":0.0,"FinishFunc":1,"FromOrigin":true,"GravityPowerMinMax":[2.0,3.5],"IncreaseMaxSize":1.0,"Life":5.5,"LifeMinMax":[1.0,1.5],"LifeRand":true,"Loop":false,"MeshBufferProtoTag":"Prototype_Component_Obj_056_Mesh_Instance","MeshSize":[0.5,0.5,0.5],"ModelCurveProtoTag":"","ModelProtoTag":"","ObjectTag":"","Prototype_GameObject":"ProtoVFX_ParticleSystem\u0000","RandDirMax":[1.0,1.0,1.0],"RandDirMin":[0.0,0.0,0.0],"RotationToTimeMax":[45.0,15.0,65.0],"RotationToTimeMin":[0.0,0.0,0.0],"ScaleVariation":[0.10000000149011612,0.10000000149011612,0.10000000149011612],"ShaderParams":{"Float2s":[],"Float4s":[[0.13469630479812622,0.10497502982616425,0.0,1.0]],"Float4x4s":[],"Floats":[0.0,0.42100000381469727,0.3700000047683716,1.0,1.0],"Ints":[],"Pass":5,"Textures":["..\\Bin\\Resources\\Texture\\VFX\\T_en_RockE_AO.png\u0000","..\\Bin\\Resources\\Texture\\VFX\\T_en_RockE_NML.png\u0000"]},"ShaderProtoTag":"Prototype_Component_Shader_VtxMesh_Instance","Shape":1,"SpawnTickTime":0.20000000298023224,"Speed":1.0,"SpeedMinMax":[7.0,10.0],"SpeedRand":true,"SphereDetail":false,"SphereRadius":4.0,"Transform":{"WorldMatrix":[0.3514392375946045,-0.21152076125144958,0.9119994044303894,0.0,-0.5502743721008301,0.741438627243042,0.38401085138320923,0.0,-0.7574207186698914,-0.6368087530136108,0.14417675137519836,0.0,-2.2892160415649414,0.0,2.697035789489746,1.0]},"TurnAngle":0.0,"TurnAxis":[0.0,0.0,0.0],"UseMeshData":false,"VtxRangeRatioValue":0.0,"VtxRangeTimelineCurve":"","VtxStartRatioValue":0.0,"VtxStartTimelineCurve":"","XDirCurveName":"","YDirCurveName":"","ZDirCurveName":"","bCurveDir":false,"bGravity":false,"bLocal":false,"bMeshCurve":false,"bNonAlpha":true,"bPhysX":true,"bRotate":true,"bSizeDecreaseByLife":false,"bSizeIncreaseByLife":false,"bTurn":false,"bUseMainCurve":false,"pSize":[0.10000000149011612,0.10000000149011612]}