{"BilboardType":2,"BufferType":1,"BurstCnt":2,"ConeDirDegree":70.0,"ConeOriginRadius":1.0,"Duration":3.0,"EndTime":0.0,"FinishFunc":1,"FromOrigin":true,"GravityPowerMinMax":[2.0,3.5],"IncreaseMaxSize":1.0,"Life":5.5,"LifeMinMax":[1.0,2.0],"LifeRand":true,"Loop":false,"MeshBufferProtoTag":"Prototype_Component_Obj_029_Mesh_Instance","MeshSize":[0.5,0.5,0.5],"ModelCurveProtoTag":"","ModelProtoTag":"","ObjectTag":"","Prototype_GameObject":"ProtoVFX_ParticleSystem\u0000","RandDirMax":[1.0,1.0,1.0],"RandDirMin":[0.0,0.0,0.0],"RotationToTimeMax":[0.0,0.0,0.0],"RotationToTimeMin":[0.0,0.0,0.0],"ScaleVariation":[0.10000000149011612,0.10000000149011612,0.10000000149011612],"ShaderParams":{"Float2s":[],"Float4s":[[0.1914304494857788,0.14919063448905945,0.0,1.0]],"Float4x4s":[],"Floats":[0.0,0.42100000381469727,0.3700000047683716,1.0,1.0],"Ints":[],"Pass":5,"Textures":["..\\Bin\\Resources\\Texture\\VFX\\T_en_RockE_AO.png\u0000","..\\Bin\\Resources\\Texture\\VFX\\T_en_RockE_NML.png\u0000"]},"ShaderProtoTag":"Prototype_Component_Shader_VtxMesh_Instance","Shape":1,"SpawnTickTime":0.10000000149011612,"Speed":1.0,"SpeedMinMax":[7.0,10.0],"SpeedRand":true,"SphereDetail":false,"SphereRadius":4.0,"Transform":{"WorldMatrix":[-0.09981880336999893,0.4649279713630676,0.8796979188919067,0.0,0.05242065340280533,0.8853439688682556,-0.46196380257606506,0.0,-0.9936223030090332,1.6689275526005076e-06,-0.11274661123752594,0.0,0.6907670497894287,-1.409241795539856,-7.222653388977051,1.0]},"TurnAngle":0.0,"TurnAxis":[0.0,0.0,0.0],"UseMeshData":false,"VtxRangeRatioValue":0.0,"VtxRangeTimelineCurve":"","VtxStartRatioValue":0.0,"VtxStartTimelineCurve":"","XDirCurveName":"","YDirCurveName":"","ZDirCurveName":"","bCurveDir":false,"bGravity":true,"bLocal":false,"bMeshCurve":false,"bNonAlpha":true,"bPhysX":true,"bRotate":true,"bSizeDecreaseByLife":false,"bSizeIncreaseByLife":false,"bTurn":false,"bUseMainCurve":false,"pSize":[0.10000000149011612,0.10000000149011612]}