{"ControlledRigidBody":{"ColliderType":1,"contactOffset":0.10000000149011612,"density":10.0,"height":1.0,"maxJumpHeight":3.0,"pushPower":100.0,"radius":1.7000000476837158,"slopeLimitDegree":45.0,"stepOffset":0.10000000149011612},"ObjectTag":"Bron_Jon","Prototype_GameObject":"BronJon\u0000","RigidBody":{"ColliderType":8,"Density":10.0,"OriginTransform":[1.600000023841858,0.0,0.0,0.0,0.0,1.600000023841858,0.0,0.0,0.0,0.0,1.600000023841858,0.0,0.0,0.0,0.0,1.0],"ShapeType":1,"bKinematic":true,"bTrigger":false},"Transform":{"WorldMatrix":[0.03792931139469147,0.0,-0.9992799162864685,0.0,0.0,1.0,0.0,0.0,0.9992799162864685,0.0,0.03792931139469147,0.0,-77.7802963256836,12.732999801635742,46.81238555908203,1.0]}}