{"BatchObjs":[{"JsonData":{"CurveSmooth":50.0,"ObjectTag":"","Points":[[-1.1052615642547607,0.14158058166503906,-1.4071412086486816,1.0],[-0.39770591259002686,-1.622640609741211,-4.442041397094727,1.0],[-0.6738888025283813,-2.2261219024658203,-9.183589935302734,1.0],[-0.6483653783798218,-2.2069272994995117,-11.617953300476074,1.0],[-0.8145605325698853,-2.5414071083068848,-13.081753730773926,1.0],[-0.5354393720626831,-2.2440719604492188,-14.151078224182129,1.0],[-0.5738692283630371,-2.011852264404297,-16.43060302734375,1.0],[-3.1381335258483887,-2.0658645629882813,-16.858959197998047,1.0],[-3.934644937515259,-1.8660907745361328,-16.6165771484375,1.0],[-4.800865650177002,-2.0371103286743164,-16.790912628173828,1.0],[-6.613580226898193,-2.1241798400878906,-16.907447814941406,1.0],[-10.077141761779785,-2.333022117614746,-16.88547134399414,1.0],[-13.599827766418457,-2.1519641876220703,-16.891033172607422,1.0],[-17.44496726989746,-2.1654129028320313,-16.901161193847656,1.0],[-21.145122528076172,-2.064427375793457,-16.82149887084961,1.0],[-23.726137161254883,-2.165111541748047,-16.896785736083984,1.0],[-28.316740036010742,-1.5943326950073242,-16.607254028320313,1.0],[-33.31621170043945,-1.5831594467163086,-16.82715606689453,1.0],[-32.831825256347656,-1.7279644012451172,-13.85559368133545,1.0],[-35.51245880126953,-1.7651424407958984,-13.512877464294434,1.0],[-38.67444610595703,-1.478529930114746,-13.600811958312988,1.0],[-40.95273971557617,-1.51959228515625,-13.598799705505371,1.0],[-43.81474685668945,-1.7375240325927734,-13.67020320892334,1.0],[-44.370784759521484,-1.5873050689697266,-16.775169372558594,1.0],[-46.019718170166016,-1.3912830352783203,-16.67028045654297,1.0],[-48.46809768676758,-1.6086721420288086,-16.69491958618164,1.0],[-50.994659423828125,-1.5278654098510742,-16.875953674316406,1.0],[-53.11821365356445,-1.3744487762451172,-16.893478393554688,1.0],[-54.657684326171875,-1.286698341369629,-16.869983673095703,1.0],[-55.135459899902344,-1.2500591278076172,-17.564048767089844,1.0],[-55.16261291503906,-1.258164405822754,-18.6214599609375,1.0],[-55.17481994628906,-1.2596321105957031,-21.41073226928711,1.0],[-55.226070404052734,-1.2732553482055664,-23.010684967041016,1.0],[-55.25544738769531,-1.2830371856689453,-27.471031188964844,1.0],[-57.12661361694336,-1.671182632446289,-27.904998779296875,1.0],[-58.62953567504883,-1.3428268432617188,-27.07439422607422,1.0],[-58.38064956665039,-1.984121322631836,-24.66292953491211,1.0],[-58.377685546875,-2.4429144859313965,-21.84246826171875,1.0],[-58.6640739440918,-2.39583158493042,-18.653491973876953,1.0],[-58.41581344604492,-1.8270816802978516,-17.193214416503906,1.0],[-58.61068344116211,-2.2694263458251953,-15.902813911437988,1.0],[-58.696983337402344,-2.350979804992676,-14.26905345916748,1.0],[-57.713623046875,-2.388033866882324,-13.532851219177246,1.0],[-54.95208740234375,-1.8483819961547852,-13.76491641998291,1.0],[-51.31117630004883,-2.3124008178710938,-13.77940845489502,1.0],[-51.61491012573242,-2.4064712524414063,-16.64007568359375,1.0],[-49.16847610473633,-2.2131452560424805,-16.899761199951172,1.0],[-46.874656677246094,-2.369039535522461,-16.904674530029297,1.0],[-45.27919387817383,-2.190378189086914,-16.806594848632813,1.0],[-43.93513107299805,-1.7630290985107422,-16.761058807373047,1.0],[-42.29563522338867,-2.21295166015625,-17.05135726928711,1.0],[-40.71391296386719,-2.2936019897460938,-16.84780502319336,1.0],[-39.957984924316406,-1.8455114364624023,-16.711315155029297,1.0],[-38.3566780090332,-2.310183525085449,-16.8939208984375,1.0],[-36.294654846191406,-2.437711238861084,-16.884273529052734,1.0],[-36.27541732788086,-2.5631914138793945,-17.5614013671875,1.0],[-37.43811798095703,-3.5551981925964355,-17.567977905273438,1.0],[-37.42585754394531,-5.124190330505371,-17.547588348388672,1.0],[-37.416927337646484,-6.479515075683594,-17.556621551513672,1.0],[-37.50709915161133,-6.612555980682373,-18.612415313720703,1.0],[-37.54457092285156,-8.947525024414063,-18.636707305908203,1.0],[-37.5214729309082,-10.417745590209961,-18.61184310913086,1.0],[-40.675106048583984,-10.864864349365234,-15.213210105895996,1.0],[-41.2176399230957,-10.534647941589355,-31.47018814086914,1.0],[-41.334415435791016,-10.341595649719238,-32.53866195678711,1.0],[-41.2930908203125,-7.999967575073242,-32.73295593261719,1.0],[-41.2738037109375,-7.652894020080566,-32.38405227661133,1.0],[-41.31322479248047,-6.1254096031188965,-32.447120666503906,1.0],[-41.30376434326172,-3.614027976989746,-32.49416732788086,1.0],[-40.409976959228516,-2.3264074325561523,-31.716541290283203,1.0],[-40.28981018066406,-2.3117456436157227,-29.228626251220703,1.0],[-40.437904357910156,-1.7344236373901367,-28.036041259765625,1.0],[-40.30281448364258,-2.305691719055176,-26.311607360839844,1.0],[-40.267330169677734,-2.3403358459472656,-22.91919708251953,1.0],[-43.67937088012695,-2.3972082138061523,-23.020816802978516,1.0],[-47.391658782958984,-3.1608262062072754,-23.532249450683594,1.0],[-49.8325309753418,-3.277693271636963,-23.7835693359375,1.0],[-52.89989471435547,-2.898850917816162,-24.19709014892578,1.0],[-54.825496673583984,-2.4778480529785156,-24.463085174560547,1.0],[-57.64011764526367,-2.243882179260254,-24.783180236816406,1.0],[-58.590789794921875,-2.32938289642334,-24.793357849121094,1.0],[-58.547828674316406,-2.394195556640625,-27.53289794921875,1.0],[-58.350608825683594,-1.716012954711914,-28.197696685791016,1.0],[-59.022769927978516,-1.8539447784423828,-28.961589813232422,1.0],[-60.761417388916016,-2.3850526809692383,-28.563167572021484,1.0],[-63.635589599609375,-2.4000396728515625,-28.45821762084961,1.0],[-67.42803192138672,-2.3549842834472656,-28.458351135253906,1.0],[-69.58952331542969,-2.2754783630371094,-28.590774536132813,1.0],[-69.85991668701172,-2.3120269775390625,-30.223888397216797,1.0],[-69.51488494873047,-2.3125925064086914,-31.762996673583984,1.0],[-67.39627075195313,-2.3669872283935547,-31.960556030273438,1.0],[-65.25453186035156,-2.446300983428955,-31.960418701171875,1.0],[-65.23596954345703,-2.4757776260375977,-32.59088134765625,1.0],[-65.20410919189453,-2.7850632667541504,-33.5089225769043,1.0],[-65.33850860595703,-5.853095054626465,-33.4796257019043,1.0],[-65.33287811279297,-6.417750835418701,-33.41265869140625,1.0],[-65.4134292602539,-7.400259494781494,-33.427207946777344,1.0],[-65.50201416015625,-9.009592056274414,-33.587196350097656,1.0],[-65.52883911132813,-10.420019149780273,-33.49884796142578,1.0],[-64.56458282470703,-10.673301696777344,-32.10775375366211,1.0],[-58.77418899536133,-10.539395332336426,-32.145137786865234,1.0],[-57.74992370605469,-10.417746543884277,-33.7105598449707,1.0],[-57.7300910949707,-2.217745780944824,-34.03614044189453,1.0],[-57.73284149169922,-2.190532684326172,-33.0330924987793,1.0],[-57.618804931640625,-2.2813005447387695,-32.50413131713867,1.0],[-55.37882614135742,-2.4556965827941895,-32.45868682861328,1.0],[-55.53989028930664,-2.448409080505371,-31.959205627441406,1.0],[-55.087982177734375,-2.330982208251953,-31.41870880126953,1.0],[-55.09423065185547,-2.271542549133301,-28.73577117919922,1.0],[-55.16602325439453,-4.197087287902832,-28.678733825683594,1.0],[-55.56108856201172,-3.6244935989379883,-28.707202911376953,1.0]],"Prototype_GameObject":"Prototype_RedString\u0000","Radius":0.029999999329447746,"Transform":{"WorldMatrix":[1.0,0.0,0.0,0.0,0.0,1.0,0.0,0.0,0.0,0.0,1.0,0.0,1.9609817266464233,10.367746353149414,-6.004548072814941,1.0]}},"Preset":{"JsonPath":"","Layer":"Layer_MapDecorate","ProtoTag":"Prototype_RedString"},"WorldMatrix":[1.0,0.0,0.0,0.0,0.0,1.0,0.0,0.0,0.0,0.0,1.0,0.0,1.9609817266464233,10.367746353149414,-6.004548072814941,1.0]}]}