{"BatchObjs":[{"JsonData":{"InvisibleWall":{"ObjectTag":"","Points":[[2.9568116664886475,-0.05000007152557373,-6.59969425201416,1.0],[2.7118113040924072,-0.0499996542930603,-22.431804656982422,1.0],[-6.401644706726074,-0.0499996542930603,-23.438072204589844,1.0],[-6.7312235832214355,-0.05000019073486328,-17.08962059020996,1.0],[-6.485811710357666,-0.05000007152557373,-6.694492340087891,1.0]],"Prototype_GameObject":"Prototype_InvisibleWall\u0000","SegmentSize":0.5,"Transform":{"WorldMatrix":[1.0,0.0,0.0,0.0,0.0,1.0,0.0,0.0,0.0,0.0,1.0,0.0,0.0,0.0,0.0,1.0]},"Visible":true},"ObjectTag":"InvisibleWall","Prototype_GameObject":"Prototype_SpawnTrigger\u0000","RigidBody":{"ColliderType":5,"Density":10.0,"OriginTransform":[9.0,0.0,0.0,0.0,0.0,10.0,0.0,0.0,0.0,0.0,3.0,0.0,0.0,0.0,0.0,1.0],"ShapeType":0,"bKinematic":false,"bTrigger":true},"SpawnEnemies":[[{"EnemyStat":{"AtkDamage":50,"HasCrushGage":false,"Level":2,"MaxCrushGage":400,"MaxHP":3000},"EnemyTag":"Monster_em200\u0000","WorldMatrix":[1.0,2.2814572730567306e-05,0.0001875879825092852,0.0,-2.196610876126215e-05,0.9999897480010986,-0.004521775059401989,0.0,-0.0001876892347354442,0.004521770402789116,0.9999897480010986,0.0,0.04998645558953285,-0.04622183367609978,-18.551219940185547,1.0]},{"EnemyStat":{"AtkDamage":50,"HasCrushGage":false,"Level":2,"MaxCrushGage":400,"MaxHP":3000},"EnemyTag":"Monster_em200\u0000","WorldMatrix":[1.0,2.2814572730567306e-05,0.0001875879825092852,0.0,-2.196610876126215e-05,0.9999897480010986,-0.004521775059401989,0.0,-0.0001876892347354442,0.004521770402789116,0.9999897480010986,0.0,-3.1366844177246094,-0.05000031739473343,-17.583751678466797,1.0]}],[]],"Transform":{"WorldMatrix":[1.0,0.0,0.0,0.0,0.0,1.0,0.0,0.0,0.0,0.0,1.0,0.0,-2.451752185821533,0.9799996018409729,-12.587040901184082,1.0]}},"Preset":{"JsonPath":"","Layer":"Layer_Trigger","ProtoTag":"Prototype_SpawnTrigger"},"WorldMatrix":[1.0,0.0,0.0,0.0,0.0,1.0,0.0,0.0,0.0,0.0,1.0,0.0,-2.451752185821533,0.9799996018409729,-12.587040901184082,1.0]}]}