{"BatchObjs":[{"JsonData":{"InvisibleWall":{"ObjectTag":"","Points":[[-66.37236022949219,-0.01999962329864502,-68.90922546386719,1.0],[-60.36360549926758,-0.03079509735107422,-68.98694610595703,1.0],[-52.74287414550781,-0.003931581974029541,-68.41729736328125,1.0],[-51.909080505371094,-0.05000030994415283,-63.18227767944336,1.0],[-45.67142868041992,-0.05000025033950806,-62.9149169921875,1.0],[-37.875953674316406,-0.05000019073486328,-62.49717712402344,1.0],[-37.32865905761719,-0.04999971389770508,-59.05451965332031,1.0],[-29.289018630981445,0.0016607046127319336,-58.88473129272461,1.0],[-21.97054672241211,0.0018292665481567383,-58.84498977661133,1.0],[-21.872098922729492,-0.05000025033950806,-62.65535354614258,1.0],[-20.867809295654297,-0.05000025033950806,-67.52715301513672,1.0],[-20.923704147338867,-0.04035067558288574,-74.16809844970703,1.0],[-21.300180435180664,-0.049000322818756104,-80.82026672363281,1.0],[-19.299463272094727,-0.046186864376068115,-89.5457992553711,1.0],[-17.921306610107422,-0.048999905586242676,-93.33499145507813,1.0],[-27.95720672607422,-0.05000036954879761,-93.41058349609375,1.0],[-35.47901916503906,-0.04737448692321777,-93.7626724243164,1.0],[-41.730186462402344,-0.0499996542930603,-93.78541564941406,1.0],[-47.81885528564453,-0.0499996542930603,-89.22064208984375,1.0],[-57.44596481323242,-0.04999959468841553,-88.55915832519531,1.0],[-65.20674133300781,-0.04999959468841553,-88.556396484375,1.0],[-65.9399185180664,-0.04999959468841553,-78.67721557617188,1.0]],"Prototype_GameObject":"Prototype_InvisibleWall\u0000","SegmentSize":0.5,"Transform":{"WorldMatrix":[1.0,0.0,0.0,0.0,0.0,1.0,0.0,0.0,0.0,0.0,1.0,0.0,0.0,0.0,0.0,1.0]},"Visible":true},"ObjectTag":"2ndTrigger_SecondWave","Prototype_GameObject":"Prototype_SpawnTrigger\u0000","RigidBody":{"ColliderType":5,"Density":10.0,"OriginTransform":[6.0,0.0,0.0,0.0,0.0,10.0,0.0,0.0,0.0,0.0,21.0,0.0,0.0,0.0,0.0,1.0],"ShapeType":0,"bKinematic":false,"bTrigger":true},"SpawnEnemies":[[{"EnemyStat":{"AtkDamage":50,"HasCrushGage":false,"Level":2,"MaxCrushGage":100,"MaxHP":3000},"EnemyTag":"Monster_em650\u0000","WorldMatrix":[0.6367334127426147,0.0,0.771083414554596,0.0,0.0034965514205396175,0.9999897480010986,-0.002887328388169408,0.0,-0.7710638046264648,0.004534522537142038,0.6367172002792358,0.0,-41.75721740722656,-0.04999982938170433,-74.2507553100586,1.0]},{"EnemyStat":{"AtkDamage":50,"HasCrushGage":false,"Level":2,"MaxCrushGage":100,"MaxHP":3000},"EnemyTag":"Monster_em650\u0000","WorldMatrix":[-0.5646834373474121,1.0276820603394299e-06,0.8253060579299927,0.0,0.003748795483261347,0.9999889135360718,0.002563721500337124,0.0,-0.8252848982810974,0.004541528411209583,-0.5646689534187317,0.0,-44.41707992553711,-0.05000028759241104,-82.42343139648438,1.0]},{"EnemyStat":{"AtkDamage":50,"HasCrushGage":false,"Level":2,"MaxCrushGage":100,"MaxHP":3000},"EnemyTag":"Monster_em650\u0000","WorldMatrix":[0.4239320755004883,1.0725685797297047e-06,0.9056896567344666,0.0,0.00410771369934082,0.9999771118164063,-0.0019239085959270597,0.0,-0.905666708946228,0.0045359088107943535,0.4239213168621063,0.0,-34.12001037597656,-0.03777812048792839,-84.16744232177734,1.0]}],[{"EnemyStat":{"AtkDamage":50,"HasCrushGage":false,"Level":2,"MaxCrushGage":400,"MaxHP":3000},"EnemyTag":"Monster_em200\u0000","WorldMatrix":[-0.951423704624176,2.7817784939543344e-05,0.30787429213523865,0.0,0.0014228175859898329,0.9999747276306152,0.004306580405682325,0.0,-0.3078717887401581,0.004535510670393705,-0.9514163136482239,0.0,-35.414344787597656,-0.02047792822122574,-68.4261474609375,1.0]},{"EnemyStat":{"AtkDamage":50,"HasCrushGage":false,"Level":2,"MaxCrushGage":400,"MaxHP":3000},"EnemyTag":"Monster_em200\u0000","WorldMatrix":[0.42052727937698364,2.281458546349313e-05,-0.9072793126106262,0.0,-0.004111980088055134,0.9999618530273438,-0.0018807725282385945,0.0,0.9072701930999756,0.004521757364273071,0.42052319645881653,0.0,-51.83952331542969,-0.05000035837292671,-77.25358581542969,1.0]},{"EnemyStat":{"AtkDamage":50,"HasCrushGage":false,"Level":2,"MaxCrushGage":100,"MaxHP":3000},"EnemyTag":"Monster_em650\u0000","WorldMatrix":[0.7368858456611633,0.0,-0.6760162115097046,0.0,-0.0030654696747660637,0.9999897480010986,-0.003341489704325795,0.0,0.6759997010231018,0.004534539766609669,0.7368678450584412,0.0,-44.43130111694336,-0.046999864280223846,-85.04200744628906,1.0]}]],"Transform":{"WorldMatrix":[1.0,0.0,0.0,0.0,0.0,1.0,0.0,0.0,0.0,0.0,1.0,0.0,-62.67073059082031,0.9500003457069397,-79.41034698486328,1.0]}},"Preset":{"JsonPath":"","Layer":"Layer_Trigger","ProtoTag":"Prototype_SpawnTrigger"},"WorldMatrix":[1.0,0.0,0.0,0.0,0.0,1.0,0.0,0.0,0.0,0.0,1.0,0.0,-62.67073059082031,0.9500003457069397,-79.41034698486328,1.0]}]}