{"BatchObjs":[{"JsonData":{"InvisibleWall":{"ObjectTag":"","Points":[[-65.13285064697266,8.995075225830078,-97.7972412109375,1.0],[-65.53852844238281,9.00178050994873,-108.49188995361328,1.0],[-65.99250030517578,8.995075225830078,-118.20915222167969,1.0],[-69.36325073242188,8.995075225830078,-119.7762451171875,1.0],[-79.49006652832031,8.995075225830078,-119.95416259765625,1.0],[-79.30430603027344,8.995075225830078,-132.662109375,1.0],[-80.61599731445313,9.005791664123535,-153.54464721679688,1.0],[-93.41548919677734,9.008999824523926,-153.27310180664063,1.0],[-94.16868591308594,9.010958671569824,-141.6048583984375,1.0],[-93.82574462890625,9.025066375732422,-131.23959350585938,1.0],[-93.76048278808594,8.976424217224121,-123.75559997558594,1.0],[-92.12300109863281,8.987882614135742,-110.87187194824219,1.0],[-78.9384994506836,8.987882614135742,-110.03507995605469,1.0],[-78.46711730957031,8.987882614135742,-98.58494567871094,1.0],[-72.12750244140625,8.997113227844238,-97.29489135742188,1.0]],"Prototype_GameObject":"Prototype_InvisibleWall\u0000","SegmentSize":0.5,"Transform":{"WorldMatrix":[1.0,0.0,0.0,0.0,0.0,1.0,0.0,0.0,0.0,0.0,1.0,0.0,0.0,0.0,0.0,1.0]},"Visible":true},"ObjectTag":"InvisibleWall","Prototype_GameObject":"Prototype_SpawnTrigger\u0000","RigidBody":{"ColliderType":5,"Density":10.0,"OriginTransform":[6.0,0.0,0.0,0.0,0.0,10.0,0.0,0.0,0.0,0.0,22.0,0.0,0.0,0.0,0.0,1.0],"ShapeType":0,"bKinematic":false,"bTrigger":true},"SpawnEnemies":[[{"EnemyStat":{"AtkDamage":50,"HasCrushGage":false,"Level":2,"MaxCrushGage":100,"MaxHP":3000},"EnemyTag":"Monster_em650\u0000","WorldMatrix":[0.9832156300544739,0.0,-0.18244804441928864,0.0,-0.0008273310377262533,0.9999897480010986,-0.004458500538021326,0.0,0.1824432611465454,0.004534539766609669,0.9831897616386414,0.0,-82.91898345947266,8.995075225830078,-140.63458251953125,1.0]},{"EnemyStat":{"AtkDamage":50,"HasCrushGage":false,"Level":2,"MaxCrushGage":100,"MaxHP":3000},"EnemyTag":"Monster_em650\u0000","WorldMatrix":[0.6704655885696411,0.0,-0.7419404983520508,0.0,-0.003364409087225795,0.9999897480010986,-0.003040298353880644,0.0,0.7419220209121704,0.004534540697932243,0.6704489588737488,0.0,-90.50835418701172,9.005965232849121,-132.123779296875,1.0]},{"EnemyStat":{"AtkDamage":50,"HasCrushGage":false,"Level":2,"MaxCrushGage":100,"MaxHP":10000},"EnemyTag":"Monster_em400\u0000","WorldMatrix":[0.7916358113288879,0.0,-0.6109638810157776,0.0,0.0,0.9999862313270569,0.0,0.0,0.6109235882759094,0.0,0.7915835976600647,0.0,-86.5267333984375,8.995074272155762,-123.11322021484375,1.0]},{"EnemyStat":{"AtkDamage":50,"HasCrushGage":false,"Level":2,"MaxCrushGage":100,"MaxHP":10000},"EnemyTag":"Monster_em400\u0000","WorldMatrix":[0.5473327040672302,-5.221649530540162e-07,-0.8368892669677734,0.0,2.881643013097346e-07,0.9999862313270569,-4.354650116056291e-07,0.0,0.8368348479270935,-2.8173134936082533e-09,0.5472971200942993,0.0,-83.60028076171875,9.045761108398438,-114.79405975341797,1.0]}],[{"EnemyStat":{"AtkDamage":50,"HasCrushGage":false,"Level":1,"MaxCrushGage":100,"MaxHP":1000},"EnemyTag":"Monster_em750\u0000","WorldMatrix":[0.9469687342643738,0.0,0.3213253915309906,0.0,0.0,1.0,0.0,0.0,-0.3213253915309906,0.0,0.9469687342643738,0.0,-83.07320404052734,10.464986801147461,-138.22291564941406,1.0]},{"EnemyStat":{"AtkDamage":50,"HasCrushGage":false,"Level":1,"MaxCrushGage":100,"MaxHP":1000},"EnemyTag":"Monster_em750\u0000","WorldMatrix":[0.5702685713768005,0.0,-0.821458101272583,0.0,0.0,1.0,0.0,0.0,0.821458101272583,0.0,0.5702685713768005,0.0,-89.18275451660156,10.025084495544434,-128.38938903808594,1.0]}],[]],"Transform":{"WorldMatrix":[1.0,0.0,0.0,0.0,0.0,1.0,0.0,0.0,0.0,0.0,1.0,0.0,-69.00045013427734,9.995075225830078,-108.24043273925781,1.0]}},"Preset":{"JsonPath":"","Layer":"Layer_Trigger","ProtoTag":"Prototype_SpawnTrigger"},"WorldMatrix":[1.0,0.0,0.0,0.0,0.0,1.0,0.0,0.0,0.0,0.0,1.0,0.0,-69.00045013427734,9.995075225830078,-108.24043273925781,1.0]}]}