{"BatchObjs":[{"JsonData":{"InvisibleWall":{"ObjectTag":"","Points":[[-74.25215148925781,18.055999755859375,-184.36973571777344,1.0],[-74.34623718261719,18.05841064453125,-193.15040588378906,1.0],[-74.4382095336914,18.05755615234375,-199.48236083984375,1.0],[-74.20243072509766,18.07353401184082,-206.43251037597656,1.0],[-76.9193115234375,18.06664276123047,-206.99063110351563,1.0],[-77.48931121826172,18.055999755859375,-212.43994140625,1.0],[-85.98977661132813,18.057329177856445,-212.7685546875,1.0],[-98.01753234863281,18.060466766357422,-212.6496124267578,1.0],[-110.41080474853516,18.062496185302734,-212.26866149902344,1.0],[-111.26868438720703,18.056800842285156,-205.81321716308594,1.0],[-117.6639633178711,18.044597625732422,-205.58212280273438,1.0],[-118.08233642578125,18.044597625732422,-198.87265014648438,1.0],[-117.4054183959961,18.044597625732422,-185.377197265625,1.0],[-108.50732421875,18.050708770751953,-184.21221923828125,1.0],[-94.67874908447266,18.049182891845703,-184.34228515625,1.0],[-82.9634780883789,18.044736862182617,-184.3855743408203,1.0]],"Prototype_GameObject":"Prototype_InvisibleWall\u0000","SegmentSize":0.5,"Transform":{"WorldMatrix":[1.0,0.0,0.0,0.0,0.0,1.0,0.0,0.0,0.0,0.0,1.0,0.0,0.0,0.0,0.0,1.0]},"Visible":true},"ObjectTag":"Invisible","Prototype_GameObject":"Prototype_SpawnTrigger\u0000","RigidBody":{"ColliderType":5,"Density":10.0,"OriginTransform":[15.0,0.0,0.0,0.0,0.0,15.0,0.0,0.0,0.0,0.0,15.0,0.0,0.0,0.0,0.0,1.0],"ShapeType":0,"bKinematic":false,"bTrigger":true},"SpawnEnemies":[[{"EnemyStat":{"AtkDamage":50,"HasCrushGage":false,"Level":2,"MaxCrushGage":400,"MaxHP":3000},"EnemyTag":"Monster_em200\u0000","WorldMatrix":[-0.39893269538879395,2.4409155230387114e-05,-0.9169761538505554,0.0,-0.0041395314037799835,0.9999735355377197,0.0018275313777849078,0.0,0.9169690608978271,0.004524997901171446,-0.3989294469356537,0.0,-93.65800476074219,18.044597625732422,-198.6735382080078,1.0]},{"EnemyStat":{"AtkDamage":50,"HasCrushGage":false,"Level":2,"MaxCrushGage":400,"MaxHP":3000},"EnemyTag":"Monster_em200\u0000","WorldMatrix":[0.40284964442253113,2.2814432668383233e-05,-0.9152657985687256,0.0,-0.004147437401115894,0.9999038577079773,-0.0018005496822297573,0.0,0.9152563810348511,0.0045217471197247505,0.4028456211090088,0.0,-97.18869018554688,18.044597625732422,-192.7964324951172,1.0]},{"EnemyStat":{"AtkDamage":50,"HasCrushGage":false,"Level":2,"MaxCrushGage":400,"MaxHP":3000},"EnemyTag":"Monster_em200\u0000","WorldMatrix":[0.5807123780250549,2.28144672291819e-05,-0.8141084313392639,0.0,-0.0036943377926945686,0.9999575614929199,-0.002607188653200865,0.0,0.8140999674797058,0.004521763883531094,0.5807065367698669,0.0,-103.7810287475586,18.044597625732422,-203.41600036621094,1.0]}],[{"EnemyStat":{"AtkDamage":50,"HasCrushGage":true,"Level":2,"MaxCrushGage":990,"MaxHP":1100},"EnemyTag":"Monster_em210\u0000","WorldMatrix":[-0.6972317695617676,-1.268910068574769e-06,-0.7168454527854919,0.0,-5.153199253982166e-07,1.0,-1.2689104096352821e-06,0.0,0.7168454527854919,-5.153198117113789e-07,-0.6972317695617676,0.0,-102.67620086669922,18.044597625732422,-199.3363800048828,1.0]},{"EnemyStat":{"AtkDamage":50,"HasCrushGage":true,"Level":2,"MaxCrushGage":990,"MaxHP":1100},"EnemyTag":"Monster_em210\u0000","WorldMatrix":[0.5685145854949951,0.0,-0.8226720690727234,0.0,0.0,1.0,0.0,0.0,0.8226720690727234,0.0,0.5685145854949951,0.0,-104.4876480102539,18.044597625732422,-191.801513671875,1.0]}],[{"EnemyStat":{"AtkDamage":50,"HasCrushGage":true,"Level":2,"MaxCrushGage":3000,"MaxHP":1100},"EnemyTag":"Monster_em110\u0000","WorldMatrix":[0.4128309190273285,0.0,-0.9108073115348816,0.0,0.0,1.0,0.0,0.0,0.9108073115348816,0.0,0.4128309190273285,0.0,-108.44207763671875,18.044597625732422,-195.27577209472656,1.0]}]],"Transform":{"WorldMatrix":[1.0,0.0,0.0,0.0,0.0,1.0,0.0,0.0,0.0,0.0,1.0,0.0,-81.96615600585938,18.509292602539063,-192.1185302734375,1.0]}},"Preset":{"JsonPath":"","Layer":"Layer_Trigger","ProtoTag":"Prototype_SpawnTrigger"},"WorldMatrix":[1.0,0.0,0.0,0.0,0.0,1.0,0.0,0.0,0.0,0.0,1.0,0.0,-81.96615600585938,18.509292602539063,-192.1185302734375,1.0]}]}