{"Curves":[],"End_Time":1.0,"Fifth_Directory":"","Finish_Function":0,"FirstEffect_Curves":[{"Frames":[[0.0,0.9133333563804626],[0.24285714328289032,0.7233333587646484],[0.47285714745521545,0.8600000143051147],[0.6585714221000671,0.7400000095367432],[1.0,0.8866666555404663],[-10000.0,0.0],[0.0,0.0],[0.0,0.0],[0.0,0.0],[0.0,0.0],[0.0,0.0],[0.0,0.0],[0.0,0.0],[0.0,0.0],[0.0,0.0],[0.0,0.0],[0.0,0.0],[0.0,0.0],[0.0,0.0],[0.0,0.0],[0.0,0.0],[0.0,0.0],[0.0,0.0],[0.0,0.0],[0.0,0.0],[0.0,0.0],[0.0,0.0],[0.0,0.0],[0.0,0.0],[0.0,0.0],[0.0,0.0],[0.0,0.0],[0.0,0.0],[0.0,0.0],[0.0,0.0],[0.0,0.0],[0.0,0.0],[0.0,0.0],[0.0,0.0],[0.0,0.0],[0.0,0.0],[0.0,0.0],[0.0,0.0],[0.0,0.0],[0.0,0.0],[0.0,0.0],[0.0,0.0],[0.0,0.0],[0.0,0.0],[0.0,0.0],[0.0,0.0],[0.0,0.0],[0.0,0.0],[0.0,0.0],[0.0,0.0],[0.0,0.0],[0.0,0.0],[0.0,0.0],[0.0,0.0],[0.0,0.0],[0.0,0.0],[0.0,0.0],[0.0,0.0],[0.0,0.0],[0.0,0.0],[0.0,0.0],[0.0,0.0],[0.0,0.0],[0.0,0.0],[0.0,0.0],[0.0,0.0],[0.0,0.0],[0.0,0.0],[0.0,0.0],[0.0,0.0],[0.0,0.0],[0.0,0.0],[0.0,0.0],[0.0,0.0],[0.0,0.0]],"Name":"ObjectScale_All","RangeMax":[1.0,1.0],"RangeMin":[0.0,0.0]},{"Frames":[[0.0,0.8833333253860474],[0.23571428656578064,0.7400000095367432],[0.49714285135269165,0.8533333539962769],[0.7485714554786682,0.7400000095367432],[1.0,0.8799999952316284],[-10000.0,0.025316456332802773],[0.2531645596027374,0.2531645596027374],[0.26582279801368713,0.26582279801368713],[0.27848100662231445,0.27848100662231445],[0.29113924503326416,0.29113924503326416],[0.3037974536418915,0.3037974536418915],[0.3164556920528412,0.3164556920528412],[0.3291139304637909,0.3291139304637909],[0.3417721390724182,0.3417721390724182],[0.3544303774833679,0.3544303774833679],[0.3670886158943176,0.3670886158943176],[0.37974682450294495,0.37974682450294495],[0.39240506291389465,0.39240506291389465],[0.40506330132484436,0.40506330132484436],[0.4177215099334717,0.4177215099334717],[0.4303797483444214,0.4303797483444214],[0.4430379867553711,0.4430379867553711],[0.4556961953639984,0.4556961953639984],[0.4683544337749481,0.4683544337749481],[0.4810126721858978,0.4810126721858978],[0.49367088079452515,0.49367088079452515],[0.5063291192054749,0.5063291192054749],[0.5189873576164246,0.5189873576164246],[0.5316455960273743,0.5316455960273743],[0.5443037748336792,0.5443037748336792],[0.5569620132446289,0.5569620132446289],[0.5696202516555786,0.5696202516555786],[0.5822784900665283,0.5822784900665283],[0.594936728477478,0.594936728477478],[0.607594907283783,0.607594907283783],[0.6202531456947327,0.6202531456947327],[0.6329113841056824,0.6329113841056824],[0.6455696225166321,0.6455696225166321],[0.6582278609275818,0.6582278609275818],[0.6708860993385315,0.6708860993385315],[0.6835442781448364,0.6835442781448364],[0.6962025165557861,0.6962025165557861],[0.7088607549667358,0.7088607549667358],[0.7215189933776855,0.7215189933776855],[0.7341772317886353,0.7341772317886353],[0.746835470199585,0.746835470199585],[0.7594936490058899,0.7594936490058899],[0.7721518874168396,0.7721518874168396],[0.7848101258277893,0.7848101258277893],[0.797468364238739,0.797468364238739],[0.8101266026496887,0.8101266026496887],[0.8227847814559937,0.8227847814559937],[0.8354430198669434,0.8354430198669434],[0.8481012582778931,0.8481012582778931],[0.8607594966888428,0.8607594966888428],[0.8734177350997925,0.8734177350997925],[0.8860759735107422,0.8860759735107422],[0.8987341523170471,0.8987341523170471],[0.9113923907279968,0.9113923907279968],[0.9240506291389465,0.9240506291389465],[0.9367088675498962,0.9367088675498962],[0.949367105960846,0.949367105960846],[0.9620253443717957,0.9620253443717957],[0.9746835231781006,0.9746835231781006],[0.9873417615890503,0.9873417615890503],[1.0,1.0],[1.0,1.0],[1.0,1.0],[1.0,1.0],[1.0,1.0],[1.0,1.0],[1.0,1.0],[1.0,1.0],[1.0,1.0],[1.0,1.0],[1.0,1.0],[1.0,1.0],[1.0,1.0],[1.0,1.0],[1.0,1.0]],"Name":"ObjectScale_X","RangeMax":[1.0,1.0],"RangeMin":[0.0,0.0]},{"Frames":[[0.0,0.9133333563804626],[0.20714285969734192,0.6499999761581421],[0.41857144236564636,1.0],[0.6371428370475769,0.5699999928474426],[1.0,0.9099999666213989],[-10000.0,6.490945816040039e-05],[0.11392402648925781,0.00591433048248291],[0.12658226490020752,0.008112967014312744],[0.13924050331115723,0.010798335075378418],[0.15189874172210693,0.014019191265106201],[0.16455698013305664,0.017824172973632813],[0.17721521854400635,0.02226191759109497],[0.18987339735031128,0.027381181716918945],[0.202531635761261,0.033230602741241455],[0.2151898741722107,0.03985893726348877],[0.2278481125831604,0.04731470346450806],[0.2405063509941101,0.05564671754837036],[0.25316452980041504,0.06490355730056763],[0.26582276821136475,0.07513397932052612],[0.27848100662231445,0.08638668060302734],[0.29113924503326416,0.09871023893356323],[0.30379748344421387,0.11215341091156006],[0.3164557218551636,0.12676483392715454],[0.3291139006614685,0.1425931453704834],[0.3417721390724182,0.15968716144561768],[0.3544303774833679,0.17809545993804932],[0.3670886158943176,0.19786673784255981],[0.37974685430526733,0.2190496325492859],[0.39240509271621704,0.2416929006576538],[0.405063271522522,0.26584506034851074],[0.4177215099334717,0.2915549874305725],[0.4303797483444214,0.31887131929397583],[0.4430379867553711,0.3478426933288574],[0.4556962251663208,0.3785178065299988],[0.46835440397262573,0.4109451174736023],[0.48101264238357544,0.4451736807823181],[0.49367088079452515,0.48125195503234863],[0.5063291192054749,0.5187480449676514],[0.5189872980117798,0.5548262596130371],[0.5316455364227295,0.5890548229217529],[0.5443037748336792,0.621482253074646],[0.5569620132446289,0.6521573066711426],[0.5696202516555786,0.6811286807060242],[0.5822784900665283,0.7084449529647827],[0.594936728477478,0.7341548800468445],[0.6075949668884277,0.758307158946991],[0.6202532052993774,0.7809504270553589],[0.6329113841056824,0.802133321762085],[0.6455696225166321,0.8219045400619507],[0.6582278609275818,0.8403128385543823],[0.6708860397338867,0.8574067950248718],[0.6835442781448364,0.8732351660728455],[0.6962025165557861,0.8878465890884399],[0.7088607549667358,0.9012897610664368],[0.7215189933776855,0.9136133193969727],[0.7341772317886353,0.9248659610748291],[0.746835470199585,0.9350963830947876],[0.7594936490058899,0.9443532824516296],[0.7721518874168396,0.9526852965354919],[0.7848101258277893,0.9601410627365112],[0.797468364238739,0.9667693376541138],[0.8101266026496887,0.972618818283081],[0.8227847814559937,0.977738082408905],[0.8354430198669434,0.9821758270263672],[0.8481012582778931,0.9859808087348938],[0.8607594966888428,0.9892016649246216],[0.8734177350997925,0.9918870329856873],[0.8860759735107422,0.9940856695175171],[0.8987341523170471,0.995846152305603],[0.9113923907279968,0.9972172379493713],[0.9240506291389465,0.9982476234436035],[0.9367088675498962,0.9989858865737915],[0.949367105960846,0.9994807839393616],[0.9620253443717957,0.9997809529304504],[0.9746835231781006,0.9999350905418396],[0.9873417615890503,0.9999918937683105],[1.0,1.0],[1.0,1.0],[1.0,1.0],[1.0,1.0]],"Name":"ObjectScale_Y","RangeMax":[1.0,1.0],"RangeMin":[0.0,0.0]}],"First_Directory":"../Bin/Resources/VFX/EffectSystem/Monster_Effect/em0320_Bullet.json","Fourth_Directory":"","ObjectTag":"em0320_Bullet","Prototype_GameObject":"ProtoVFX_EffectGroup\u0000","Second_Directory":"","Third_Directory":"","Transform":{"WorldMatrix":[1.0,0.0,0.0,0.0,0.0,1.0,0.0,0.0,0.0,0.0,1.0,0.0,0.0,0.0,0.0,1.0]}}