{"Curves":[],"End_Time":3.0,"Fifth_Directory":"","Finish_Function":1,"FirstEffect_Curves":[{"Frames":[[0.0,0.029999971389770508],[0.26249998807907104,0.9900000095367432],[0.5849999785423279,0.49000000953674316],[0.8700000047683716,1.0],[1.0425000190734863,0.3700000047683716],[1.4474999904632568,0.9333333373069763],[1.6050000190734863,0.4100000262260437],[1.8000000715255737,1.0],[2.0850000381469727,0.4233333468437195],[2.4000000953674316,1.0],[3.0,0.0],[-10000.0,0.0],[0.0,0.0],[0.0,0.0],[0.0,0.0],[0.0,0.0],[0.0,0.0],[0.0,0.0],[0.0,0.0],[0.0,0.0],[0.0,0.0],[0.0,0.0],[0.0,0.0],[0.0,0.0],[0.0,0.0],[0.0,0.0],[0.0,0.0],[0.0,0.0],[0.0,0.0],[0.0,0.0],[0.0,0.0],[0.0,0.0],[0.0,0.0],[0.0,0.0],[0.0,0.0],[0.0,0.0],[0.0,0.0],[0.0,0.0],[0.0,0.0],[0.0,0.0],[0.0,0.0],[0.0,0.0],[0.0,0.0],[0.0,0.0],[0.0,0.0],[0.0,0.0],[0.0,0.0],[0.0,0.0],[0.0,0.0],[0.0,0.0],[0.0,0.0],[0.0,0.0],[0.0,0.0],[0.0,0.0],[0.0,0.0],[0.0,0.0],[0.0,0.0],[0.0,0.0],[0.0,0.0],[0.0,0.0],[0.0,0.0],[0.0,0.0],[0.0,0.0],[0.0,0.0],[0.0,0.0],[0.0,0.0],[0.0,0.0],[0.0,0.0],[0.0,0.0],[0.0,0.0],[0.0,0.0],[0.0,0.0],[0.0,0.0],[0.0,0.0],[0.0,0.0],[0.0,0.0],[0.0,0.0],[0.0,0.0],[0.0,0.0],[0.0,0.0]],"Name":"Floats_0","RangeMax":[3.0,1.0],"RangeMin":[0.0,0.0]},{"Frames":[[0.0,8.700000762939453],[0.044999998062849045,15.0],[0.044999998062849045,4.149999618530273],[0.1574999988079071,15.0],[0.1574999988079071,4.599999904632568],[0.2175000011920929,15.0],[0.2175000011920929,4.049999713897705],[0.3374999761581421,14.899999618530273],[0.3374999761581421,4.199999809265137],[0.4424999952316284,15.0],[0.4424999952316284,3.999999761581421],[0.5550000071525574,15.0],[0.5550000071525574,3.799999952316284],[0.6525000333786011,15.0],[0.6525000333786011,3.799999952316284],[0.75,15.0],[0.75,3.799999952316284],[0.8925000429153442,15.0],[0.8925000429153442,3.8499999046325684],[1.034999966621399,15.0],[1.034999966621399,3.9499998092651367],[1.1475000381469727,15.0],[1.1475000381469727,3.75],[1.2750000953674316,15.0],[1.2750000953674316,3.8499999046325684],[1.409999966621399,15.0],[1.409999966621399,3.700000047683716],[1.5525000095367432,15.0],[1.5525000095367432,3.450000286102295],[1.7024999856948853,15.0],[1.7024999856948853,3.6500000953674316],[1.815000057220459,15.0],[1.815000057220459,3.3000004291534424],[1.9199999570846558,15.0],[1.9199999570846558,3.3500003814697266],[2.0174999237060547,15.0],[2.0174999237060547,3.3500003814697266],[2.115000009536743,15.0],[2.115000009536743,3.500000238418579],[2.2274999618530273,15.0],[2.2274999618530273,3.249999523162842],[2.3324999809265137,15.0],[2.3324999809265137,3.249999523162842],[2.4375,15.0],[2.4375,3.249999523162842],[2.5124998092651367,15.0],[2.5124998092651367,3.1499996185302734],[2.572499990463257,15.0],[2.5799999237060547,3.1999995708465576],[2.6624999046325684,15.0],[2.6624999046325684,3.3500003814697266],[2.7375001907348633,15.0],[2.7375001907348633,3.6500000953674316],[2.805000066757202,15.0],[2.805000066757202,3.9499998092651367],[3.0,15.0],[-10000.0,0.0],[0.0,0.0],[0.0,0.0],[0.0,0.0],[0.0,0.0],[0.0,0.0],[0.0,0.0],[0.0,0.0],[0.0,0.0],[0.0,0.0],[0.0,0.0],[0.0,0.0],[0.0,0.0],[0.0,0.0],[0.0,0.0],[0.0,0.0],[0.0,0.0],[0.0,0.0],[0.0,0.0],[0.0,0.0],[0.0,0.0],[0.0,0.0],[0.0,0.0],[0.0,0.0]],"Name":"ObjectScale_All","RangeMax":[3.0,15.0],"RangeMin":[0.0,0.0]}],"First_Directory":"../Bin/Resources/VFX/EffectSystem/Monster_Effect/em1200_Fear.json","Fourth_Directory":"","ObjectTag":"em1200_Fear","Prototype_GameObject":"ProtoVFX_EffectGroup\u0000","Second_Directory":"","Third_Directory":"","Transform":{"WorldMatrix":[1.0,0.0,0.0,0.0,0.0,1.0,0.0,0.0,0.0,0.0,1.0,0.0,0.0,0.0,0.0,1.0]}}