{"BatchObjs":[{"JsonData":{"InvisibleWall":{"ObjectTag":"","Points":[[-9.168882369995117,-5.439999580383301,-0.02833438292145729,1.0],[-10.888535499572754,-5.44950008392334,-0.0409398078918457,1.0],[-12.241921424865723,-5.449500560760498,-0.9141964912414551,1.0],[-17.010570526123047,-5.442948818206787,-0.9220085144042969,1.0],[-25.01572036743164,-5.449497699737549,-0.9792461395263672,1.0],[-27.40533447265625,-5.449498176574707,-0.9514422416687012,1.0],[-27.412683486938477,-5.449501037597656,4.538689136505127,1.0],[-27.39963722229004,-5.44950008392334,10.012787818908691,1.0],[-27.41952133178711,-5.449499130249023,15.39189338684082,1.0],[-27.427913665771484,-5.449497699737549,23.897397994995117,1.0],[-27.422508239746094,-5.449496746063232,29.682165145874023,1.0],[-25.7044734954834,-5.449497699737549,31.29729461669922,1.0],[-20.842226028442383,-5.449497222900391,31.298145294189453,1.0],[-15.040815353393555,-5.449585914611816,31.31325912475586,1.0],[-12.243850708007813,-5.449576377868652,31.000280380249023,1.0],[-10.924524307250977,-5.44957160949707,30.02884292602539,1.0],[-9.083742141723633,-5.439993381500244,30.027664184570313,1.0],[-7.410640716552734,-5.43163537979126,31.03662109375,1.0],[-3.2092819213867188,-5.449544906616211,31.04433250427246,1.0],[2.3612499237060547,-5.449525356292725,31.05840492248535,1.0],[6.490012168884277,-5.434000015258789,31.039247512817383,1.0],[6.468250274658203,-5.449497222900391,26.736186981201172,1.0],[6.442999362945557,-5.449498176574707,21.2747745513916,1.0],[6.802011966705322,-5.44950008392334,11.154748916625977,1.0],[7.127275466918945,-5.449497222900391,-0.5576763153076172,1.0],[4.343952178955078,-5.449497699737549,-1.6585118770599365,1.0],[-1.5703563690185547,-5.449498653411865,-1.6982676982879639,1.0],[-5.86406135559082,-5.436424732208252,-1.622549057006836,1.0],[-7.861374855041504,-5.449499607086182,-0.911778450012207,1.0]],"Prototype_GameObject":"Prototype_InvisibleWall\u0000","SegmentSize":0.5,"Transform":{"WorldMatrix":[1.0,0.0,0.0,0.0,0.0,1.0,0.0,0.0,0.0,0.0,1.0,0.0,0.0,0.0,0.0,1.0]},"Visible":true},"ObjectTag":"Invisible","Prototype_GameObject":"Prototype_SpawnTrigger\u0000","RigidBody":{"ColliderType":5,"Density":10.0,"OriginTransform":[14.0,0.0,0.0,0.0,0.0,10.0,0.0,0.0,0.0,0.0,27.0,0.0,0.0,0.0,0.0,1.0],"ShapeType":0,"bKinematic":false,"bTrigger":true},"SpawnEnemies":[[{"EnemyStat":{"AtkDamage":50,"HasCrushGage":false,"Level":2,"MaxCrushGage":100,"MaxHP":3000},"EnemyTag":"Monster_em650\u0000","WorldMatrix":[-0.597295880317688,1.0870343203350785e-06,-0.8020201325416565,0.0,-0.003635767847299576,0.999980092048645,0.0027090543881058693,0.0,0.8019991517066956,0.004534037783741951,-0.5972803235054016,0.0,-19.304113388061523,-5.275867462158203,25.505619049072266,1.0]},{"EnemyStat":{"AtkDamage":50,"HasCrushGage":false,"Level":2,"MaxCrushGage":100,"MaxHP":10000},"EnemyTag":"Monster_em400\u0000","WorldMatrix":[0.49095284938812256,-2.0379145553306444e-06,-0.8711661696434021,0.0,6.1363539316516835e-06,0.9999862313270569,1.118929958465742e-06,0.0,0.8711085319519043,-5.8948171499650925e-06,0.49092036485671997,0.0,-18.078367233276367,-5.249473571777344,21.636472702026367,1.0]},{"EnemyStat":{"AtkDamage":50,"HasCrushGage":false,"Level":2,"MaxCrushGage":100,"MaxHP":10000},"EnemyTag":"Monster_em400\u0000","WorldMatrix":[0.5467073917388916,-0.0,0.8373034000396729,0.0,0.0,0.9999862313270569,0.0,0.0,-0.8372477889060974,0.0,0.5466710925102234,0.0,1.2871885299682617,-5.22361421585083,4.99519157409668,1.0]}],[{"EnemyStat":{"AtkDamage":50,"HasCrushGage":false,"Level":1,"MaxCrushGage":100,"MaxHP":20000},"EnemyTag":"Monster_em750\u0000","WorldMatrix":[-0.8486775755882263,-3.567935209503048e-06,0.5289087891578674,0.0,-1.008465733320918e-05,1.0,-9.435819265490863e-06,0.0,-0.5289087891578674,-1.3341831618163269e-05,-0.8486775755882263,0.0,0.9546060562133789,-4.1037821769714355,24.65668487548828,1.0]},{"EnemyStat":{"AtkDamage":50,"HasCrushGage":true,"Level":2,"MaxCrushGage":2500,"MaxHP":3000},"EnemyTag":"Monster_em700\u0000","WorldMatrix":[0.2211388349533081,-3.274680693721166e-06,-0.9752398729324341,0.0,4.0318118408322334e-06,1.0,-2.443594212309108e-06,0.0,0.9752335548400879,-3.391587597434409e-06,0.2211373895406723,0.0,-19.745758056640625,-4.460740566253662,14.701576232910156,1.0]}]],"Transform":{"WorldMatrix":[1.0,0.0,0.0,0.0,0.0,1.0,0.0,0.0,0.0,0.0,1.0,0.0,-9.930817604064941,-4.577444076538086,15.11358642578125,1.0]}},"Preset":{"JsonPath":"","Layer":"Layer_Trigger","ProtoTag":"Prototype_SpawnTrigger"},"WorldMatrix":[1.0,0.0,0.0,0.0,0.0,1.0,0.0,0.0,0.0,0.0,1.0,0.0,-9.930817604064941,-4.577444076538086,15.11358642578125,1.0]}]}