{"BatchObjs":[{"JsonData":{"ObjectTag":"FirstSpawn","Prototype_GameObject":"Prototype_SpawnTrigger\u0000","RigidBody":{"ColliderType":5,"Density":10.0,"OriginTransform":[5.0,0.0,0.0,0.0,0.0,5.0,0.0,0.0,0.0,0.0,10.0,0.0,0.0,0.0,0.0,1.0],"ShapeType":0,"bKinematic":false,"bTrigger":true},"SpawnEnemies":[[{"EnemyStat":{"AtkDamage":50,"HasCrushGage":false,"Level":2,"MaxCrushGage":400,"MaxHP":3000},"EnemyTag":"Monster_em200\u0000","WorldMatrix":[0.30743709206581116,2.2814640033175237e-05,0.9515680074691772,0.0,0.004295700695365667,0.9999775886535645,-0.0014118505641818047,0.0,-0.9515582919120789,0.00452176108956337,0.3074338436126709,0.0,-65.92597198486328,-5.449499607086182,11.902565002441406,1.0]},{"EnemyStat":{"AtkDamage":50,"HasCrushGage":false,"Level":2,"MaxCrushGage":400,"MaxHP":3000},"EnemyTag":"Monster_em200\u0000","WorldMatrix":[-0.05113033205270767,2.2901334887137637e-05,0.9986892938613892,0.0,0.004518695175647736,0.9999867677688599,0.0002084145526168868,0.0,-0.9986786842346191,0.004523440729826689,-0.05112989619374275,0.0,-68.07128143310547,-5.449498653411865,20.02589988708496,1.0]},{"EnemyStat":{"AtkDamage":50,"HasCrushGage":false,"Level":2,"MaxCrushGage":400,"MaxHP":3000},"EnemyTag":"Monster_em200\u0000","WorldMatrix":[0.20695824921131134,2.3713455448159948e-05,0.9783483147621155,0.0,0.004424631595611572,0.9999806880950928,-0.000960217381361872,0.0,-0.9783380627632141,0.004527595825493336,0.20695596933364868,0.0,-62.52277755737305,-5.449499607086182,15.060266494750977,1.0]}]],"Transform":{"WorldMatrix":[1.0,0.0,0.0,0.0,0.0,1.0,0.0,0.0,0.0,0.0,1.0,0.0,-81.96318054199219,-4.449499130249023,14.63587760925293,1.0]}},"Preset":{"JsonPath":"","Layer":"Layer_Trigger","ProtoTag":"Prototype_SpawnTrigger"},"WorldMatrix":[1.0,0.0,0.0,0.0,0.0,1.0,0.0,0.0,0.0,0.0,1.0,0.0,-81.96318054199219,-4.449499130249023,14.63587760925293,1.0]},{"JsonData":{"ObjectTag":"CenterGargenSpawns","Prototype_GameObject":"Prototype_SpawnTrigger\u0000","RigidBody":{"ColliderType":5,"Density":10.0,"OriginTransform":[10.0,0.0,0.0,0.0,0.0,10.0,0.0,0.0,0.0,0.0,28.0,0.0,0.0,0.0,0.32717084884643555,1.0],"ShapeType":0,"bKinematic":false,"bTrigger":true},"SpawnEnemies":[[{"EnemyStat":{"AtkDamage":50,"HasCrushGage":false,"Level":2,"MaxCrushGage":100,"MaxHP":3000},"EnemyTag":"Monster_em650\u0000","WorldMatrix":[0.12320312857627869,0.0,-0.99238121509552,0.0,-0.0045000649988651276,0.9999897480010986,-0.0005586785264313221,0.0,0.9923562407493591,0.004534543491899967,0.12320002913475037,0.0,-18.04820442199707,-5.441155910491943,8.744585037231445,1.0]},{"EnemyStat":{"AtkDamage":50,"HasCrushGage":false,"Level":2,"MaxCrushGage":100,"MaxHP":3000},"EnemyTag":"Monster_em650\u0000","WorldMatrix":[-0.6700663566589355,1.2194711871416075e-06,-0.7423006892204285,0.0,-0.00336492620408535,0.9999856352806091,0.0030391232576221228,0.0,0.7422810792922974,0.004534146282821894,-0.6700486540794373,0.0,-17.4451904296875,-5.210951805114746,21.978248596191406,1.0]},{"EnemyStat":{"AtkDamage":50,"HasCrushGage":true,"Level":2,"MaxCrushGage":1100,"MaxHP":1100},"EnemyTag":"Monster_em210\u0000","WorldMatrix":[1.0,0.0,0.0,0.0,0.0,1.0,0.0,0.0,0.0,0.0,1.0,0.0,-3.346339225769043,-5.327006816864014,22.267871856689453,1.0]},{"EnemyStat":{"AtkDamage":50,"HasCrushGage":true,"Level":2,"MaxCrushGage":1100,"MaxHP":1100},"EnemyTag":"Monster_em210\u0000","WorldMatrix":[0.5992193818092346,0.0,0.8005846738815308,0.0,0.0,1.0,0.0,0.0,-0.8005846738815308,0.0,0.5992193818092346,0.0,-2.1712512969970703,-5.492202281951904,8.65722370147705,1.0]}],[{"EnemyStat":{"AtkDamage":50,"HasCrushGage":false,"Level":2,"MaxCrushGage":100,"MaxHP":600},"EnemyTag":"Monster_em400\u0000","WorldMatrix":[0.5467076897621155,0.0,0.8373032212257385,0.0,0.0,0.9999862313270569,0.0,0.0,-0.8372476696968079,0.0,0.5466713905334473,0.0,-8.262609481811523,-5.531801700592041,10.12423324584961,1.0]},{"EnemyStat":{"AtkDamage":50,"HasCrushGage":false,"Level":2,"MaxCrushGage":100,"MaxHP":600},"EnemyTag":"Monster_em400\u0000","WorldMatrix":[-0.990041196346283,1.8018015452980762e-06,-0.1406516283750534,0.0,2.0758773189299973e-06,0.9999862313270569,-1.8018088212556904e-06,0.0,0.14064231514930725,-2.075731572404038e-06,-0.9899755716323853,0.0,-14.872865676879883,-5.405196666717529,18.559497833251953,1.0]},{"EnemyStat":{"AtkDamage":50,"HasCrushGage":false,"Level":1,"MaxCrushGage":100,"MaxHP":1000},"EnemyTag":"Monster_em750\u0000","WorldMatrix":[0.5009196400642395,0.0,-0.8654935359954834,0.0,0.0,1.0,0.0,0.0,0.8654935359954834,0.0,0.5009196400642395,0.0,-15.686668395996094,-4.462693691253662,10.77287483215332,1.0]},{"EnemyStat":{"AtkDamage":50,"HasCrushGage":false,"Level":1,"MaxCrushGage":100,"MaxHP":1000},"EnemyTag":"Monster_em750\u0000","WorldMatrix":[-0.35948222875595093,1.5113034805835923e-06,0.9331514239311218,0.0,2.8103704607929103e-07,1.0,-1.5113041627046186e-06,0.0,-0.9331514239311218,-2.810369039707439e-07,-0.35948222875595093,0.0,-2.7316341400146484,-4.503115653991699,17.999309539794922,1.0]}]],"Transform":{"WorldMatrix":[0.9999990463256836,0.0,0.0,0.0,0.0,1.0,0.0,0.0,0.0,0.0,0.9999990463256836,0.0,-8.914058685302734,-1.935256004333496,14.450321197509766,1.0]}},"Preset":{"JsonPath":"","Layer":"Layer_Trigger","ProtoTag":"Prototype_SpawnTrigger"},"WorldMatrix":[0.9999990463256836,0.0,0.0,0.0,0.0,1.0,0.0,0.0,0.0,0.0,0.9999990463256836,0.0,-8.914058685302734,-1.935256004333496,14.450321197509766,1.0]},{"JsonData":{"ObjectTag":"","Prototype_GameObject":"Prototype_SpawnTrigger\u0000","RigidBody":{"ColliderType":5,"Density":10.0,"OriginTransform":[5.0,0.0,0.0,0.0,0.0,2.0,0.0,0.0,0.0,0.0,2.0,0.0,0.0,0.0,0.0,1.0],"ShapeType":0,"bKinematic":false,"bTrigger":true},"SpawnEnemies":[[{"EnemyStat":{"AtkDamage":50,"HasCrushGage":true,"Level":2,"MaxCrushGage":700,"MaxHP":1100},"EnemyTag":"Monster_em220\u0000","WorldMatrix":[0.349689781665802,0.0,0.9368650913238525,0.0,0.0,1.0,0.0,0.0,-0.9368641972541809,0.0,0.3496894836425781,0.0,-51.69709777832031,0.0004999451339244843,-17.81109619140625,1.0]},{"EnemyStat":{"AtkDamage":50,"HasCrushGage":true,"Level":2,"MaxCrushGage":700,"MaxHP":1100},"EnemyTag":"Monster_em220\u0000","WorldMatrix":[-0.8852946162223816,-1.6111705463117687e-06,-0.4650294780731201,0.0,-9.736062338561169e-07,1.0,-1.6111714558064705e-06,0.0,0.46502888202667236,-9.73604528553551e-07,-0.8852934837341309,0.0,-64.46552276611328,-0.0021916967816650867,-8.47816276550293,1.0]}],[{"EnemyStat":{"AtkDamage":50,"HasCrushGage":true,"Level":2,"MaxCrushGage":2500,"MaxHP":3000},"EnemyTag":"Monster_em700\u0000","WorldMatrix":[-0.9989667534828186,-4.199767772661289e-06,-0.045421041548252106,0.0,-3.6016454032505862e-06,1.0,-1.3250329175207298e-05,0.0,0.045420728623867035,-1.3072955880488735e-05,-0.9989598393440247,0.0,-64.75838470458984,1.000497817993164,-10.610578536987305,1.0]},{"EnemyStat":{"AtkDamage":50,"HasCrushGage":true,"Level":2,"MaxCrushGage":2500,"MaxHP":3000},"EnemyTag":"Monster_em700\u0000","WorldMatrix":[0.40185531973838806,-2.2435256141761784e-06,-0.9157012701034546,0.0,2.116806626872858e-06,1.0,-1.521102717561007e-06,0.0,0.9156951904296875,-1.327090558334021e-06,0.40185263752937317,0.0,-69.60254669189453,1.000464677810669,-24.386886596679688,1.0]},{"EnemyStat":{"AtkDamage":50,"HasCrushGage":false,"Level":2,"MaxCrushGage":100,"MaxHP":3000},"EnemyTag":"Monster_em650\u0000","WorldMatrix":[-0.8711894154548645,1.5855001720410655e-06,0.490945965051651,0.0,0.0022296810057014227,0.9999755620956421,0.003953365609049797,0.0,-0.49093347787857056,0.004538778681308031,-0.8711672425270081,0.0,-58.3858757019043,0.000501781702041626,-6.79232120513916,1.0]},{"EnemyStat":{"AtkDamage":50,"HasCrushGage":false,"Level":2,"MaxCrushGage":100,"MaxHP":3000},"EnemyTag":"Monster_em650\u0000","WorldMatrix":[0.9832153916358948,0.0,-0.182447612285614,0.0,-0.000827329175081104,0.9999897480010986,-0.004458500538021326,0.0,0.18244285881519318,0.004534539300948381,0.9831898212432861,0.0,-64.59658813476563,0.0004820190370082855,-25.084369659423828,1.0]}]],