{"BatchObjs":[{"JsonData":{"InvisibleWall":{"ObjectTag":"","Points":[[11.058300018310547,0.009999990463256836,39.93268585205078,1.0],[8.935519218444824,0.009999990463256836,39.97193908691406,1.0],[7.647641181945801,0.0005011558532714844,39.11323547363281,1.0],[-2.4928486347198486,0.0034102201461791992,39.12803268432617,1.0],[-14.790409088134766,0.0004980564117431641,39.14091873168945,1.0],[-20.593660354614258,0.0004980564117431641,39.05406951904297,1.0],[-20.777477264404297,0.0004990100860595703,45.66387939453125,1.0],[-20.462574005126953,0.0004996061325073242,49.224639892578125,1.0],[-20.05170440673828,0.0005012750625610352,50.19610595703125,1.0],[-20.026430130004883,0.0004985332489013672,52.923744201660156,1.0],[-19.993471145629883,0.019999980926513672,54.662410736083984,1.0],[-20.01628875732422,0.0005012750625610352,56.8619499206543,1.0],[-19.993942260742188,0.0005012750625610352,61.40916061401367,1.0],[-13.285791397094727,0.0005012750625610352,61.57877731323242,1.0],[-0.8449832201004028,0.0005012750625610352,61.69371795654297,1.0],[13.508283615112305,0.00812065601348877,61.49980926513672,1.0],[16.550813674926758,0.0005010366439819336,58.05024337768555,1.0],[16.333454132080078,0.0354456901550293,47.52961730957031,1.0],[16.009517669677734,0.0004981756210327148,40.936832427978516,1.0],[15.997715950012207,0.0005011558532714844,39.00507736206055,1.0],[13.962693214416504,-0.004510849714279175,39.12995147705078,1.0],[12.264625549316406,0.0005011558532714844,39.11276626586914,1.0]],"Prototype_GameObject":"Prototype_InvisibleWall\u0000","SegmentSize":0.5,"Transform":{"WorldMatrix":[1.0,0.0,0.0,0.0,0.0,1.0,0.0,0.0,0.0,0.0,1.0,0.0,0.0,0.0,0.0,1.0]},"Visible":true},"ObjectTag":"Invisible","Prototype_GameObject":"Prototype_SpawnTrigger\u0000","RigidBody":{"ColliderType":5,"Density":10.0,"OriginTransform":[7.0,0.0,0.0,0.0,0.0,7.0,0.0,0.0,0.0,0.0,5.0,0.0,0.0,0.0,0.0,1.0],"ShapeType":0,"bKinematic":false,"bTrigger":true},"SpawnEnemies":[[{"EnemyStat":{"AtkDamage":50,"HasCrushGage":false,"Level":2,"MaxCrushGage":400,"MaxHP":3000},"EnemyTag":"Monster_em200\u0000","WorldMatrix":[0.4031360447406769,2.2814556359662674e-05,-0.9151396751403809,0.0,-0.004146901424974203,0.9999073147773743,-0.0018018593546003103,0.0,0.9151302576065063,0.004521761555224657,0.40313202142715454,0.0,-9.38013744354248,0.0004988312721252441,45.53755187988281,1.0]},{"EnemyStat":{"AtkDamage":50,"HasCrushGage":false,"Level":2,"MaxCrushGage":100,"MaxHP":10000},"EnemyTag":"Monster_em400\u0000","WorldMatrix":[-0.612529993057251,2.5751442080945708e-06,0.7904261946678162,0.0,8.810038139017706e-07,0.9999862313270569,-2.575151938799536e-06,0.0,-0.790373682975769,-8.809425935396575e-07,-0.6124892830848694,0.0,10.67138671875,0.014232747256755829,55.99803924560547,1.0]}],[{"EnemyStat":{"AtkDamage":50,"HasCrushGage":true,"Level":2,"MaxCrushGage":990,"MaxHP":1100},"EnemyTag":"Monster_em210\u0000","WorldMatrix":[-0.38047221302986145,-6.924311719558318e-07,-0.9247919321060181,0.0,-1.3687247246707557e-07,1.0,-6.924314561729261e-07,0.0,0.9247919321060181,-1.368724156236567e-07,-0.38047221302986145,0.0,-3.702244281768799,0.0004996508359909058,51.57664489746094,1.0]},{"EnemyStat":{"AtkDamage":50,"HasCrushGage":true,"Level":2,"MaxCrushGage":990,"MaxHP":1100},"EnemyTag":"Monster_em210\u0000","WorldMatrix":[0.6595419049263,0.0,0.751665472984314,0.0,0.0,0.9999977946281433,0.0,0.0,-0.7516654133796692,0.0,0.6595418453216553,0.0,3.4573912620544434,0.0004988759756088257,46.461822509765625,1.0]}]],"Transform":{"WorldMatrix":[1.0,0.0,0.0,0.0,0.0,1.0,0.0,0.0,0.0,0.0,1.0,0.0,9.85076904296875,0.9514994621276855,43.483116149902344,1.0]}},"Preset":{"JsonPath":"","Layer":"Layer_Trigger","ProtoTag":"Prototype_SpawnTrigger"},"WorldMatrix":[1.0,0.0,0.0,0.0,0.0,1.0,0.0,0.0,0.0,0.0,1.0,0.0,9.85076904296875,0.9514994621276855,43.483116149902344,1.0]}]}