{"BatchObjs":[{"JsonData":{"InvisibleWall":{"ObjectTag":"","Points":[[-85.30741882324219,-5.449502944946289,10.769756317138672,1.0],[-85.26375579833984,-5.449502468109131,14.861125946044922,1.0],[-85.28897094726563,-5.449502944946289,19.301288604736328,1.0],[-85.80863952636719,-5.449497699737549,25.30791473388672,1.0],[-86.14396667480469,-5.449497222900391,29.030235290527344,1.0],[-83.59294128417969,-5.449496746063232,31.10608673095703,1.0],[-77.25129699707031,-5.449496746063232,31.198862075805664,1.0],[-67.39376068115234,-5.449496746063232,31.253063201904297,1.0],[-58.64401626586914,-5.449496746063232,30.943069458007813,1.0],[-49.16033935546875,-5.4495015144348145,30.145732879638672,1.0],[-42.36144256591797,-5.449500560760498,30.199403762817383,1.0],[-35.64631652832031,-5.449499607086182,30.115081787109375,1.0],[-30.88775062561035,-5.449496746063232,30.234987258911133,1.0],[-28.78095054626465,-5.449497222900391,28.588760375976563,1.0],[-29.11155891418457,-5.449498653411865,19.13228988647461,1.0],[-29.320743560791016,-5.44950008392334,8.850021362304688,1.0],[-28.929471969604492,-5.4495015144348145,1.469804048538208,1.0],[-31.24930191040039,-5.4495015144348145,-0.2163468301296234,1.0],[-35.776187896728516,-5.449499607086182,-0.16867303848266602,1.0],[-41.753543853759766,-5.449500560760498,-0.12807989120483398,1.0],[-49.284603118896484,-5.4495015144348145,-0.19542741775512695,1.0],[-54.79439163208008,-5.4495015144348145,-0.615566074848175,1.0],[-66.04830169677734,-5.4495015144348145,-0.968554675579071,1.0],[-73.7940444946289,-5.4495015144348145,-0.916110634803772,1.0],[-82.15910339355469,-5.4495015144348145,-0.7210737466812134,1.0],[-84.05412292480469,-5.4495015144348145,-0.7997491955757141,1.0],[-86.07563781738281,-5.4495015144348145,1.6484596729278564,1.0],[-85.69775390625,-5.449501037597656,5.850146770477295,1.0]],"Prototype_GameObject":"Prototype_InvisibleWall\u0000","SegmentSize":0.5,"Transform":{"WorldMatrix":[1.0,0.0,0.0,0.0,0.0,1.0,0.0,0.0,0.0,0.0,1.0,0.0,0.0,0.0,0.0,1.0]},"Visible":true},"ObjectTag":"FirstWave","Prototype_GameObject":"Prototype_SpawnTrigger\u0000","RigidBody":{"ColliderType":5,"Density":10.0,"OriginTransform":[5.0,0.0,0.0,0.0,0.0,10.0,0.0,0.0,0.0,0.0,14.0,0.0,0.0,0.0,0.0,1.0],"ShapeType":0,"bKinematic":false,"bTrigger":true},"SpawnEnemies":[[{"EnemyStat":{"AtkDamage":50,"HasCrushGage":false,"Level":2,"MaxCrushGage":400,"MaxHP":3000},"EnemyTag":"Monster_em200\u0000","WorldMatrix":[-0.4931508004665375,2.453033630445134e-05,0.8699435591697693,0.0,0.003949998877942562,0.9999865889549255,0.0022109656129032373,0.0,-0.8699327111244202,0.004526620730757713,-0.49314481019973755,0.0,-68.77417755126953,-5.449499607086182,17.283588409423828,1.0]},{"EnemyStat":{"AtkDamage":50,"HasCrushGage":false,"Level":2,"MaxCrushGage":400,"MaxHP":3000},"EnemyTag":"Monster_em200\u0000","WorldMatrix":[0.5806052684783936,2.281455454067327e-05,0.8141852021217346,0.0,0.00366829801350832,0.999987006187439,-0.002643928397446871,0.0,-0.8141767978668213,0.004521763883531094,0.5805991291999817,0.0,-65.18888092041016,-5.449500560760498,9.221983909606934,1.0]},{"EnemyStat":{"AtkDamage":50,"HasCrushGage":false,"Level":2,"MaxCrushGage":100,"MaxHP":3000},"EnemyTag":"Monster_em650\u0000","WorldMatrix":[0.1957535296678543,-5.434807803794683e-07,0.9806515574455261,0.0,0.0044463989324867725,0.9999891519546509,-0.0008870172896422446,0.0,-0.9806272983551025,0.004533942323178053,0.1957486867904663,0.0,-57.30229949951172,-5.449498653411865,19.117752075195313,1.0]}]],"Transform":{"WorldMatrix":[1.0,0.0,0.0,0.0,0.0,1.0,0.0,0.0,0.0,0.0,1.0,0.0,-81.05912017822266,-4.456376075744629,14.736990928649902,1.0]}},"Preset":{"JsonPath":"","Layer":"Layer_Trigger","ProtoTag":"Prototype_SpawnTrigger"},"WorldMatrix":[1.0,0.0,0.0,0.0,0.0,1.0,0.0,0.0,0.0,0.0,1.0,0.0,-81.05912017822266,-4.456376075744629,14.736990928649902,1.0]}]}