{"Curves":[],"End_Time":0.20000000298023224,"Fifth_Directory":"","Finish_Function":1,"FirstEffect_Curves":[{"Frames":[[0.0,0.0],[0.20000000298023224,1.0],[-10000.0,3.286257879153709e-06],[0.003797468263655901,1.663667535467539e-05],[0.005063291173428297,5.258012606645934e-05],[0.006329114083200693,0.00012836944370064884],[0.007594936527311802,0.00026618680567480624],[0.008860759437084198,0.0004931440344080329],[0.010126582346856594,0.0008412820170633495],[0.01139240525662899,0.001347570912912488],[0.012658228166401386,0.0020539110992103815],[0.013924050144851208,0.003007130930200219],[0.015189873054623604,0.0042589888907969],[0.016455696895718575,0.005866175517439842],[0.017721518874168396,0.007890304550528526],[0.018987340852618217,0.010397923178970814],[0.020253164693713188,0.013460512273013592],[0.02151898853480816,0.017154470086097717],[0.02278481051325798,0.021561134606599808],[0.02405063435435295,0.02676677703857422],[0.025316456332802773,0.032862577587366104],[0.026582280173897743,0.03994467481970787],[0.027848100289702415,0.048114094883203506],[0.029113924130797386,0.05747685581445694],[0.030379746109247208,0.0681438222527504],[0.03164556995034218,0.08023089170455933],[0.03291139379143715,0.09385880827903748],[0.03417721390724182,0.10915323346853256],[0.03544303774833679,0.12624487280845642],[0.03670886158943176,0.1452692300081253],[0.037974681705236435,0.16636677086353302],[0.039240505546331406,0.1896829903125763],[0.040506329387426376,0.21536819636821747],[0.04177215322852135,0.24357759952545166],[0.04303797706961632,0.2744715213775635],[0.04430380091071129,0.30821505188941956],[0.04556962102651596,0.3449781537055969],[0.04683544486761093,0.38493600487709045],[0.0481012687087059,0.4282684326171875],[0.049367088824510574,0.4751601815223694],[0.050632912665605545,0.5248398184776306],[0.051898736506700516,0.571731686592102],[0.053164560347795486,0.6150640845298767],[0.05443037673830986,0.6550217270851135],[0.05569620057940483,0.6917849183082581],[0.0569620244204998,0.7255284786224365],[0.05822784826159477,0.7564224004745483],[0.05949367210268974,0.7846318483352661],[0.060759492218494415,0.8103169202804565],[0.062025316059589386,0.8336331844329834],[0.06329113990068436,0.8547307848930359],[0.06455696374177933,0.873755156993866],[0.0658227875828743,0.8908467888832092],[0.06708861142396927,0.9061412215232849],[0.06835442781448364,0.9197690486907959],[0.06962025165557861,0.9318561553955078],[0.07088607549667358,0.9425231218338013],[0.07215189933776855,0.9518858790397644],[0.07341772317886353,0.9600553512573242],[0.0746835470199585,0.9671374559402466],[0.07594936341047287,0.9732332229614258],[0.07721518725156784,0.9784388542175293],[0.07848101109266281,0.9828455448150635],[0.07974683493375778,0.9865394830703735],[0.08101265877485275,0.9896020889282227],[0.08227848261594772,0.9921097159385681],[0.0835443064570427,0.9941338300704956],[0.08481013029813766,0.9957410097122192],[0.08607595413923264,0.9969928860664368],[0.0873417779803276,0.9979460835456848],[0.08860760182142258,0.998652458190918],[0.08987341821193695,0.9991587400436401],[0.09113924205303192,0.9995068311691284],[0.09240506589412689,0.9997338056564331],[0.09367088973522186,0.9998716115951538],[0.09493671357631683,0.9999474287033081],[0.0962025374174118,0.9999833703041077],[0.09746835380792618,0.9999967217445374],[0.09873417764902115,0.9999998211860657],[0.10000000149011612,1.0]],"Name":"Floats_2","RangeMax":[0.20000000298023224,1.0],"RangeMin":[0.0,0.0]}],"First_Directory":"../Bin/Resources/VFX/EffectSystem/Player_Default_Attack/Fire_Attack_OnHit_01.json","Fourth_Directory":"","ObjectTag":"Fire_Attack_OnHit_01","Prototype_GameObject":"ProtoVFX_EffectGroup\u0000","Second_Directory":"","Third_Directory":"","Transform":{"WorldMatrix":[1.0,0.0,0.0,0.0,0.0,1.0,0.0,0.0,0.0,0.0,1.0,0.0,0.0,0.0,0.0,1.0]}}