{"RigidBody":{"ColliderType":10,"Density":10.0,"OriginTransform":[-3.278353943869661e-08,0.75,0.0,0.0,-20.0,-8.74227794156468e-07,0.0,0.0,0.0,0.0,0.9995558261871338,0.0,0.0,0.0,0.0,1.0],"ShapeType":2,"bKinematic":true,"bTrigger":false}}