{"ControlledRigidBody":{"ColliderType":1,"contactOffset":0.10000000149011612,"density":100.0,"height":1.2000000476837158,"maxJumpHeight":3.0,"pushPower":300.0,"radius":0.699999988079071,"slopeLimitDegree":45.0,"stepOffset":0.10000000149011612},"ObjectTag":"","Prototype_GameObject":"Monster_em8200\u0000","Transform":{"WorldMatrix":[-0.9975776076316833,-1.7495832480562967e-06,-0.06939677894115448,0.0,-1.6538564295842662e-06,1.0,-1.4371473753271857e-06,0.0,0.06939620524644852,-1.3188823686505202e-06,-0.9975690245628357,0.0,1.6825002431869507,-0.19954128563404083,12.397512435913086,1.0]}}