{"ControlledRigidBody":{"ColliderType":1,"contactOffset":0.10000000149011612,"density":100.0,"height":1.0,"maxJumpHeight":3.0,"pushPower":300.0,"radius":0.5,"slopeLimitDegree":45.0,"stepOffset":0.10000000149011612},"ObjectTag":"","Prototype_GameObject":"Monster_em8200\u0000","Transform":{"WorldMatrix":[1.0,0.0,0.0,0.0,0.0,1.0,0.0,0.0,0.0,0.0,1.0,0.0,2.3472490310668945,-0.19947552680969238,2.439150094985962,1.0]}}