{"CurveSmooth":50.0,"ObjectTag":"","Points":[[-9.710894584655762,0.0,-2.0,1.0],[-9.531407356262207,0.20000000298023224,-2.0,1.0],[-6.0,0.30000001192092896,-2.0,1.0],[-5.0,0.5,-2.0,1.0],[-3.0,2.125955104827881,-2.0,1.0],[-1.5,4.0,-2.0,1.0],[-1.0,5.0,-2.0,1.0],[-0.5,8.0,-2.0,1.0],[-0.5,10.0,-2.0,1.0],[-1.1510698795318604,15.3164644241333,-2.0,1.0],[-1.7590079307556152,17.53521156311035,-2.0,1.0],[-2.6588082313537598,19.0,-2.0,1.0],[-3.7519986629486084,20.32659339904785,-2.0,1.0],[-6.8694682121276855,21.581775665283203,-2.0,1.0],[-10.099583625793457,21.982295989990234,-2.0,1.0],[-14.112582206726074,21.414958953857422,-2.0,1.0]],"Prototype_GameObject":"Prototype_RedString\u0000","Radius":0.05000000074505806,"Transform":{"WorldMatrix":[0.12461704760789871,-2.466187197569525e-06,-0.9921969771385193,0.0,7.459098924300633e-06,1.0,-1.548741124679509e-06,0.0,0.9921969771385193,-7.207895123428898e-06,0.12461704760789871,0.0,0.0,0.0,0.0,1.0]}}