{"Curves":[],"End_Time":0.3499999940395355,"Fifth_Directory":"","Finish_Function":1,"FirstEffect_Curves":[{"Frames":[[0.0,1.0],[0.051624998450279236,0.0],[0.08837499469518661,0.9866666793823242],[0.13124999403953552,0.0033333301544189453],[0.17412500083446503,0.9833333492279053],[0.23012501001358032,0.0],[0.2607499957084656,0.9833333492279053],[0.3499999940395355,0.0],[-10000.0,0.0033474527299404144],[0.04430379718542099,0.01119519118219614],[0.04873417690396309,0.013007787056267262],[0.05316455289721489,0.01510937325656414],[0.05759493634104729,0.017544467002153397],[0.062025316059589386,0.02036389522254467],[0.06645569205284119,0.023625511676073074],[0.07088607549667358,0.02739492803812027],[0.07531645148992538,0.031746190041303635],[0.07974683493375778,0.03676246106624603],[0.08417721837759018,0.04253654554486275],[0.08860759437084198,0.04917123168706894],[0.09303797781467438,0.0567794106900692],[0.09746835380792618,0.0654836967587471],[0.10189873725175858,0.07541567832231522],[0.10632910579442978,0.0867142528295517],[0.11075948923826218,0.09952337294816971],[0.11518987268209457,0.11398845165967941],[0.11962024867534637,0.13025179505348206],[0.12405063211917877,0.14844678342342377],[0.12848101556301117,0.168690487742424],[0.13291138410568237,0.19107532501220703],[0.13734176754951477,0.21566005051136017],[0.14177215099334717,0.24245984852313995],[0.14620251953601837,0.2714374363422394],[0.15063290297985077,0.30249539017677307],[0.15506328642368317,0.3354707360267639],[0.15949366986751556,0.3701331615447998],[0.16392405331134796,0.4061879813671112],[0.16835443675518036,0.44328317046165466],[0.17278480529785156,0.4810217618942261],[0.17721518874168396,0.5189782381057739],[0.18164557218551636,0.5567169189453125],[0.18607595562934875,0.593812108039856],[0.19050632417201996,0.6298667788505554],[0.19493670761585236,0.6645292639732361],[0.19936709105968475,0.6975045800209045],[0.20379747450351715,0.728562593460083],[0.20822785794734955,0.757540225982666],[0.21265821158885956,0.7843399047851563],[0.21708859503269196,0.8089246153831482],[0.22151897847652435,0.8313094973564148],[0.22594936192035675,0.851553201675415],[0.23037974536418915,0.8697482347488403],[0.23481012880802155,0.8860116004943848],[0.23924049735069275,0.9004765748977661],[0.24367088079452515,0.9132857322692871],[0.24810126423835754,0.9245843291282654],[0.25253164768218994,0.9345163106918335],[0.25696203112602234,0.9432206153869629],[0.26139241456985474,0.9508287906646729],[0.26582276821136475,0.9574634432792664],[0.27025315165519714,0.9632375240325928],[0.27468353509902954,0.9682537913322449],[0.27911391854286194,0.9726050496101379],[0.28354430198669434,0.9763745069503784],[0.28797465562820435,0.9796360731124878],[0.29240503907203674,0.9824555516242981],[0.29683542251586914,0.9848906397819519],[0.30126580595970154,0.9869922399520874],[0.30569618940353394,0.988804817199707],[0.31012657284736633,0.9903672933578491],[0.31455695629119873,0.9917135238647461],[0.31898733973503113,0.992872953414917],[0.3234177231788635,0.9938712120056152],[0.3278481066226959,0.9947303533554077],[0.3322784900665283,0.9954696297645569],[0.3367088735103607,0.9961055517196655],[0.3411392271518707,0.9966525435447693],[0.3455696105957031,0.9971229434013367],[0.3499999940395355,0.9975273609161377],[0.3499999940395355,0.9975273609161377]],"Name":"Floats_1","RangeMax":[0.3499999940395355,1.0],"RangeMin":[0.0,0.0]}],"First_Directory":"../Bin/Resources/VFX/EffectSystem/Player_Sas_Effect/Sas_Teleport_Attach_Player_Tex.json","Fourth_Directory":"","ObjectTag":"Sas_Teleport_Attach_Player_Tex","Prototype_GameObject":"ProtoVFX_EffectGroup\u0000","Second_Directory":"","Third_Directory":"","Transform":{"WorldMatrix":[1.0,0.0,0.0,0.0,0.0,1.0,0.0,0.0,0.0,0.0,1.0,0.0,0.0,0.0,0.0,1.0]}}