{"ObjectTag":"","Prototype_GameObject":"Prototype_GameObject_Batch\u0000","Transform":{"WorldMatrix":[1.0,0.0,0.0,0.0,0.0,1.0,0.0,0.0,0.0,0.0,1.0,0.0,0.0,0.0,0.0,1.0]},"Triggers":[{"Create":{"Prototype_GameObject_FlowerLeg\u0000":[[-0.9559244513511658,2.794937972794287e-05,0.29360300302505493,0.0,0.0013568090507760644,0.9999159574508667,0.004322367254644632,0.0,-0.2936003506183624,0.004530561156570911,-0.9559162259101868,0.0,1.3061257600784302,3.7471611499786377,29.452770233154297,1.0],[-0.5629442930221558,3.176006430294365e-05,0.8264902830123901,0.0,0.003768953261896968,0.9998787045478821,0.002528710290789604,0.0,-0.8264836668968201,0.004539041314274073,-0.5629399418830872,0.0,5.30862283706665,3.7471611499786377,29.452770233154297,1.0]]},"ObjectTag":"","Prototype_GameObject":"Prototype_GameObject_Trigger\u0000","RigidBody":{"ColliderType":5,"Density":10.0,"OriginTransform":[1.0,0.0,0.0,0.0,0.0,1.0,0.0,0.0,0.0,0.0,1.0,0.0,0.0,0.0,0.0,1.0],"ShapeType":0,"bKinematic":false,"bTrigger":true},"Transform":{"WorldMatrix":[1.0,0.0,0.0,0.0,0.0,1.0,0.0,0.0,0.0,0.0,1.0,0.0,4.780001163482666,1.1364941596984863,5.68605899810791,1.0]},"Usage":0}]}