{"ObjectTag":"","Prototype_GameObject":"Prototype_GameObject_Batch\u0000","Transform":{"WorldMatrix":[1.0,0.0,0.0,0.0,0.0,1.0,0.0,0.0,0.0,0.0,1.0,0.0,0.0,0.0,0.0,1.0]},"Triggers":[{"Create":{"FlowerLeg\u0000":[[-0.3667307496070862,-6.674227392977627e-07,-0.9303270578384399,0.0,-1.2679947758442722e-07,1.0,-6.674227961411816e-07,0.0,0.9303270578384399,-1.267994633735725e-07,-0.3667307496070862,0.0,-73.45553588867188,12.732999801635742,49.68918228149414,1.0]],"SkummyPool\u0000":[[0.19096718728542328,0.0,-0.981596052646637,0.0,0.0,1.0,0.0,0.0,0.981596052646637,0.0,0.19096718728542328,0.0,-58.32857894897461,12.732999801635742,45.749053955078125,1.0],[0.9942218661308289,0.0,-0.10734406113624573,0.0,0.0,1.0,0.0,0.0,0.10734406113624573,0.0,0.9942218661308289,0.0,-70.32052612304688,12.732998847961426,44.268646240234375,1.0]]},"ObjectTag":"","Prototype_GameObject":"Prototype_GameObject_Trigger\u0000","RigidBody":{"ColliderType":5,"Density":10.0,"OriginTransform":[1.0,0.0,0.0,0.0,0.0,5.0,0.0,0.0,0.0,0.0,8.0,0.0,0.0,0.0,0.0,1.0],"ShapeType":0,"bKinematic":false,"bTrigger":true},"Transform":{"WorldMatrix":[1.0,0.0,0.0,0.0,0.0,1.0,0.0,0.0,0.0,0.0,1.0,0.0,-34.245147705078125,11.440400123596191,47.920494079589844,1.0]},"Usage":0},{"Create":{"BuddyLumi\u0000":[[-0.5763603448867798,-1.0489330861673807e-06,-0.8171958327293396,0.0,-3.326902060507564e-07,1.0,-1.048932972480543e-06,0.0,0.8171958327293396,-3.326902344724658e-07,-0.5763603448867798,0.0,-8.887139320373535,3.746999502182007,36.07312774658203,1.0],[-0.8907979130744934,-1.6211861293413676e-06,0.45439964532852173,0.0,-2.7552368919714354e-06,1.0,-1.8335690583626274e-06,0.0,-0.45439964532852173,-2.8853182811872102e-06,-0.8907979130744934,0.0,-7.6588826179504395,3.7470004558563232,41.834693908691406,1.0]],"FlowerLeg\u0000":[[-0.6873298287391663,1.2508893405538402e-06,-0.7263450026512146,0.0,4.98031340612215e-07,1.0,1.250889795301191e-06,0.0,0.7263450026512146,4.980311700819584e-07,-0.6873298287391663,0.0,-13.59321117401123,3.7469992637634277,40.38425827026367,1.0]]},"ObjectTag":"","Prototype_GameObject":"Prototype_GameObject_Trigger\u0000","RigidBody":{"ColliderType":5,"Density":10.0,"OriginTransform":[10.0,0.0,0.0,0.0,0.0,5.0,0.0,0.0,0.0,0.0,1.0,0.0,0.0,0.0,0.0,1.0],"ShapeType":0,"bKinematic":false,"bTrigger":true},"Transform":{"WorldMatrix":[1.0,0.0,0.0,0.0,0.0,1.0,0.0,0.0,0.0,0.0,1.0,0.0,5.437288284301758,4.303495407104492,15.503976821899414,1.0]},"Usage":0},{"Create":{"BronJon\u0000":[[-0.9999903440475464,-1.8199082205683226e-06,-0.0042982520535588264,0.0,-1.8121033917850582e-06,1.0,-1.8199090163761866e-06,0.0,0.0042982520535588264,-1.8121025959771941e-06,-0.9999903440475464,0.0,-85.67583465576172,11.13465404510498,68.14767456054688,1.0]],"BuddyLumi\u0000":[[1.0,0.0,0.0,0.0,0.0,1.0,0.0,0.0,0.0,0.0,1.0,0.0,-123.19689178466797,12.751530647277832,46.946537017822266,1.0],[1.0,0.0,0.0,0.0,0.0,1.0,0.0,0.0,0.0,0.0,1.0,0.0,-142.32850646972656,12.732998847961426,45.462764739990234,1.0]],"SkummyPool\u0000":[[1.0,0.0,0.0,0.0,0.0,1.0,0.0,0.0,0.0,0.0,1.0,0.0,-133.4176483154297,12.774019241333008,40.850852966308594,1.0]]},"ObjectTag":"","Prototype_GameObject":"Prototype_GameObject_Trigger\u0000","RigidBody":{"ColliderType":5,"Density":10.0,"OriginTransform":[5.0,0.0,0.0,0.0,0.0,10.0,0.0,0.0,0.0,0.0,30.0,0.0,0.0,0.0,0.0,1.0],"ShapeType":0,"bKinematic":false,"bTrigger":true},"Transform":{"WorldMatrix":[1.0,0.0,0.0,0.0,0.0,1.0,0.0,0.0,0.0,0.0,1.0,0.0,-76.99702453613281,16.858299255371094,48.304813385009766,1.0]},"Usage":0},{"Create":{"Prototype_MonsterBoss1\u0000":[[0.025101352483034134,7.436063924615155e-07,0.9996843934059143,0.0,-2.764863893389702e-08,1.0,-7.431468702634447e-07,0.0,-0.9996843934059143,-8.987622202027978e-09,0.025101352483034134,0.0,11.515929222106934,45.0880012512207,-50.29270553588867,1.0]]},"ObjectTag":"","Prototype_GameObject":"Prototype_GameObject_Trigger\u0000","RigidBody":{"ColliderType":5,"Density":10.0,"OriginTransform":[3.0,0.0,0.0,0.0,0.0,4.0,0.0,0.0,0.0,0.0,7.0,0.0,0.0,0.0,0.0,1.0],"ShapeType":0,"bKinematic":false,"bTrigger":true},"Transform":{"WorldMatrix":[1.0,0.0,0.0,0.0,0.0,1.0,0.0,0.0,0.0,0.0,1.0,0.0,-31.290063858032227,47.973663330078125,-62.9442024230957,1.0]},"Usage":0}]}