{"ObjectTag":"","Prototype_GameObject":"Prototype_GameObject_Batch\u0000","Transform":{"WorldMatrix":[1.0,0.0,0.0,0.0,0.0,1.0,0.0,0.0,0.0,0.0,1.0,0.0,0.0,0.0,0.0,1.0]},"Triggers":[{"Create":{"Prototype_MonsterBoss1\u0000":[[1.0,0.0,0.0,0.0,0.0,1.0,0.0,0.0,0.0,0.0,1.0,0.0,5.690515041351318,4.048666000366211,30.962100982666016,1.0]]},"ObjectTag":"","Prototype_GameObject":"Prototype_GameObject_Trigger\u0000","RigidBody":{"ColliderType":5,"Density":10.0,"OriginTransform":[10.0,0.0,0.0,0.0,0.0,10.0,0.0,0.0,0.0,0.0,2.0,0.0,0.0,0.0,0.0,1.0],"ShapeType":0,"bKinematic":false,"bTrigger":true},"Transform":{"WorldMatrix":[1.0,0.0,0.0,0.0,0.0,1.0,0.0,0.0,0.0,0.0,1.0,0.0,3.6449050903320313,3.7025504112243652,17.845687866210938,1.0]},"Usage":0}]}