{"ObjectTag":"","Prototype_GameObject":"Prototype_GameObject_Batch\u0000","Transform":{"WorldMatrix":[1.0,0.0,0.0,0.0,0.0,1.0,0.0,0.0,0.0,0.0,1.0,0.0,0.0,0.0,0.0,1.0]},"Triggers":[{"Create":{},"ObjectTag":"","Prototype_GameObject":"Prototype_GameObject_Trigger\u0000","RigidBody":{"ColliderType":5,"Density":10.0,"OriginTransform":[10.0,0.0,0.0,0.0,0.0,5.0,0.0,0.0,0.0,0.0,1.0,0.0,0.0,0.0,0.0,1.0],"ShapeType":0,"bKinematic":false,"bTrigger":true},"Transform":{"WorldMatrix":[1.0,0.0,0.0,0.0,0.0,1.0,0.0,0.0,0.0,0.0,1.0,0.0,5.356863498687744,3.6313180923461914,16.738367080688477,1.0]},"Usage":0},{"Create":{},"ObjectTag":"","Prototype_GameObject":"Prototype_GameObject_Trigger\u0000","RigidBody":{"ColliderType":5,"Density":10.0,"OriginTransform":[2.0,0.0,0.0,0.0,0.0,5.0,0.0,0.0,0.0,0.0,10.0,0.0,0.0,0.0,0.0,1.0],"ShapeType":0,"bKinematic":false,"bTrigger":true},"Transform":{"WorldMatrix":[1.0,0.0,0.0,0.0,0.0,1.0,0.0,0.0,0.0,0.0,1.0,0.0,-34.40666961669922,11.763404846191406,47.890655517578125,1.0]},"Usage":0},{"Create":{},"ObjectTag":"","Prototype_GameObject":"Prototype_GameObject_Trigger\u0000","RigidBody":{"ColliderType":5,"Density":10.0,"OriginTransform":[2.0,0.0,0.0,0.0,0.0,5.0,0.0,0.0,0.0,0.0,20.0,0.0,0.0,0.0,0.0,1.0],"ShapeType":0,"bKinematic":false,"bTrigger":true},"Transform":{"WorldMatrix":[1.0,0.0,0.0,0.0,0.0,1.0,0.0,0.0,0.0,0.0,1.0,0.0,-75.50425720214844,15.309832572937012,47.99052047729492,1.0]},"Usage":0},{"Create":{"Prototype_MonsterBoss1\u0000":[[-0.42581239342689514,-2.703857035157853e-06,0.9048094153404236,0.0,-2.5459512471570633e-06,0.9999997019767761,1.7901654700835934e-06,0.0,-0.9048094153404236,-1.5413264691233053e-06,-0.42581239342689514,0.0,-3.7088334560394287,45.0880012512207,-56.03667068481445,1.0]]},"ObjectTag":"","Prototype_GameObject":"Prototype_GameObject_Trigger\u0000","RigidBody":{"ColliderType":5,"Density":10.0,"OriginTransform":[2.0,0.0,0.0,0.0,0.0,5.0,0.0,0.0,0.0,0.0,7.0,0.0,0.0,0.0,0.0,1.0],"ShapeType":0,"bKinematic":false,"bTrigger":true},"Transform":{"WorldMatrix":[0.9999995231628418,-3.525573902152246e-06,0.0,0.0,3.5255748116469476e-06,0.9999998211860657,-2.201700908699422e-06,0.0,7.762261319821384e-12,2.201700226578396e-06,0.9999995231628418,0.0,-33.6236686706543,48.754451751708984,-63.489013671875,1.0]},"Usage":0}]}