{"ObjectTag":"","Prototype_GameObject":"Prototype_GameObject_Batch\u0000","Transform":{"WorldMatrix":[1.0,0.0,0.0,0.0,0.0,1.0,0.0,0.0,0.0,0.0,1.0,0.0,0.0,0.0,0.0,1.0]},"Triggers":[{"Create":{"FlowerLeg\u0000":[[-0.2881820499897003,-1.2115493746023276e-06,0.9575750827789307,0.0,-8.229866580222733e-06,1.0,-1.211550056723354e-06,0.0,-0.9575750827789307,-8.229862032749224e-06,-0.2881820499897003,0.0,-5.91167688369751,3.746999502182007,35.33564376831055,1.0],[-0.530109167098999,9.647593515182962e-07,-0.8479290008544922,0.0,2.767574187600985e-07,1.0,9.647596925788093e-07,0.0,0.8479290008544922,2.767573334949702e-07,-0.530109167098999,0.0,-9.165972709655762,3.746999979019165,42.98075866699219,1.0]],"SkummyPandou\u0000":[[0.5418259501457214,0.0,-0.840490460395813,0.0,0.0,1.0,0.0,0.0,0.840490460395813,0.0,0.5418259501457214,0.0,-11.518327713012695,4.747000694274902,34.275901794433594,1.0],[-0.5201523303985596,9.466386359235912e-07,-0.8540726900100708,0.0,2.6557574983598897e-07,1.0,9.466393180446175e-07,0.0,0.8540726900100708,2.6557555088402296e-07,-0.5201523303985596,0.0,-13.2420654296875,4.747000217437744,43.2800407409668,1.0]]},"ObjectTag":"","Prototype_GameObject":"Prototype_GameObject_Trigger\u0000","RigidBody":{"ColliderType":5,"Density":10.0,"OriginTransform":[10.0,0.0,0.0,0.0,0.0,5.0,0.0,0.0,0.0,0.0,1.0,0.0,0.0,0.0,0.0,1.0],"ShapeType":0,"bKinematic":false,"bTrigger":true},"Transform":{"WorldMatrix":[1.0,0.0,0.0,0.0,0.0,1.0,0.0,0.0,0.0,0.0,1.0,0.0,5.356863498687744,3.6313180923461914,16.738367080688477,1.0]},"Usage":0},{"Create":{"SkummyPool\u0000":[[0.09615293145179749,-3.2704342345368786e-08,-0.9953661561012268,0.0,3.540407078617136e-09,1.0,-3.251458835507037e-08,0.0,0.9953661561012268,-3.976479701073288e-10,0.09615293145179749,0.0,-55.007713317871094,12.732999801635742,43.61779022216797,1.0],[0.13616594672203064,-3.471270986210584e-07,-0.990685760974884,0.0,6.331674740067683e-08,1.0,-3.4168809293078084e-07,0.0,0.990685760974884,-1.6200823793610653e-08,0.13616594672203064,0.0,-72.04689025878906,12.732998847961426,43.55607223510742,1.0]]},"ObjectTag":"","Prototype_GameObject":"Prototype_GameObject_Trigger\u0000","RigidBody":{"ColliderType":5,"Density":10.0,"OriginTransform":[2.0,0.0,0.0,0.0,0.0,5.0,0.0,0.0,0.0,0.0,10.0,0.0,0.0,0.0,0.0,1.0],"ShapeType":0,"bKinematic":false,"bTrigger":true},"Transform":{"WorldMatrix":[1.0,0.0,0.0,0.0,0.0,1.0,0.0,0.0,0.0,0.0,1.0,0.0,-34.40666961669922,11.763404846191406,47.890655517578125,1.0]},"Usage":0},{"Create":{"BuddyLumi\u0000":[[-0.5720643401145935,-1.0411146149635897e-06,-0.8202081322669983,0.0,-3.2720708986744285e-07,1.0,-1.0411151833977783e-06,0.0,0.8202081322669983,-3.2720691933718626e-07,-0.5720643401145935,0.0,-129.7274169921875,12.732998847961426,45.52750015258789,1.0],[0.9988789558410645,0.0,-0.0473187193274498,0.0,0.0,1.0,0.0,0.0,0.0473187193274498,0.0,0.9988789558410645,0.0,-140.25274658203125,12.732998847961426,45.19158935546875,1.0],[0.44761887192726135,0.0,-0.8942243456840515,0.0,0.0,1.0,0.0,0.0,0.8942243456840515,0.0,0.44761887192726135,0.0,-135.3437042236328,12.741998672485352,40.54509735107422,1.0]]},"ObjectTag":"","Prototype_GameObject":"Prototype_GameObject_Trigger\u0000","RigidBody":{"ColliderType":5,"Density":10.0,"OriginTransform":[2.0,0.0,0.0,0.0,0.0,5.0,0.0,0.0,0.0,0.0,20.0,0.0,0.0,0.0,0.0,1.0],"ShapeType":0,"bKinematic":false,"bTrigger":true},"Transform":{"WorldMatrix":[1.0,0.0,0.0,0.0,0.0,1.0,0.0,0.0,0.0,0.0,1.0,0.0,-75.50425720214844,15.309832572937012,47.99052047729492,1.0]},"Usage":0}]}