{"CurveSmooth":100.0,"ObjectTag":"","Points":[[-52.891265869140625,1.9291474018245935e-06,-0.00176239013671875,1.0],[-19.971721649169922,19.031688690185547,1.0574760437011719,1.0],[0.2584800720214844,45.913177490234375,0.5408592224121094,1.0],[4.2423858642578125,59.950172424316406,1.6889190673828125,1.0],[8.394412994384766,91.40995788574219,4.588714599609375,1.0],[3.6748619079589844,139.51263427734375,6.918071746826172,1.0],[-9.974666595458984,212.0623321533203,8.607315063476563,1.0],[-23.554210662841797,220.3588104248047,10.071853637695313,1.0]],"Prototype_GameObject":"Prototype_RedString\u0000","Radius":0.15000000596046448,"Transform":{"WorldMatrix":[-0.03445825353264809,1.0496381946722977e-05,-0.9994006156921387,0.0,1.828929816838354e-05,0.99996417760849,9.871706424746662e-06,0.0,0.9993647933006287,-1.7938191376742907e-05,-0.034457020461559296,0.0,48.96718215942383,-88.44557189941406,79.516845703125,1.0]}}