{"CurveSmooth":100.0,"ObjectTag":"","Points":[[-52.891265869140625,1.9291474018245935e-06,-0.00176239013671875,1.0],[-19.971721649169922,19.031688690185547,1.0574760437011719,1.0],[0.2584800720214844,45.913177490234375,0.5408592224121094,1.0],[4.2423858642578125,59.950172424316406,1.6889190673828125,1.0],[8.394412994384766,91.40995788574219,4.588714599609375,1.0],[3.6748619079589844,139.51263427734375,6.918071746826172,1.0],[-9.974666595458984,212.0623321533203,8.607315063476563,1.0],[-23.554210662841797,220.3588104248047,10.071853637695313,1.0]],"Prototype_GameObject":"Prototype_RedString\u0000","Radius":0.15000000596046448,"Transform":{"WorldMatrix":[-0.9979204535484314,6.336673777695978e-06,-0.06440268456935883,0.0,6.758829385944409e-06,1.0,-6.3366960603161715e-06,0.0,0.06440268456935883,-6.758805739082163e-06,-0.9979204535484314,0.0,59.76582336425781,-88.44556427001953,82.1705551147461,1.0]}}