{"CurveSmooth":100.0,"ObjectTag":"","Points":[[-52.89105224609375,0.0,0.0,1.0],[-19.971519470214844,19.031158447265625,1.0577392578125,1.0],[1.6735801696777344,45.913387298583984,1.6146583557128906,1.0],[7.117637634277344,59.95014572143555,3.8666229248046875,1.0],[7.9863433837890625,75.13383483886719,4.281898498535156,1.0],[3.6793479919433594,139.51263427734375,6.929679870605469,1.0],[-9.974666595458984,212.0623321533203,8.607315063476563,1.0],[-23.554210662841797,220.3588104248047,10.071853637695313,1.0]],"Prototype_GameObject":"Prototype_RedString\u0000","Radius":0.15000000596046448,"Transform":{"WorldMatrix":[-0.28923267126083374,1.8365923324381583e-06,0.9572563767433167,0.0,2.714023139560595e-07,1.0,-1.8365967662248295e-06,0.0,-0.9572563767433167,-2.714016602567426e-07,-0.28923267126083374,0.0,58.593746185302734,-88.445556640625,79.7710952758789,1.0]}}