{"CurveSmooth":100.0,"ObjectTag":"","Points":[[-52.891265869140625,1.9291474018245935e-06,-0.00176239013671875,1.0],[-19.971721649169922,19.031688690185547,1.0574760437011719,1.0],[0.2584800720214844,45.913177490234375,0.5408592224121094,1.0],[4.2423858642578125,59.950172424316406,1.6889190673828125,1.0],[8.394412994384766,91.40995788574219,4.588714599609375,1.0],[3.6748619079589844,139.51263427734375,6.918071746826172,1.0],[-9.974666595458984,212.0623321533203,8.607315063476563,1.0],[-23.554210662841797,220.3588104248047,10.071853637695313,1.0]],"Prototype_GameObject":"Prototype_RedString\u0000","Radius":0.15000000596046448,"Transform":{"WorldMatrix":[-0.7972432971000671,5.062398486188613e-06,0.6036531925201416,0.0,2.5167428248096257e-06,1.0,-5.062413492851192e-06,0.0,-0.6036531925201416,-2.516735321478336e-06,-0.7972432971000671,0.0,58.63629913330078,-88.445556640625,81.06632995605469,1.0]}}