{"ControlledRigidBody":{"ColliderType":1,"contactOffset":0.10000000149011612,"density":100.0,"height":1.0,"maxJumpHeight":3.0,"pushPower":100.0,"radius":1.0,"slopeLimitDegree":45.0,"stepOffset":0.10000000149011612},"ObjectTag":"","Prototype_GameObject":"Monster_em700\u0000","Transform":{"WorldMatrix":[-0.9562778472900391,-1.7403547190042445e-06,-0.2924564778804779,0.0,-1.2876762411906384e-06,1.0,-1.7403564243068104e-06,0.0,0.29245442152023315,-1.2876660093752434e-06,-0.9562711715698242,0.0,10.924437522888184,0.9999995231628418,-3.36541748046875,1.0]}}