{
    "Color": [
        0.8434184789657593,
        0.25812098383903503,
        0.9734848737716675,
        1.0
    ],
    "Life": 0.20000000298023224,
    "Pass": 4,
    "SegmentSize": 0.10000000149011612,
    "Texture": "..\\Bin\\Resources\\Texture\\VFX\\T_ef_one_lin_033.png",
    "Width": 0.699999988079071
}