{
	"ShaderParams": {
		"Floats": [
			1.0,
			0.0,
			0.0,
			0.0
		],
		"Float2s": [],
		"Pass": 2,
		"Float4x4s": [],
		"Float4s": [
			[
				0.49440914392471313,
				0.21221038699150085,
				0.21221038699150085,
				1.0
			],
			[
				0.6674338579177856,
				0.0,
				0.0,
				0.0
			]
		],
		"Ints": [],
		"Textures": [
			"../Bin/Resources/Texture/MaterialTexture/AnimationModelTextures/T_cm_Fil_White.png"
		]
	},
	"ShaderProtoTag": "Prototype_Component_Shader_VtxToonAnimModel"
}