{"RigidBody":{"ColliderType":8,"Density":10.0,"OriginTransform":[4.988200664520264,-0.3433302342891693,0.0,0.0,0.3433302342891693,4.988200664520264,0.0,0.0,0.0,0.0,5.0,0.0,-2.2376902103424072,-0.890031099319458,0.17359447479248047,1.0],"ShapeType":1,"bKinematic":true,"bTrigger":false}}