{"RigidBody":{"ColliderType":8,"Density":10.0,"OriginTransform":[5.0,0.0,0.0,0.0,0.0,5.0,0.0,0.0,0.0,0.0,5.0,0.0,0.18045759201049805,1.3893234729766846,0.32481902837753296,1.0],"ShapeType":1,"bKinematic":true,"bTrigger":false}}