{"RigidBody":{"ColliderType":8,"Density":10.0,"OriginTransform":[3.990557909011841,-0.27466461062431335,0.0,0.0,0.27466461062431335,3.990557909011841,0.0,0.0,0.0,0.0,4.0,0.0,-2.2376902103424072,-0.890031099319458,0.17359447479248047,1.0],"ShapeType":1,"bKinematic":true,"bTrigger":false}}