{"ControlledRigidBody":{"ColliderType":1,"contactOffset":0.10000000149011612,"density":100.0,"height":0.10000000149011612,"maxJumpHeight":3.0,"pushPower":200.0,"radius":2.700000047683716,"slopeLimitDegree":45.0,"stepOffset":0.10000000149011612},"ObjectTag":"","Prototype_GameObject":"Monster_em1200\u0000","RigidBody":{"ColliderType":8,"Density":10.0,"OriginTransform":[1.0,0.0,0.0,0.0,0.0,1.0,0.0,0.0,0.0,0.0,1.0,0.0,0.0,0.0,0.0,1.0],"ShapeType":1,"bKinematic":true,"bTrigger":false},"Transform":{"WorldMatrix":[-0.7623968720436096,-1.3875057902623666e-06,-0.6471097469329834,0.0,-6.422341130019049e-07,1.0,-1.3875057902623666e-06,0.0,0.6471097469329834,-6.422341130019049e-07,-0.7623968720436096,0.0,3.262850522994995,4.358600449450023e-07,2.9368093013763428,1.0]}}