{"RigidBody":{"ColliderType":8,"Density":10.0,"OriginTransform":[3.990557909011841,-0.27466461062431335,0.0,0.0,0.27466461062431335,3.990557909011841,0.0,0.0,0.0,0.0,4.0,0.0,-2.0910613536834717,-1.6519396305084229,0.06011849641799927,1.0],"ShapeType":0,"bKinematic":true,"bTrigger":false}}