{"RigidBody":{"ColliderType":9,"Density":10.0,"OriginTransform":[3.5,0.0,0.0,0.0,0.0,4.0,0.0,0.0,0.0,0.0,9.0,0.0,-0.12221407890319824,1.8328158855438232,0.805566668510437,1.0],"ShapeType":0,"bKinematic":true,"bTrigger":false}}