{
    "RigidBody": {
        "ColliderType": 8,
        "Density": 10.0,
        "OriginTransform": [
            4.0,
            0.0,
            0.0,
            0.0,
            0.0,
            3.0,
            0.0,
            0.0,
            0.0,
            0.0,
            2.0,
            0.0,
            -2.0910613536834717,
            -1.3971805572509766,
            0.06011849641799927,
            1.0
        ],
        "ShapeType": 1,
        "bKinematic": true,
        "bTrigger": false
    }
}