{
    "RigidBody": {
        "ColliderType": 8,
        "Density": 10.0,
        "OriginTransform": [
            3.0,
            0.0,
            0.0,
            0.0,
            0.0,
            3.0,
            0.0,
            0.0,
            0.0,
            0.0,
            1.0,
            0.0,
            0.18045759201049805,
            1.0,
            0.32481902837753296,
            1.0
        ],
        "ShapeType": 1,
        "bKinematic": true,
        "bTrigger": false
    }
}